Draw,Baby / Feminine / Family volume,Beauty organic sales,Beauty volume,Beauty pricing,Fabric & Home volume,Health Care pricing
1,-0.7512290717707424,3.9394325909018573,6.250803093559741,3.03050194692438,-1.766970089573121,1.2501706437072309
2,-4.422319608610959,-0.6461738975889655,7.977807873231386,3.596713924195661,-0.5757488288674854,1.961941704125479
3,1.851761673658106,5.238340364926536,5.701006176252434,3.4806780653184015,-2.2390979972767453,3.7696920413547845
4,0.7992513361044633,3.920357872180235,6.768948253787258,4.60691488526702,-0.34614063826686936,2.9231453190696035
5,-3.177769424608049,1.973979475778004,6.067460976469773,3.384975583704482,-1.3859305464480889,1.533036395238618
6,0.042018667610135285,2.0803616557530527,5.98561669826916,3.3560074361399472,-1.8766985200093969,1.8285574251886996
7,-0.22773379663481919,0.37826072346314943,6.01362777137205,1.873927487800115,-2.7406461124410253,1.1317683177655917
8,1.0299939120325736,3.4175276099455463,6.359117830473821,2.578757212943092,-1.4153630835129793,1.8269869286174967
9,2.7297905403655225,2.431198974647827,4.255819127162419,2.9130447271821582,0.9890565106103485,1.9412621573838122
10,-0.13444569765593428,0.07685588955388534,5.2109516159279625,2.2825075665682317,-1.9287520454262401,1.7263157941880014
11,-1.7412157166061673,6.07571574303286,6.058219533180553,4.212725924142132,-0.45052962058510826,2.7407484268218463
12,1.258261280412114,-1.1125181444228005,6.338828742009082,2.0999655850117596,-0.3737980792392773,3.799341648918377
13,-3.200910782436416,2.450880328621145,5.828642811481606,3.5069131197274857,1.5752099410060394,2.7090594259283733
14,-1.9872094844483932,-1.1436626262445104,2.9754876503337493,2.182100976955777,0.1641701390724427,1.6252164414159986
15,3.40401558031028,2.6601835167629693,5.040701528805026,3.58163378973068,-1.1735154846048816,3.3660988041455404
16,5.434228134954751,5.1997721614130965,4.898241061859041,3.379576492278587,-1.0965126439917798,4.534711015749631
17,-1.765514309641462,0.05594357843358466,5.073320872210435,3.860477099823533,0.8744319981372951,2.668114678397414
18,-1.4999189426460742,-3.8855339636325095,3.195194435103006,2.7757956464063613,1.9546861112591203,2.5654130191780498
19,-0.6826353818456491,6.087472239778689,6.057736242843213,1.1418459085393406,0.24677711377074008,0.8512139385768349
20,-3.797123432277613,4.457300126998652,5.341001727540999,3.213605025538032,-1.0258949753430435,0.779233949804272
21,-4.4048462425723836,3.8225701535907994,7.031865729199939,4.2881520598904315,-3.259460713308126,1.9247045422252174
22,-1.679621157665128,-1.7399543621240996,6.14473642323579,2.7039023054027203,-2.738067659710361,1.6345276277606247
23,4.086757691852854,1.3839501740973863,12.552308405225535,3.4041169800992206,-5.529864354056013,2.0175619754220584
24,5.341853528164944,4.525389390663193,6.465155372809072,4.87333136975653,-3.550388919951446,1.7327838362468764
25,-1.534353028441366,0.10288891178128878,6.1366144922837895,3.6827850205987467,0.382626497307088,2.361437826306165
26,-0.3186692468220913,2.9624740772542797,6.348177458347354,2.7707151283030917,-0.4947712855802238,1.7474064319593263
27,-8.681863459511492,-3.924603875755923,5.226306570571555,3.360803584739363,0.5634366855703806,2.190159186676306
28,-2.668701418598989,0.5523723615736578,5.930597531073398,3.1350522863981842,-0.9255883920284523,1.7957336215170765
29,-0.3983892392132553,-3.734014845071785,8.043266039670845,0.9681922612417591,-1.0235277165449106,1.8086089543939605
30,-3.1664769975920892,1.5856483213573478,5.78630704836365,2.9680994171479727,-1.6972432175970233,1.8835466558176088
31,2.382300955899284,2.583076609093041,6.937258374856105,2.970755520009008,-0.019665060229037246,2.4759035082245706
32,1.6947873973497436,1.5552315831993204,5.374550463159543,3.8781312259561314,-0.7862584807393499,2.6560093571259418
33,-0.08755634496650999,0.6880262953282501,5.313359304923136,2.6717966679412313,-0.2331240354968469,1.4356574230078516
34,5.840661423764361,7.984729171980567,9.353957766552092,4.870574330485848,-4.157667204814098,3.6276990065177657
35,2.7418880362620506,6.387557953351727,7.352371365772649,5.903788458889129,-3.457192938763529,1.1170791930280333
36,-1.060549517416854,2.125502833982476,6.243963516739589,3.3409850597301354,0.2529586935028635,2.854401304560878
37,-2.202543745499927,-2.5687821282342,6.640105405949328,3.0426609293304425,-1.551041971548102,3.629494005624565
38,1.1218149052172643,1.321347321645658,4.5575455849212565,3.1783136135341588,0.029428307836237844,2.0534832429815246
39,7.272881533285604,11.754114360124927,5.755217621794638,1.55886693205451,1.1977497694875692,3.6249287752705213
40,-4.247504948689162,6.820944278834724,9.986366775865998,5.511038535631515,-2.4235661872445617,4.344448305728305
41,7.2107753795668295,0.8733364362169844,5.469266750292098,7.290429486514445,2.448085887294241,1.587948058909923
42,-6.687999134124067,7.200320335417884,3.837493882544779,2.7725737979408347,0.272779269458464,1.1681508616132126
43,0.8975663020537645,1.2025518723081579,7.013427494350158,4.635734609610653,-2.7330737954624027,3.95652959873902
44,2.677815445637745,-1.0496288709425619,3.8276520541343606,-0.3925516026821896,-2.265937456865734,2.489810650929606
45,-3.84651252286198,-1.8162713632253018,4.194042930493348,2.4495759836537636,0.43525089236433734,1.7138346550149648
46,4.711315922961265,5.754492268852739,3.489581902260257,4.311850818820463,-0.1992016991296277,2.6704980179745785
47,-3.1313936948777243,5.180796782975923,7.000434979462824,3.6267751057493838,-1.5226179179679185,1.504462034730775
48,1.7382184378154206,1.9426006599149013,4.788574686532753,2.6937492754586794,-1.6720241833402936,2.1439354710051517
49,-0.8552488575561569,0.5442083136845364,3.0388932794846752,2.5462051236260894,-2.23315776600976,1.6988587030854085
50,-2.1452115376572065,-0.16678011237613788,3.826457700354235,1.4311992644219687,-2.876043986845298,1.4337125689106278
51,-2.0156814816923134,-1.1599656311064424,3.797394253456661,2.2478011955618955,0.7414461264192204,1.078534399096531
52,5.18655755763925,5.6622195832410185,8.354554675299953,3.626024458540726,2.006189177125737,4.13168651015494
53,0.6211525713938899,-2.9897674480351846,6.238597049639303,3.034819424846817,0.11606796883697956,3.0512986172375136
54,-2.27444946805788,0.014599925679412262,5.211864472085806,3.4496199774713507,-1.7250212801794116,1.5348520816985696
55,-2.397560166773344,1.8157668301984826,5.770270742233414,3.233934801592727,-0.9048092853664704,1.8970488549125997
56,3.157842843369501,2.975843497129099,4.786394284495711,2.656368717909559,1.1557715653686507,1.7648625790003134
57,1.9440404527378705,-0.7609892740207718,6.94369261945552,3.824383079192244,-2.6889210242788826,3.239200964298574
58,1.5250470167538612,5.791628649211496,6.387163511889353,3.569463211133933,-1.7598413832123678,2.4783335908461597
59,-2.8568923535903217,-2.4793936447768417,5.461136081661175,2.99986816952772,0.44793567860724803,1.5441149228049413
60,-2.7590610034989416,4.998341136024418,7.1011671482182575,2.818890454687357,-4.091964830852759,1.890386534900011
61,6.271045979942737,12.728121337594885,8.971593527839559,4.158817246080034,4.2029924605848255,2.7254762779781476
62,-3.9100115722172477,6.642812650569756,6.576091534718595,2.851077735651047,2.187982823843718,0.31258305664879904
63,0.8136590425595034,0.5278643661045903,5.064833762967164,2.3376270897597524,-0.7091417692075805,2.3101401951635268
64,1.4921535821752663,4.483347008319563,7.635932037781723,4.271807471156931,1.7023706323874501,2.6236564210186826
65,0.37883438145131265,-1.7776575690607732,4.262948537881467,2.983489826180819,-0.1959127768918707,3.211036706714179
66,1.5662962503615745,3.305781997728006,6.597257892933469,3.8783943491391706,-2.4459632988464635,1.6937292489869966
67,3.1856587260327878,2.023982806504491,4.575333985601679,2.4211199753978976,0.4379322762322636,1.8025265053755712
68,-2.151907985592576,-0.5270743433730796,7.924511497341614,2.63677401859602,-3.1987052659769803,1.5239633978072606
69,-2.487157684327183,3.849519536054862,7.635091714008441,3.565422825069711,-2.194351681659725,2.3242273308121337
70,-0.7414295117039618,1.064275949633,5.362437048676907,3.5869970465723933,0.33009392641114454,2.4584465317049684
71,0.8415904927824474,4.341073226983732,6.025486189591046,3.7652899332595946,-2.8479271709956735,3.1313945184431056
72,0.0067311556363005565,3.5307562077942025,7.450491137542963,2.3066915302275124,-1.9598193127882988,1.124109204669191
73,-0.4102770311728021,0.5603523727862587,4.96909488297788,2.9518687812430704,-0.16481264425910835,1.9081314775306804
74,1.9467499628847937,2.8729397944692883,6.602372995328551,2.8784086926357846,0.032544565165305905,3.4207861074538446
75,0.5777298842911733,3.0064363770923164,5.800525342122038,3.6427405489456413,-1.204768858095886,3.522689296788247
76,-3.907586323639585,-1.573187458883833,6.331166584288081,2.7701716921402877,-0.4708841332436936,2.400184109397677
77,0.9050449281201303,1.8295844795217895,4.467048954119071,3.001308356446592,-0.7346207287774322,2.314106169089049
78,2.129902980139653,0.15656797551344281,5.882044860778631,2.8798919370481957,-0.5428950555986481,4.321109596983514
79,-4.691102758852639,2.9791380209737954,5.101168013400545,2.4074274821054424,-0.14222489791272463,3.0835558279892057
80,-0.9206459958486259,-2.0744916260740727,6.702059181856056,5.0586944751875444,-1.6900180468391617,1.2987808993114698
81,3.381002096164437,1.86276113482515,7.081940048635836,2.4007956495128986,0.4983704134251813,2.682039510793701
82,-0.6063632391276332,4.38148821453297,6.797716739162291,3.0510815515657352,-0.6459888170688806,1.3502478244078646
83,-1.722606063133743,2.826942720267894,4.973064277506361,2.5061743607339,0.5689226889093405,1.955006172538984
84,1.7899822404326522,-1.7967888875640705,3.1574472096844817,4.425800821310519,0.9506585591132032,3.795872086815134
85,10.338211657401983,0.030025355786639008,1.9204039552656056,2.2973266583407566,0.6966832044666479,3.6638596772887357
86,-3.207866666278051,1.540419441664047,5.632399501901993,3.7165427267087776,-0.9987756956085949,1.7019801379662858
87,-7.841579843348093,4.945039169957534,6.671831246764656,2.1878750929327535,-0.3412195818604441,1.150131800807378
88,1.5229326799360954,1.3616407165709559,5.669397356755746,2.938531252043413,-0.6544230607798267,3.200204375401714
89,-1.6411131704036137,4.987257543201734,4.553268285496363,1.1192065157350646,-0.6430482049731738,-0.15994951218614029
90,-6.669404941379658,3.598814969022647,6.045384373881805,3.221820346594189,-1.1209123096676072,2.732069233416339
91,3.976100183059068,4.558420958154056,6.09089071031663,5.028580672914156,-3.475269063965181,5.007993366575978
92,-7.285995600695153,0.43778963469360566,4.381880077075891,3.7407828933764504,-2.68561239386719,2.2812145959376795
93,-2.7460414425735657,3.4308154062778806,5.4779066226632755,1.8841600728251304,-2.627267049746884,2.1910162725902422
94,-2.1943022402881036,5.6299828209534635,9.304297854014917,1.9198487452056732,-1.82062381641873,1.2209767473829807
95,2.4261551309959266,0.6165809255398491,4.0694937497324295,2.81832375584773,-0.14163629200922534,3.267400463245161
96,-4.339212966643322,5.03578029068654,8.745623110709378,2.95072114542703,-4.127972318429589,1.1238833753130453
97,-4.211579020131714,3.2656759364165966,6.16535731856548,2.613336497485815,-0.9847398100695717,1.6810983565378146
98,0.12496400736466184,3.3279456207337343,5.1020882598275605,3.1040275975491163,-2.0489306022395266,1.3983599589692486
99,0.26909800793972316,-0.1362367548788317,4.401281364876948,2.386390568975199,0.33794672079696186,2.831647942385138
100,-0.6035425897435296,8.952403724546212,7.8690611671475,4.305391556568562,-5.339549042832395,2.653664322997907
101,-1.134010820834642,3.234489039105657,4.610890990302552,2.280556493527425,-0.46259453346746743,1.8286176340664362
102,-0.5286792025083007,0.7247311352493018,3.9904171123195136,4.497584963226266,-1.5328575828067665,3.870503553581928
103,-6.1407554324703035,-0.19764737379644215,6.933519773463821,1.3746260909952537,-0.9907215556577591,-0.844655228017829
104,-0.8060724298352777,2.583543252510415,7.4380725923344695,2.7709907377072,-2.7380540554031243,1.836809487561855
105,-0.1417251521452425,5.313901218991694,6.093485626585302,3.1335537755421274,-2.82279867485675,1.4257733388812261
106,-0.5151643069254919,2.4909900422992353,6.080715794466093,4.279194357393552,-1.8829760369663862,1.9756295247946007
107,2.923015703997641,-1.0562606225073914,6.0006814941441124,4.473723309664063,0.6806241428149654,4.9019845988223345
108,-0.9138654621975617,3.1184025043999406,5.53756635465252,3.6849242465479444,-2.0472137618437807,2.0279107646786616
109,-4.360977503963156,2.6285319160516067,4.8120024229933405,2.4749614894981184,-0.24699659108725813,1.6242726592206997
110,-3.548945798954861,5.0563994637230065,8.539662898260516,2.9864257949502715,-3.3959917753623463,2.0484309709550295
111,-2.91285628695651,4.326943962985373,7.233842787210323,4.158787339599258,-1.546884938981559,1.2864674248155417
112,1.3357789411944059,0.33866703501334383,6.084752291028519,3.518790684662825,-2.386006355995044,3.0069237651973433
113,-0.7318839705385991,2.4001752115179182,6.210621365812066,2.7818553640006263,-0.00028252716434096214,2.2543830027150933
114,2.7867708575672188,4.503925912755559,6.302053958567592,2.316942189456041,2.5770466774427274,2.890905607145124
115,-1.370500264727542,5.683046306291928,10.777111826929634,4.069331835970563,0.7637092963233668,1.2282278624139351
116,0.1843296591316732,5.268225149971016,6.01045621609002,2.779066536684757,-1.8362453690138851,1.9783939924114913
117,0.8233960370961024,0.22556180427804184,5.911955293804139,1.5686309384019754,-0.8871413142437459,2.549420430167757
118,-5.260999582963784,2.1375360818977107,7.541757555679654,3.7342196617398695,-1.646882423493988,3.368007510131143
119,-0.938016199248779,1.9578468994148055,6.030432864364334,3.1903644491732974,-0.33481108243745894,1.6068104913808645
120,-0.2506971845764787,3.8166033326673583,7.7919444897822165,3.4974295055451354,-2.6009767530469055,3.718910101308685
121,1.7474747367739476,3.8289487000731532,5.450379952615501,4.4147597907080165,-3.9350444006983873,2.9961303860740864
122,3.1332453324151004,-4.165975391754668,5.910812749542417,3.2898529420283484,-0.7944533646384263,2.3985827474372226
123,2.176504123784813,0.3197779056934551,6.574060273533954,4.01667688835043,-1.6526852863305816,2.8484935943306295
124,-4.645684148074392,3.6942950299707933,8.660340002646247,3.5100719217668477,-1.0517900182739481,1.526812319031166
125,-4.063618740669653,3.2845611378194457,6.690103395202939,3.3653587736258563,-3.367928328101343,2.5310893588606773
126,-1.5853634681021613,1.2768053407601458,5.680425530003701,3.3013248271604407,-1.0849256270936856,1.7060368480101742
127,3.8106443820549893,3.575205123681158,4.79961099653906,3.5112706436730616,-2.4812022358841337,1.6814390923711693
128,-1.1451541507712881,-1.8960671157589664,3.462128704899784,1.385923218445503,2.0883456793431714,2.672652146542526
129,-6.366065315825074,9.131246082807262,7.520959130389029,2.640427153531287,-0.5107549466202457,0.8697473001173803
130,0.9073973425839355,4.0054227578828066,6.872876019825764,2.434695988283158,-4.178788869668641,2.455731155711469
131,-1.913309229614816,-1.4296687753257986,4.400751256286929,2.6221676149145825,-2.3749539720286887,1.7457172267178314
132,1.7345872484598588,2.3489386224663984,2.670416730793585,3.2226379171353448,0.10734907637854152,2.13276258614579
133,0.12895652141338498,1.5687934591271833,6.386427443435437,4.016027544921586,-1.8712926979064597,2.4715990574366504
134,3.338188092506341,5.492999468418347,5.738402013988251,4.199667095516052,-1.1998339868722867,2.7488752149753486
135,-2.6356508504350598,5.0929337587165335,5.080524650657223,3.3683804904257086,0.7462233964043364,0.7517652041124747
136,-3.271771648970766,-1.817102309291844,4.5106634753213175,1.8142522058990442,-1.295433174988332,0.8595230403528096
137,3.3208028668699594,2.2176043001599774,6.116869919766158,3.773951163655777,-0.0348295083910215,3.008682347900891
138,5.683479168000498,2.059295924608378,5.2028003021924665,3.4806465445803663,-1.3303886685917052,2.921246274817842
139,-6.8934089368025155,0.02806835096435778,4.446632979572463,2.7370132696357867,2.172524833308906,-0.44316449513681944
140,-0.5852124317385223,3.0640756509005014,7.424567688491274,3.1979256336344917,-1.2297965966869602,1.6283587936233834
141,-5.430898922059031,1.6955437080531905,5.1195202866323015,1.4585992577310836,-2.1110102429335975,1.3149295027754777
142,0.3383190164040011,3.272862966394272,6.516358050033236,3.4726891719142206,-1.0757969755819072,2.4057532187910113
143,-1.7450213525248193,1.5574320929708154,6.628402151672438,2.488903660875335,-1.8224045961289632,1.9411089073656023
144,-0.46008787163385123,1.9858085020878486,5.320640399048946,3.316432795603758,-0.9061297249957785,2.6445677864175208
145,-0.8774979317175664,0.506379468584865,8.28115097943057,0.7982820644679762,-0.6071130065138646,0.7878783025880653
146,0.7491389513392965,2.1723197560754706,3.4952325580513324,1.1151176233277695,2.5280804598476814,0.9081311299432955
147,-1.807149881854896,2.9060431255710526,6.164929838126672,3.3839957092038344,-1.4129626383632565,0.5990483868116776
148,-2.5797762659668426,-4.824352531554575,3.34868390354123,1.87080745061562,1.0013652697562119,1.6006216814536087
149,-3.8906542202379675,2.1819922380472336,7.481954348615016,2.434113784934481,-1.9822277564513189,0.23639524798583533
150,1.0901508146480574,2.4188793979217635,3.887932897657432,2.2530294773397372,0.4396132662382325,2.0747926243845156
151,-0.8948244391309548,0.8260594998767985,4.602222694922106,3.656409600140076,-0.3459073329584912,2.408463392568066
152,3.1785711141959183,1.4406334380824402,3.8155986128843753,3.229339980279309,0.5256982883716462,1.9755919412596943
153,-2.105503031478161,2.0545979418258113,4.969890730118921,3.02564476595579,-1.6338614866050254,2.2726840934324666
154,-0.7313285046791065,2.7572539706221373,6.390287774907304,2.130756655295226,-0.10280912649976637,1.2491887709070097
155,-3.8790101256932084,3.600101976948907,6.988750496581929,3.8759025995114373,-2.32397525661214,2.595792262836896
156,0.8984815015425278,0.25630285077906967,7.122735003211753,2.6436409068601727,-0.9280180853172653,1.8815328781009952
157,-3.5664255184313287,-2.94684485003258,6.722429513930052,2.5960012192430044,0.2516238915106114,2.1219167232559855
158,-0.23916343797068085,-0.19563347770928896,7.131957123079296,2.2775029421711137,-2.1987253238670275,2.18023319730593
159,1.7262027653458336,-0.8938161314971635,4.05730325640763,2.8339123626262657,0.9960606169665215,2.4579814409657748
160,2.9717948224863173,5.942704837130583,4.682104343069189,0.9285499456400643,0.03608839331013902,2.9685063884324547
161,-6.039955219757799,4.918902709991573,7.590184044250576,0.8815333269107279,-0.6999248787020257,-0.44791793796346235
162,6.571631851972967,2.7797692065356494,6.078582920270944,3.5385332707305737,-2.021336748065109,3.82096524131011
163,-0.0312653766383677,2.691078585206264,5.496378029681441,3.028432258609491,-2.1040482843653847,2.0718312734879656
164,-2.4052842022989727,3.122691919137451,5.132993552092725,2.6534747126576987,-0.585193319002479,0.32808513568881326
165,1.6741261748400986,1.8397964534461884,5.589802740661431,3.8214481779173557,-1.0101299410921272,1.385953480354725
166,1.143206991506296,3.8637422393820193,3.899761047157033,3.8633372047653536,-1.9587456966383798,2.459803470411097
167,-0.408422759213674,3.4481586060058538,6.1650585150540795,3.4022185808307945,0.61086414757166,2.134754044412727
168,-1.2111560617240447,5.817965890958431,5.2799805842961405,4.406924032341678,-1.8327114213964681,2.908139655284321
169,3.5832616707772535,5.58510010448188,8.520891987090797,2.9191828311238956,-5.174383009609416,2.1389144844188097
170,-2.4083319106946615,0.7351361411358308,4.128431232332472,2.3453699790806946,-0.7806190149428667,1.4297851977566385
171,-3.0112370008331544,0.4952439626477747,5.60321659065185,2.5307915565854526,0.2829562713921855,2.0327525167054326
172,-0.393927285124956,3.8676600065642734,8.157370034488308,2.410115994793096,-2.9507846973622995,3.4829293637123344
173,-2.64734437183149,2.6242528235187543,9.520092471957303,2.0679323527597213,-3.0307016545145338,2.545970676008144
174,-2.018962170882413,2.2834742848164,5.4283889476587275,1.2821257297305273,1.3008691117477031,0.5757235852365659
175,-0.156661754158824,3.607319606689124,6.331593596246449,3.2616817833398075,-0.6263084671506055,2.0616012048033125
176,-6.0500437461230865,-1.8756954048536043,5.344154246588413,3.6348664375814774,2.178443774599202,3.0003175298963134
177,2.2558002928739818,4.421789177778212,5.427853833391174,4.040089516027257,-1.9111197938069984,2.2749244352632942
178,8.274950096108029,6.03889800793425,5.165512790536156,3.1852450752320403,-3.460007102709005,2.729159222257687
179,-0.09047057450832696,4.996294773691172,7.341848238069456,3.3875933248801133,-3.425661794457382,2.6638787128604355
180,-5.957390731350039,6.003507221989381,3.270066019452014,4.998326424884202,-3.7446667935104827,2.808273264346772
181,-2.3829208926847603,-0.7848435211789386,5.217553779668945,3.417378786876098,-0.5281125686238126,1.8171996532443064
182,-0.4303270761583211,5.581247630081952,5.1820418302844935,5.04274699971882,-2.9748901457556065,2.443046030953625
183,-2.9786934169572845,3.7419832375001696,7.317605142342403,4.569134940531133,-0.3939458603827486,2.3490174474753687
184,4.456142908514935,4.963135137913643,6.229405109385228,3.266149159261869,-1.73629485527708,2.498605009457402
185,-2.538053130278684,3.7375457395463,7.121885083560127,3.067397133673748,-1.3998451580544355,2.429099336389225
186,-3.9308790913022267,0.593894415082004,6.011719405408517,3.5255894269781094,0.3897316106121641,0.5993025458404793
187,-3.409361074338617,4.880290733761468,7.2645361796270915,2.5753468727989945,-2.359184695017714,1.4920877455217347
188,3.0011186093238873,0.6397223038819728,3.1629005431981683,3.03364302316926,2.001598695212008,2.4662627762819014
189,1.3627235166217697,-3.00185591988685,6.235431452415408,2.5065969443202842,1.7562290158580365,3.317233814814341
190,-1.230354877724288,-0.3697768235245893,4.869525082951393,2.9109588109685003,0.6227632744318109,2.827270909556991
191,1.1908754440967813,1.710358517327331,3.2871795033412976,0.8339934850379116,0.6636684986743119,1.6819354911132987
192,2.34003421703084,2.749681179679141,3.9362209247306,3.1225276132961017,0.6639162934242563,1.265869795437169
193,-2.857031901400353,5.083693039516842,7.474091829039034,2.957626396390491,-3.9755063242922994,1.9673715408645278
194,-1.6316130311483252,4.726310987365026,8.126876638891357,3.2594132285225035,-2.4693544839827215,3.03247817160147
195,-3.5313764233643195,-0.8537165010755805,6.643216892138398,3.7863582478717177,-0.41912906296410346,2.7170161515621487
196,-1.3653150875869495,6.997000575354216,6.607633043620901,3.2608417525737377,-3.146802414042873,1.4305798722086385
197,-7.360756221799297,-2.5168215036317454,4.191427024948607,2.9871714582714253,-0.06191811633757949,2.0157220300107475
198,-3.822731616465004,3.638365335903748,9.761283379046995,4.724639577760438,-5.002288287016006,2.802319217690355
199,1.7422812606859113,1.5942579222521545,4.508690556077549,3.0111714133951235,1.4426621588339414,2.1858234903545664
200,-4.785514999510337,10.206673191707852,5.509549535521927,0.17318295963552366,-1.4952515905126396,1.2030448438163666
201,-1.6552040836697366,-1.1399777526210073,5.003212585626601,3.223936567971424,-1.441789898040682,1.2921045470841892
202,0.653386295187671,4.2724735571746395,8.111417656331167,2.935417860136109,-1.2456753800400358,2.0367406494103992
203,1.2434764351829228,5.7871548074175365,9.108698928365625,3.085604150788396,-3.857957783685424,1.5009618657290797
204,-0.15428193791954925,-1.3514068982004304,5.5743106625526435,2.7904613057358802,-0.3136360574113749,1.4197453774762292
205,-3.9461645444442923,-1.3572404018316115,4.927153819017061,3.4047436650208653,0.07667274563380821,1.5395358979373919
206,1.7876233995567787,-1.4612927159334932,4.06707359891295,1.4008354754513719,1.18324824321643,1.253225368298184
207,0.8567846713266261,5.941348094387733,2.436264877723729,6.4361396188059485,1.479544733321422,1.9056522896277361
208,-0.8785920050942696,2.486796657033805,6.153489579098979,2.6201004880091303,1.1176077262659052,2.000127822714427
209,0.1931804169666218,1.6063596832107838,5.3738316645658655,3.1426392481499597,0.2202529993517629,1.8996279104237161
210,1.713518593718868,-1.0742267564859729,5.381812324051213,3.564422659523166,-2.4561176732950343,4.246568229035985
211,-2.9692458034482265,1.4099031490085128,6.183336416772014,3.0053386181693917,0.5253350787491066,1.6284408404805617
212,-1.7135810641903235,3.958001636201307,6.941654688122027,3.584478474969468,-0.17268568817077223,1.6260344031920426
213,2.543821576845324,2.3312561480596763,2.3815284282818663,5.512374952072971,-2.6307686385162055,4.423142185795468
214,2.5321699734071395,3.347276585380101,4.227720391179136,4.408483449824886,1.1678865510459957,3.1006530436045505
215,-0.938084795942582,-0.02732216494528439,5.332868782245378,1.982384939434544,-0.6948563015394207,1.4759167911934736
216,-2.764807484840231,5.515575652219665,7.345106676758453,3.9250082000023307,-4.48428274416541,1.2484093048634755
217,0.921964162774533,1.1712374916443933,5.102709430566249,2.8896133715187933,-0.35381231716121375,2.595368408987873
218,0.3107845676268264,2.355095790713174,5.234681613710189,2.96382128571764,-0.26942987436103905,2.3424116514514033
219,-1.6724246566522725,2.609820513773058,5.640506916394441,4.195582689940595,-3.2978449796786156,2.383213799726445
220,0.7462989421022606,6.8018680957507565,6.382271737890765,3.823658913830436,-2.558755075156175,2.925153503596209
221,-2.3867401861595168,6.878880521834443,6.4718240000026785,3.0396542542160794,-2.4750981998462342,1.7325889803831909
222,-1.4213469984492266,1.9290555078800409,5.142137781209229,2.5187315580970004,1.1386256892200666,1.9963388924144123
223,0.09592436153611317,2.0361830040989566,5.620853478152892,2.668185719062193,-0.6423971595177217,2.3228454880933884
224,-1.9597331094157846,8.375683241178995,7.117255619027604,3.919940597543917,-5.919882353174773,3.2641219698951964
225,-1.9888138306836207,-4.240757100701801,0.6225362092905744,0.13591140220054143,7.744714963686007,0.36171954469854484
226,-1.0230882884293564,0.062007314971089134,4.329448475171445,2.7295887126961857,0.2624801809957803,2.433938638298402
227,7.518475039869507,-3.1721245821573705,7.781828901516246,6.021412786711307,1.0016394696362232,3.189016217658164
228,-4.042867468682964,2.359587613802024,3.6936869379675215,2.0491275947893746,0.6958000214960164,2.338520736998609
229,2.119981632507,5.72818630997394,6.711798882241084,4.194373088882649,-0.3374812489164064,3.363497231048302
230,0.07165274071714034,1.297743969509142,4.917823227470689,2.5184156095325383,-0.5240466922814199,2.2613960858417017
231,2.772766361509584,3.583502479414049,3.9649478271762337,2.8680983231604893,0.45955070174421253,2.113228553854953
232,-3.6229958911518567,3.5692155603670614,4.590058055499043,3.662832793643622,-1.761137127852094,1.534905550669024
233,1.5608670012368506,-2.6538236325966356,3.4585559102643937,4.009545974226849,-0.42839473044909926,1.4948493787117896
234,-6.969574358941339,1.6455970738719283,6.694452289188513,1.8299544466920326,-0.9975448605412783,1.7325350863273368
235,-2.8933208544060505,1.1894196441318883,6.221911675788171,3.2886562527223084,-0.6609063107756489,1.3784537893625861
236,2.9130479219865633,0.5353361635825564,2.714598063424296,4.2012123453547865,2.195253378214897,2.5883882246109438
237,0.16909955658440157,5.582199788812899,6.5096384365458775,3.927363936748364,-0.5408259320388363,2.200438008179545
238,-2.8584931073128637,4.994612021422606,6.634202951248103,2.2932712932142634,-3.3618177992173184,1.901609792810246
239,-1.900596812742263,2.432423853787521,6.92168864905507,3.5928194228567607,0.9886161724371675,1.225219027799021
240,2.609782580246595,-8.870584292790166,0.7854363602812446,3.7487437271944715,5.799016467153436,2.0903238655462983
241,-2.982003678876433,3.4609449132794095,7.283687741449506,5.441662091515447,-2.2861627857391613,2.6864899032754437
242,-0.6405733099902033,2.88799649899771,5.627492453206339,3.277873322008566,-0.9439909459477397,2.2055171633394663
243,2.5406060627867806,0.9596779011388561,1.8026589716141541,3.0558013283898604,0.4509458429245975,3.611731407671627
244,0.738067412522728,-0.5550787129861421,5.640086872563744,3.066792634365682,-0.6280941623750722,2.7932813242438543
245,-2.7894391774646445,4.135257359134724,5.853137131588662,3.988286136776667,-2.0032145115552398,2.3765666092939073
246,-0.9770807536646213,1.016512624431761,6.954936459115981,4.086504844874011,-1.4183225187071122,2.6031434013269386
247,-2.079619985693038,0.8841781781081437,6.3704505381692815,2.5163591767820455,-1.6009129822586499,1.9536991332055735
248,-0.44294720435739876,3.0529711508527066,3.297890545816157,4.221029139745662,1.963688696608719,2.791292694673065
249,-0.0495102590658969,3.889610791237481,5.779511281867333,2.8266135200956732,0.2298862166011303,1.1251161965268413
250,2.9076076174306484,-1.7104722493830717,4.840276123894908,3.3810555800871054,-2.6691330902664165,4.066714016369256
251,-1.6175937168797758,2.7192522382568236,5.479748163856698,1.8794478727332269,-1.1305794752234424,0.5994676992102499
252,1.5010154670742106,1.8701588260117807,3.7149707838061627,3.4487429454996623,-0.9288550526787865,1.5927475857911317
253,-3.3078177424376602,-0.07226016383068679,7.014817146855345,3.8018410505654385,-2.4167197269915945,1.6736959217406255
254,-7.531723966251607,4.587070317857316,7.534017601301093,4.889142274492884,-0.20768923793782612,2.189468673589276
255,-8.547296405361184,-1.65330677127218,6.682815953225338,4.317981554245139,-4.090834873066826,2.3407139909447494
256,-2.8244092582134606,1.2588330097496838,4.736877230884708,4.084480673854629,-0.6517647233181852,1.3362811576070284
257,-3.1033186483146293,-2.609269879868693,3.7116560721598546,2.379032367270612,0.3243601777983861,0.6332768814771876
258,2.277398422856496,-0.20579138827439847,4.718377617300773,2.833505963680913,-0.189445248299547,2.5481424382563778
259,10.205740976675136,6.460487986829312,7.415162558574102,2.620578043811469,-2.395225107076351,5.057961612969478
260,-1.7082567349670104,2.201836238438846,7.149693643775917,3.0192488413991585,-1.8703829953108306,2.5615270149730667
261,1.1587036033076963,0.044916364124525376,3.614405051659675,1.573418187969276,4.751009576586471,2.7415985429488385
262,-3.118422660687614,4.205705712244949,5.687238912796788,3.4078493826516505,-0.8923927482481595,1.4103771978689652
263,-3.528058928911588,-3.2274587399959644,9.197169512496338,2.2646362520931462,-3.2852779348775005,0.4237156487681455
264,0.7485282821884089,1.3373110338615932,6.8319844418349245,2.1738946686560863,0.08760411100336662,1.950470743290281
265,0.2308897489220345,2.8741427911264803,4.892974741008543,3.311770971803536,-0.948176474747081,2.3593125390882497
266,4.390816391087834,3.9868449652306266,6.611746565154862,4.701415050520819,-4.691667646927149,3.2376145398393543
267,-1.7378294737384157,2.3646623954429207,7.011177773241862,3.4959276129625607,-1.466669252143869,2.2789573398755705
268,-1.3539132077815892,4.71789792427713,5.462076089313925,2.607775721680967,-0.7283454851024955,2.3624114167328147
269,3.3874145790551786,-1.2777397001271176,7.171452786903571,2.6490285325932645,0.46436244803146554,1.9579759033920232
270,-3.8684928329578825,4.756491831882322,5.64610356198199,4.2142876979522494,-0.5355086071602103,3.345459222360672
271,-1.6702281096673266,2.7345202401411113,5.384839815955777,2.8520003630401884,-0.763679442177841,2.574490115543231
272,-5.29852119823333,7.82053362811292,8.85072067122663,2.2544416730113657,-1.0684551229310277,0.17088753394162648
273,0.23154316589187074,2.8538051651846015,6.67602598133673,3.012493635490806,-2.1985880544973293,1.464120873531487
274,-0.8186145738533769,4.875223425358872,6.088205580332513,4.032665665043355,0.10049197549446742,1.9647483445981997
275,-1.0170617010528622,2.0826764030335676,7.212450160596346,2.7607620159445094,-2.86525345408155,2.2637131734550917
276,-3.0201849032993913,2.2877850794254178,5.2858618024602295,3.087552738509867,-2.483425689311979,1.4918691457761621
277,-2.2596062772137193,2.593211581103906,6.410872861316704,3.1380605502882326,-1.5497211565969726,2.8204551587075324
278,0.6537182576513652,4.46266017935094,6.849208475187033,3.9775879200573443,-1.2410316644157957,2.9452474180673063
279,5.480106613352419,2.512186060392546,-1.6756362131886418,0.7341851152543502,3.8151473920346812,1.788345583613749
280,-6.954696134638276,6.935567189775914,5.776940583068527,2.641455792401605,0.3950105668049203,0.04297097990376697
281,1.2692388133669055,5.234277097693319,6.068125510692363,4.045126667342636,-0.855234868193288,2.6236653229161737
282,0.6056347905491197,3.364296572906346,6.731126388629493,3.676235310750099,-2.452811367279301,2.74196417067519
283,-5.380131253450317,4.565943654381854,7.679056823289024,4.49419219638368,-2.7837739941121002,1.4104360137849747
284,-0.43486102899961954,2.4666063500915314,6.205303371586396,3.460482165843807,-0.27958963758166144,1.2920004934587639
285,-1.159889743672325,1.4427823431831344,4.065780063504756,3.088069410926613,-0.7575945942817004,2.4602970468131
286,-3.5759250484088674,-0.027689779378346824,4.926383819731058,2.2072210923981297,-0.2772539211484868,3.23963095434104
287,-0.5358307825280262,5.181062073891591,6.5021851201966445,3.8046020945307486,-2.001471978052622,2.2634561174607626
288,1.0308563007188418,-1.573890008687786,4.830062940556841,2.9196198523886183,-0.4787734044464316,2.5882553231254475
289,0.7290198305524291,2.700635131531582,6.781349763268937,3.105458806971722,-0.33366335726999985,2.6453294168509838
290,-1.4181347341352164,3.5886136903447925,6.393522470259141,3.6460004113270825,-3.1945360777606027,2.5534586474876346
291,-2.9139964332403596,6.426465025697773,6.142658640583596,3.3495874959800056,0.580328092698286,3.943750908774927
292,1.8627255573020625,-2.9957976491577307,4.1593354449351985,0.0629060831694801,1.0739105744533983,2.672890110701503
293,-0.03930519862315518,-0.05351833089633429,5.036028022378351,3.8254774004820775,0.0989494535228802,2.7463984156663295
294,1.0950801059314,2.0355345631359474,6.197810312746679,3.8027915637220766,-1.4458374346834255,3.1884662426945334
295,-1.5376047703089866,3.628792309161021,6.710345221352913,4.073892856011444,-0.8342013191300264,2.3365234336096457
296,-1.1879356857087173,3.3279613653037874,5.6399062337781025,3.4797109320604225,-1.9534314940440671,2.606570011059846
297,-1.5027197361753166,-0.21599917503805566,4.643269386307837,2.022274412189004,-0.23111957054387533,1.0581194461850174
298,-3.1285907552115093,6.660506055622955,7.496717280252368,2.925990599228328,-1.6662538013980996,1.3158328337786045
299,1.6511254880482733,1.9576147924578524,4.512538855127712,2.2465935526976057,-0.9522649659140395,2.298569224778662
300,-1.6664800062283605,4.7312625306051626,5.375286099747004,2.726648935362466,-1.3691656784329322,1.2850473264501094
301,-1.3360910558289223,7.735374356867915,8.48300422509885,3.8311573706759203,-2.4128229871709514,2.4051606320848578
302,-3.546291481546834,2.2006551210310508,7.650002067069192,3.2707850675599426,-0.4943929107095808,1.2993543507698686
303,-2.756067906852762,1.2206983916392788,6.385082852949619,2.962165105607837,-1.4565590602854006,1.6754164590479395
304,-0.7859685045756831,6.331475381199499,7.913628043823426,3.1360013826002517,-3.5482779818304047,2.6269023958378748
305,-3.9600861967677057,1.8945522034623712,10.35640774126656,3.9233037500222574,-2.3279902507703794,0.8023760767476762
306,0.05019587738926745,2.923571829470121,6.04059557627844,2.922453626860076,-0.8170305288324262,3.5016533804234564
307,0.6092215774684977,2.0930170113285778,5.15800233489385,3.363294071938912,0.16321065674695567,2.623429847818673
308,3.0579878936150013,-0.1657912270205002,5.188874386463052,3.0588052204672254,-0.8974996543338345,2.325570987168592
309,-6.245656908212362,4.394273351983173,7.050628101521573,1.6192659094406592,-2.9246482845954413,1.424882393956625
310,-3.214541715916062,1.9155054802927904,5.750536532905008,1.5376002177905264,-0.9593011327769946,2.1965171019720287
311,0.15841548034711272,3.326582601756473,6.348656628903506,2.7310358743274903,-0.7603578957182743,3.2848894368707335
312,-0.48388869345990826,2.1740299120007105,5.180290043446316,2.978431373164425,-0.36192433247794653,1.991090500764961
313,3.967496718847322,2.014535286866692,4.627245247845935,2.782636145345468,-1.2454937255566685,2.6310057651565435
314,2.1259128733758677,2.9932882596255492,4.415810342726667,2.4764557644816665,-0.5038588028645634,1.3910035446646463
315,1.305209643495965,3.160491815173918,6.327226362323863,3.601253255529396,-1.3766049450248403,2.7649763816867066
316,0.7623663410599004,4.031723166986501,5.136062156031547,3.437934396006045,-0.2751443966084668,1.5893711484346498
317,-8.24578546410795,9.26130204814007,5.002162286336743,7.9230553236806,-4.801499590638713,0.758781671914964
318,0.5219484179711795,-0.5519833919653605,4.481661821340938,2.9017446025794476,0.7829866222902789,1.4271759223507177
319,-1.6525525658754436,4.168154386819755,6.05766104318689,3.8267875131833393,-1.5262261833191426,2.266165767727643
320,0.19365653952036332,1.5352181972107877,4.680163244226988,3.578578506995569,-1.353613105732205,2.1843910112302276
321,0.558273357688658,5.023354999773689,8.26611790164755,3.03576899196216,-1.4298063752685117,1.8111177469946678
322,-2.699757880840428,14.64372938302041,4.644545566470306,3.6332730336794876,-0.7400449332671164,3.629275910429464
323,-0.46352735810731094,1.937346041533989,5.781452014333316,2.0075368659101365,0.21793598701928107,3.288629132291686
324,-1.258878989041086,-1.3052338792957032,4.647206632825327,1.4924165167938521,0.8983584846099345,0.8761281723347734
325,1.6206803543733628,0.8906511920945395,5.173307111377699,2.7392086602215464,-0.8957082353863105,1.71142125288134
326,-3.564091126786701,4.394302888108998,5.748177875642224,3.4858982552241162,-2.1337595438207058,2.718202891533707
327,-5.421424547290954,5.501257614166377,8.016541919709208,2.2493036782103464,-0.35452018742438385,1.6253456277554055
328,-0.7537372917680281,4.969382536130318,2.2636060583331976,1.7795805341644053,0.7657666628228604,2.535208640099115
329,0.46972157202446185,0.5442380079425737,4.531902333116568,2.240461498007609,-0.21348541811444932,1.9603400020487476
330,2.700453323665748,5.101803559173204,6.300122106669248,2.720875198653932,-2.453127645378407,2.7586092698437703
331,-2.6937090924146054,2.426344349967412,6.742967621823606,2.3626614910361328,-0.06794222487722756,-1.285618397397044
332,1.5238996663982154,2.8061085182472625,5.265941574978362,3.4460068129642334,-0.5677829904552765,3.068213118513578
333,2.204091805060139,-0.23136725439563044,5.203662070411233,2.7599458269961423,0.9578124704152214,1.570656882102076
334,-0.8123681866340853,2.960673027227741,5.16136676889602,4.10537108276611,-2.0318370868123914,2.0663324069304134
335,1.672466638774508,2.9695341515821734,5.260282106153623,2.9337442437597865,0.6498749127286271,1.8010428619913375
336,-3.058391792357197,-2.8978203288373594,4.291567394668536,3.2141482790391356,-0.3656186270862902,1.335987020003752
337,10.491315694202438,7.199584024379232,4.85233242188217,1.7512966367753133,-0.2406918026309952,3.4982112101534897
338,-3.0776010416760142,2.1234542122885696,5.584906094122776,3.493533367293006,-1.7458528901349109,1.3277169396787505
339,1.046537395499302,5.5069675526827115,5.548779475784032,4.2299972719670995,-1.7518534631293479,2.520238029012256
340,1.5422925254824422,6.642323260927619,6.340499065244883,2.0591920248175057,-3.0425003162999884,1.0018992476711404
341,0.5259175360861814,1.0004113796639653,4.884096806623207,3.1293046356998957,-1.4852072245961643,2.604939961270023
342,-6.0715649808813525,2.620086266779217,6.386285631609414,3.065569386428881,0.885554506912935,1.0886283664235625
343,4.781672038228716,-0.7086756461849268,4.060583679187918,3.030940264805328,-1.64203334459232,3.8914890489287814
344,-2.0958310257280957,9.302665592894039,7.464719528708663,4.928762713103889,-2.9826283917230714,2.5629988420552263
345,-5.043175816831603,1.4835578918145376,5.65605777932887,2.3579724444340937,-0.9854956852009067,1.2360509967020108
346,-1.5270611568636179,0.500840705032886,4.8625791386643655,2.258360190760972,-0.11671789722923243,2.433501936084437
347,9.867925174224197,-11.529857640276788,1.4292202481397651,2.9484315885008257,7.175864153657728,3.9212405913616735
348,-6.417031016572245,3.19565319800042,5.568320710422812,2.498582381977154,2.199176446578991,-1.3136848467979414
349,2.1248005586307284,0.4784819685607573,1.614285765141163,2.8336457499643384,-2.8001667014810736,1.5764700099414886
350,-0.4352925486558181,0.6908668653314671,3.990759459761372,3.411183607644972,-0.6927681464228312,2.665216793981454
351,0.8464466241026338,-0.1207069954513793,4.123659246472173,2.0927736681603175,-0.8945436489155759,2.08820053410155
352,-0.4356270694192188,0.4312440259306438,6.194053124886409,1.9805118302715745,-3.0243457240687004,1.3257033763980894
353,-2.7658277677830285,5.298665478466912,4.376997894198356,2.959273752237862,0.1433059473880013,1.6067054627581983
354,-2.583056727002205,1.9594445865285375,6.740560116329936,1.2851320168009948,-1.3339983680402798,1.8945636950823668
355,1.105235340208906,2.0800408160990536,5.760051894467971,3.5081585606581553,2.5045860199845933,1.995640185141721
356,-0.5020578975528929,6.438862666522122,7.207869322912433,3.389474510050069,-0.9797339697991527,2.7508202145902425
357,-0.9082925620423369,4.369372430493176,6.217639253683244,2.200274784305329,-2.520204223118146,2.399023327838963
358,-0.3613758978113113,1.7551775234853775,5.943398050336803,3.5917528042358047,-0.9497199436683461,2.09409172399544
359,-8.096410376385037,7.164007694099759,8.868534859054371,4.551860813803522,-3.5107826230338035,1.510448537084066
360,-0.43052613575737664,1.7461501623421465,5.265236798580704,2.9317213142588328,1.742823981360818,2.058670713613306
361,-3.5823984729833955,2.7041419114237297,6.277007516257086,3.0422843838659137,-1.7140681432200973,1.6956471566875204
362,2.935409889128918,9.746647517225133,9.476125723488959,3.072114079155246,-5.679165014341507,1.0824840825168212
363,-1.594489061687156,5.307133662592055,7.947325526409308,3.3886121742139705,0.567069186795882,1.4104810186383538
364,-2.9347126573633204,1.6383426778643195,7.196678223812617,3.622749944010252,-1.760563732756189,0.8663995413517362
365,-4.26464471504374,6.2289348970191405,9.349304486027558,3.611738364336464,-3.676778566488494,2.486634650153243
366,13.559934225238003,3.778997377715699,2.133599270475639,3.672344450409773,-2.618055794477284,4.479387846455064
367,-4.223894609150419,2.1896335610844258,1.8333293443944734,3.9702490059087348,0.016993696507897726,0.9427959290760124
368,-1.0946628293184093,2.6992279516029174,4.992429898969111,1.7767624137673539,-1.4575457981925488,1.4738785934242948
369,5.385102180087352,-0.6972904328837188,4.040091371587235,2.2003718920428077,-0.31011503910494076,1.53738793753956
370,1.7519695218566094,0.4161191724946538,6.893664476641885,3.705414076473957,0.08992794649595248,3.939710331894332
371,-4.616777636730805,1.6445649513786846,6.103958122816419,4.0822950970797685,-2.9563558198325794,0.7083976319835639
372,-2.2788036616794805,2.5389180656621546,5.074735151903386,3.0785936460958965,-0.6008983865899824,1.6716925203463735
373,1.5602859265307658,1.2220733600409677,8.299681224862193,5.696009129623114,-4.454526575310007,4.474858015031451
374,0.5008707745285994,0.2501982576862005,5.752093980598382,3.203866003884265,-0.839278441872397,3.3563856395137117
375,0.7250049861792354,2.060565861932721,6.32298294819374,2.9433549901217573,-0.6171722195266289,2.4346471476714937
376,-0.5418023856923491,-0.027529781871614034,4.516153303179952,3.3085403065578483,-0.7663745823956132,2.690773788919793
377,0.9362866691570426,4.806924731752463,5.448873182101287,3.192526800523834,-0.7523937459323704,2.675725734082994
378,-0.7836918347148081,0.16761274450029795,6.262212481773334,2.770353494208445,-0.7142915410606945,1.846590193830207
379,-4.731850149341338,4.976573693446059,6.066880716470587,1.7694918584343462,-0.48313309142366534,0.7354093698998314
380,0.4707953646409435,2.2672063987676516,5.1558304169965865,3.6204328109811703,1.012181160716782,1.7048528456761656
381,-3.8218845284120895,6.3873517315548956,8.939655168906768,2.496143773398712,-3.648901819249529,0.8673780455282492
382,-2.4120460198775957,5.682821326889748,6.770355294207324,2.5895632508158326,-1.606827110160184,1.8379502588608558
383,-2.063846899199416,5.258405415093417,4.567093340883531,2.9907084653124416,-0.7321373405215399,0.5869841355472465
384,-3.24603990087512,0.7166859597406865,6.425507644837003,3.4356590117368864,-0.35966665343360926,1.721386140136436
385,3.506775111566464,3.1120332598122613,6.074770605706009,2.641419985627472,-1.8115313033888332,2.0643402648158773
386,1.2116300944298373,1.1038833364810943,4.1089629326671115,3.1168578746218403,-0.2251792007468082,1.5558643797955605
387,-0.9913103462686692,1.5781140642384988,6.130183866127247,3.0610878200349734,-1.6610336211520953,1.7257554900394378
388,0.30436695649488144,8.453528030271773,6.832680814862846,2.0256855144682477,0.7147964999402724,0.9391437258697235
389,0.6391839996422446,1.4344985891976627,6.574387075731394,3.8825721905166337,0.31057895907103916,2.870377508153761
390,0.9920033155762482,3.3089398520566027,4.2275462632547205,1.7745384806413758,-0.10516306746778314,1.964592110681072
391,-1.3958751758642443,2.1138762297839544,6.003004712324318,4.032491020478421,-0.41863278272862414,1.9830552634837764
392,-0.9049425881308066,2.0880003629663806,6.833777282775278,3.611675373933586,-1.149111527845336,1.9668408545577034
393,-3.5578675253111696,1.4475145001598475,5.339522754396412,3.490483601206745,-1.0994063119531323,2.084955345289198
394,3.6614467093864684,5.591516058266669,6.122884209718216,5.256106044154315,-1.4246243783889336,3.5442562615617215
395,2.3990288291428783,3.8186350046984634,4.337722427507875,3.3418607286288435,0.19074969679363385,1.9536707129245867
396,1.575564163862052,0.039387005689225596,4.887018752077612,3.2039532169106533,-2.188385597762794,2.1672748817903282
397,-2.6753810882819478,1.985787658527687,6.083690584715462,3.0273304762740874,-2.841006323509604,1.32815106780832
398,-0.20108686431659484,1.3197892894272605,5.260808226720463,3.5721590619537174,-0.29402094821249536,2.1894632563195264
399,1.8784785823853798,-1.4714668708276113,5.72290843867342,2.88979327748981,-0.7384411284337933,1.9943624693460713
400,-1.3475436669360668,3.095630404308606,5.258664507146959,3.60002052246036,-0.004864612983852656,1.6462793745337927
401,-0.5027281823789223,-1.5356044836692098,5.104143646827156,2.291932693662048,-1.1236019245843518,2.8593862710505733
402,-2.839371204481976,3.836953488123276,7.699123805911903,3.812944385628648,-0.43021092281773,2.158219103464745
403,-2.6196116752165928,3.7864578202192662,5.839379107008371,3.0106607568622796,-2.5760844687153748,1.7873344464890124
404,-0.24420572183160516,0.8745785714282905,6.256929646967883,3.6677215052234162,-1.9714799668513394,2.139629299452781
405,1.3466123266649306,1.7142808100535722,5.173336389201091,3.4619889053830963,-1.2558350773062958,2.585315841178465
406,0.2985939549945784,1.4480635664445765,5.428098245269096,4.3696613840583955,-1.039772330972566,3.489928816583289
407,0.6521793590331115,2.5167283113536314,5.89617159806976,2.819652601306297,-1.6524017824355317,3.8959641329726185
408,7.065540949622513,-1.1476573908706698,2.787531091878202,0.256050621936196,5.663673741687702,3.6436126446790515
409,-2.174687904954773,3.566699054778258,4.6578034367978605,3.2303869197579287,0.10460352036722165,0.6973846739124567
410,-0.5743585652516334,7.081459732630485,7.100970805550309,4.010287727679998,-2.360083867959593,3.168136851524741
411,2.3366902082246455,5.93268145047864,4.887301016468471,3.607497514809338,-2.063305736537923,0.22233941800487145
412,-0.721589707493332,10.387759931864014,2.8894148094769077,2.6353694523231512,-2.003418958154191,3.736093429981131
413,2.776334193054426,-0.111054370222047,4.6860737485363915,3.8465164975097506,-2.3020584204594425,3.2937183410577155
414,0.060657361967777934,3.9692486432083314,5.839125424678494,4.209689056082593,-0.9225614065687378,2.3751881631223273
415,-0.7916180777115233,4.767133003613768,9.718609073806846,3.2935039277281852,-2.707835499846725,1.732196333063718
416,-1.389101992918384,4.433414918998826,9.665809405350927,2.222723444000108,-2.1803899074548148,0.5622441679680543
417,-0.7744350082747831,2.0981312379954655,6.341216989176344,2.4958940991010636,-0.4274659895519426,1.399754435890104
418,-1.5184228168782752,1.6662965155963494,5.259249081080484,3.628483194016379,-0.9468133393293617,1.3774305175787318
419,1.513057559717014,6.831719810750793,6.4965525257016115,2.3785066402614654,-3.0652624910295465,2.435092602995514
420,-2.9473810979756707,3.406542744673638,7.001475818525021,2.2129305191246447,-2.2085437982128857,1.6987671628636802
421,-6.893942050497595,-2.7869188300349963,5.512140610088946,4.5569166404964765,-0.1401864495961006,2.537907075953819
422,6.893114233966141,3.6165123327771527,4.695163300212789,1.3829036353618775,-3.2363642096764127,2.677448792919658
423,-1.6276465419998214,3.551693218096837,5.126106616780242,3.243437533091731,0.41296305123975474,2.522876895389844
424,0.26097505406084465,5.094035625679812,7.926036603832615,4.157897683831713,-2.2458754849526503,1.4449443398161752
425,0.6958060543760052,3.8385159828236417,5.6193069273983784,4.492977614844728,-3.4899539600862544,2.4097189117382687
426,-0.667696157202164,1.9385048004667682,5.524741439923623,2.3708628090393504,-1.1675787074807578,0.9607034891079358
427,-3.4916121508151536,4.826445870513934,8.388121837046794,4.562543871168508,-0.3742342586732892,1.1294958995672617
428,0.2837767679590102,2.709357177002531,5.654200600453343,2.845717189655219,-0.9994307116817246,1.631237057443875
429,1.197388524066743,2.480266820569963,6.074998500648221,3.8845555359208683,-2.8058818434602277,3.1208133677413654
430,-0.5184002258609623,0.30665776447009074,6.975540176833279,3.271234257302406,-0.4033596933972502,1.7180241714905247
431,-4.4240048780227355,3.8754099359687366,5.261482743705652,1.8858669741045464,0.924075681274619,2.763438167951592
432,-0.7569878386635951,2.5505057415483448,4.68018996112016,1.988150651357497,-0.768848655263065,0.7298435885262717
433,-3.1873346440652104,0.7148616819461369,4.764759330715028,2.450294477564804,0.8748048894477533,2.4682680771440153
434,-3.294791987860301,2.8532735096797666,5.531559586614641,2.9877902650719506,0.8853270818579927,1.365764601716627
435,-0.27218975922689026,-4.8462670168229325,9.123435663028086,2.0383210795925626,-0.6137671012553024,3.0640359189761397
436,-0.2266188637068467,2.617169327526123,5.820608262592734,3.2094961271007465,-0.7518476006292037,2.237874086134612
437,-4.959391483437746,2.452067253639938,9.049185529983138,1.934369495263316,-2.063261948635185,1.196241182336073
438,0.8545999741394454,5.041869448309132,5.7369963084359625,1.9276866825889973,-0.4854365901752637,1.246877450039174
439,-0.3103407150277957,0.5848319275557157,6.022790649569912,3.1775994230525653,-1.257798860228306,2.823144358656478
440,0.7327636752215465,1.4235081922317074,5.107525162409384,3.388917416961449,1.1751405668883317,3.2901871130233147
441,-2.5246741822554006,7.47351356746394,5.234721851342104,5.603714868678433,-1.8347543278621266,2.0868967446296716
442,-4.838655885485204,1.792985050431004,5.226871062588771,3.190069294950381,-0.60564038163469,2.243271263851522
443,2.894372262224419,6.6320470406012655,4.328464839281565,3.986126083439836,-1.4661247502098946,3.283877128721696
444,-0.3480245399994355,0.4267004421253371,4.95278188291604,4.450879138437005,-1.8379944381920805,1.726977946391943
445,1.4938874805967295,1.9765381569023681,4.993039944416491,3.4512884730878266,-0.051424918240071116,1.1701291214460587
446,1.04921940401438,2.2102572222165593,5.186454462857959,2.9207752347307188,-0.49958887198758706,1.87976269236253
447,-1.1951455724589435,2.226684481629726,5.504978933549936,3.792175587415925,-0.5795147748826224,2.056384417335747
448,-0.9285103612441299,2.6660656035407992,7.869175439393988,3.2025578608180645,-2.1972311584037287,2.3470187678095544
449,-1.6414675683939317,0.9318349749805286,5.464815640071792,2.2881413386820038,1.356731334491179,1.094048403652642
450,-6.521381861221365,5.900670180061163,9.24606705404403,0.4527536318998724,0.6700494111736822,1.7276393020950336
451,-2.430210189757073,-2.5295397596035576,3.056716723648942,5.312424872750034,1.774992662291326,3.565579694220606
452,-1.317607027490892,-3.0117588357343,7.761604364608663,1.484312645973148,-3.681189018649664,3.074701621322435
453,-3.2821466884440844,5.819329909886729,6.0682156982929945,4.060668864581175,-1.0866054025826113,0.7228634104754352
454,-2.4530721885541356,-0.5731591185641305,5.653430876980265,4.141772672461471,-1.1043497222347087,2.9944836201698943
455,-1.6730624311537572,-1.4669176696520934,5.046170193627303,4.121525047808062,0.8351781487042241,3.6428297544856236
456,-4.447313858491511,0.2593513122072917,5.930254045386845,1.9528177207538189,-1.6099873992511156,-0.06399295452067966
457,-4.179331171474699,2.044542253226841,8.37434725907266,3.6801918222151038,-2.276114054919475,2.419160510741419
458,2.918735696223897,1.3198912627396924,4.596665499591226,3.065576007781141,-0.5910159023243857,2.887750236270824
459,-0.35019077791259523,3.8555756154981227,6.617851536490978,3.3392637900943436,-1.6484455159247426,1.2368499642839037
460,1.4255006557185301,1.7206915065863229,5.2423816278941375,3.2751214957838997,-1.4113519669063002,2.240785255661584
461,-0.6532348744733676,0.6715222910879266,5.916483968406406,3.353660617296972,-2.464366008509538,2.6852781043297282
462,1.6218614209995241,3.5722572579638427,7.093809756852584,1.2933642189394505,-1.1471412757386141,1.530306788215134
463,-0.6377485728937446,2.783701716734397,2.769781811964019,3.7652873858888616,-1.538350720018827,2.7477389573268276
464,5.252895679474343,-1.751268133049984,6.826291602418011,3.4369234382064318,-2.48668362404113,2.179715230486374
465,-1.4968877826131322,2.354295795978694,6.390529030682574,2.6225257717019193,-1.1892642226814623,1.44005100203348
466,-1.877228858719372,4.468770182682061,6.585845959231607,2.9303541445352312,-1.1522871008967062,0.818451398229384
467,4.040967784827682,1.1441201577018916,2.2131421736597146,1.209624717357995,-0.5227666374109434,0.26048589165194347
468,16.876965653705515,25.096109615127162,9.479353121699063,2.042946412284742,-3.652861360895098,8.281078010151022
469,-2.71425028618852,3.1372072566926628,5.2835694692577855,2.0173904126631035,1.4592013620203113,0.6909719975502551
470,-4.7615955151868015,4.8891072713410875,6.580825622189265,3.995074476608413,-0.1299534874313042,3.73288476952939
471,-4.749132202973195,5.595727262738242,7.435107061533218,4.855135257972105,0.17957074398972994,2.436487594812248
472,0.05003884881321086,1.2350905780085388,5.39829534225527,1.273934735575211,-1.0574424171828072,0.46095534806300975
473,-4.444425777940133,2.6917877794627842,6.326232858157456,3.2247261453513314,0.16283102913073655,1.2902492342785252
474,-6.97392330453544,1.5336937185203228,9.338587012187254,2.96618732596774,-1.8203061036758275,1.874948445590293
475,1.9746914579888086,4.443721070873332,5.460364533442374,4.10003106528286,-2.206047468784649,3.220674392461495
476,0.16835088425693412,5.285830479193802,7.2597279098363945,3.525855218292079,-3.352763621600515,1.549287793105845
477,-0.24771870156677211,2.7278211897503883,6.916664949846965,3.4684384674309396,-1.2057136474613115,3.1186034721621874
478,-3.3595933665833084,0.5100771492944016,6.7238237213003185,3.6262593120842537,0.06861145836516436,2.217958318932409
479,0.4642806273414761,3.6709156509581846,5.219065099829863,2.7782453438895027,-0.31270811894939865,1.6843554118757151
480,0.027958991830115965,2.678049193097756,5.604255272995857,3.2615936774391625,-0.21610174101383595,2.0550052838594737
481,-3.7950232870433154,7.688990465934146,7.083849441107221,4.2161000148256464,-3.304566547024288,0.6313977880174027
482,0.12798752972100624,-0.5433564164841687,5.256154560833081,3.2400838245524604,1.0892979093537516,1.677404160527058
483,-0.5406814810735441,-2.025301823158925,4.83775073584003,2.7503258784175673,0.3355050673078842,2.2776058976900133
484,-0.5789108572814436,-0.31982373757921057,4.400782957345385,2.4041067981547197,1.4469458329289768,1.9354740953473697
485,-1.0355495992519974,2.2264844683818206,7.598525480109062,3.8088665046489263,-1.9467504845456371,2.6833533481611527
486,-2.3528566849115986,0.6772091914831497,5.483231305598204,2.6111815674490435,-1.8819278326056241,0.5251369366013261
487,4.2680014243587365,2.784956782268257,5.428945824974353,3.4179330961270535,-0.9813810792840327,4.278262432167005
488,-0.9554230087470743,4.037333656406201,5.845229275851036,3.063786016736625,-2.074117911179934,2.537815618047728
489,2.525453916947491,0.43710876852692504,4.780658498261392,2.089153073150859,0.22532134850177454,2.234548174577667
490,-1.5261988666953226,3.6457452947880578,4.887572582882106,2.9700190714529553,-2.2017623277081935,2.3609841937273703
491,-4.599432882677371,3.336460434885275,5.5270684379222015,2.8206283442006894,0.07638560543492201,1.6724708509178952
492,2.4910025447066992,3.9868124034289845,7.147049359958631,3.316108844673785,-1.2025825235622742,2.383874194462207
493,-0.30918491452385743,2.5248130999344203,4.463427740178944,3.080087685060717,-1.2592073866787015,2.2099699887172286
494,4.194684003532178,-0.29791761995892996,9.859847849315992,2.7216034120529478,-4.151813987663407,1.1176948152624675
495,3.294335605885153,7.509397259283703,9.380821505748319,4.4401104493934485,-4.133047182708584,1.8166862789839837
496,0.3389036662822904,3.1777412452676033,5.353049754647225,3.200096850033912,-0.5703500700405912,2.5510639079772837
497,-1.4355596082236284,3.854487293181851,5.313504201737888,1.6007027137941443,1.4436221672036909,2.638077903770763
498,3.217360316912634,2.3386177156745855,5.590594487881404,2.0642129330864556,-1.3074785514640024,1.678162351713629
499,1.1170688071279056,0.1685015646595387,5.463747497400991,3.677619892634387,-1.2955867254948026,1.2960306397493997
500,2.1157541666983395,5.477407619036903,8.276464268825961,4.277944664604134,-1.7333504860400235,2.0696097485798344
501,-2.221985276513687,0.5341439927990392,6.943071261974891,2.5123855293414543,-1.6605644127672923,0.982421850565929
502,0.6597717866590118,0.1099692406404591,5.130475210748174,3.6925339316915036,-1.6138466949500003,2.6748655149597997
503,-3.1561939744598164,2.4296848092607,5.1949783539649115,3.645237134596563,-0.4288705856679689,2.640092938968826
504,-1.088605890581284,-1.1155372531914791,2.948568077273786,0.9315765341310192,-0.027294343311019542,1.4134552608277295
505,0.42674436159888973,1.9137933866234618,4.308439460545614,3.270973038114457,0.43172760905298857,1.7538037884150368
506,3.401132116707461,2.2606129340249215,5.535410991862246,2.750022341631757,1.674385250467795,1.9242020105311934
507,1.4724184480660463,0.5241995101738106,4.995240175698195,2.3465303759660725,-3.0609986523629558,2.5454574612819942
508,1.6757563318546955,4.687290788263809,6.4639647566882354,2.568223303962898,-0.8160401715932196,1.8485746930204336
509,0.6539201084044555,1.5611218585194067,5.401661557656652,3.868188234433729,-1.0850165605082798,1.9503881060749029
510,-2.9792243007212273,5.351813762667563,4.263247797094594,2.690101661357465,-0.7884533064499369,0.33200516345313424
511,-1.4452754245123989,1.9636306526073004,5.775434870441498,3.581064651867348,-0.523008072539447,2.4511226794820713
512,1.7564700822186161,1.4708094842975288,6.46902473719652,2.052685815480575,1.0212849776231012,2.4972079852081097
513,0.16907644150023904,5.798492889382818,5.582373696523321,3.22482495300021,-2.958563189582147,1.9984038809670137
514,-2.0132951224175533,3.4766321213788127,6.323676400569967,2.4545082623864847,-0.606076421699248,2.326893436319526
515,-2.7081608821580203,2.6084139132780457,7.212345659417164,3.5944192430641646,-1.4586734100615462,1.6020190337305844
516,-3.173918431681135,2.954624926922643,6.610597724553326,3.5213089766394283,-1.1706521080669612,1.7969631715910572
517,-3.5739523023365916,4.540111771421337,7.727264897566283,3.1009195930318767,0.08057280504382114,2.4929030570311275
518,-2.0188575642230435,4.223934740885227,7.055613945025693,3.9884922821251036,-2.405250766871208,2.5827701013254365
519,-1.1508440549043244,1.5057493373290751,4.620522339965926,2.6394744419444187,-1.2578758410758284,1.046946502518147
520,-0.36151678267370224,2.991375836451593,6.257068778158086,3.3538707923654085,-2.3082142625525695,2.6786463310866426
521,0.17326472427736972,1.8849229667813532,5.061173010657267,3.2529400471922383,0.002628171311647609,1.85112146555897
522,-3.8043041742040598,1.3033032436839098,5.811297960096455,3.626631481544094,-0.918899983680137,1.2008313658826522
523,0.9127735216172663,-0.4239261579823088,4.691428657718653,2.7664313057706247,-1.872711251255902,1.4475833150759607
524,-2.1764891801660236,6.219086987266565,7.402126765431824,3.707208753966854,0.9276846016624231,1.4583971113409477
525,-2.9550204151076285,2.8304492862526764,5.65122230539915,3.83326300972422,-0.15785822084870516,2.4328145633517915
526,-1.4837734544406005,-0.5899491411315121,5.776293835933892,2.4856444963245803,0.2662412208697277,1.8951552996042869
527,2.1139650061427675,1.1815886448766926,8.148544257941651,3.3682911393229196,0.978852913244164,1.685773928287597
528,1.1248799315106113,5.457376917301401,6.508475231988289,2.7944997493317145,-2.2559055392060485,1.8719434167144446
529,-3.355608880826937,-1.2273788632170186,4.1325948047514425,3.839701910760714,-0.6387967047949448,1.704463618288621
530,-1.7074787280435435,1.6297479569967148,8.336436074637186,4.297286873318241,-2.7822964746387204,1.3929204640190527
531,-2.2336071456881266,0.7998007513863628,7.179283572487709,3.535369220172726,-0.5082264284413036,1.6819719972588179
532,2.7306627623148927,-0.23362240847240257,5.765859211519593,3.684609414511545,-1.3923623289011742,1.5934433627310165
533,2.193702988844538,4.1053545346822755,3.6582177326572913,3.426415139750884,0.3790847157499516,2.55749849133918
534,2.0162454707571986,2.6317297736326344,6.254118769012306,3.9492754347735968,-0.8223345083020346,3.582661664232452
535,-0.2699512070890684,8.092711557963653,6.74686170553224,4.9340778347812675,-1.6658089282859199,3.314430306012139
536,-0.18697529837739824,3.201198532364497,5.4879218438133295,3.0214409397820674,-1.1714730737004477,2.4335834191512644
537,0.2569454349409588,-0.40665032479160557,6.973451430350039,4.871969194089846,-3.833981777100989,2.606730301172699
538,-1.332163055757497,1.3838152806857993,6.065775331463784,2.93868877956902,-0.6312990608725999,1.4960176826280287
539,-0.18796484465393037,3.1683461592740914,6.745702968617459,3.1628428381768563,-0.8969156226355833,2.401073663098068
540,-1.5619534295379687,2.284684377584208,5.173211804538414,2.406722559610112,-0.2545306514853255,1.468406413951205
541,-3.422576091251588,2.168675790053518,6.404133740966978,2.751518691486325,-0.6928142316319539,1.5227994944597112
542,1.5405564659033435,1.0721629887655202,4.939038849462524,2.224122357177501,-0.21379692649441606,2.217681328247863
543,-4.577887172350058,8.794099667147584,7.473497234031903,2.0332680027899546,-3.9272279747992664,-0.8697657252729334
544,-1.8346168676698584,1.442875552351703,3.6259115286416423,2.5345867847789902,-1.1729971902935452,2.716289196140135
545,2.026214695547856,2.3590346115221794,6.686138985088267,4.121159316258124,-2.8330346884915243,2.2848764280790435
546,-2.231245085945567,-2.832625558654364,3.2142460162452218,0.7385821809855484,-1.6464355311819225,1.2297689596440908
547,0.10912010063111843,-0.34118672158827845,4.6458935046803544,3.255730093352277,-0.24526898042635614,3.493657800439006
548,-2.846114320080836,4.6048946323223845,5.425986165355301,2.6379478520232214,-2.4799593207131547,1.8590811534684557
549,0.36286192369815673,3.7053234032395927,7.142919604450037,3.625894713924699,-2.3102102488516274,2.400072999791373
550,-2.756939290861118,6.049102652668062,5.916868226150675,2.6027322969861144,0.7960685505006785,1.4700284957825804
551,-3.5427443588517855,0.38913044660813156,4.635823117706801,1.67987917351582,-2.804647225694519,1.4208643094986706
552,-1.9033284396974286,0.6560138222629339,5.811931764640261,3.6670284486872515,-1.6764414939002177,1.6048257470480287
553,1.4386910753234927,2.1020668301954717,6.815635135986059,2.5691807504343047,-0.5665263258549045,1.306654056071503
554,-2.955538654384757,0.6900589122277636,5.75549617134039,3.7282695891616324,-0.058771214381303505,2.1249796084647468
555,-0.0009674970161137608,-2.369627283841022,5.447216798950978,2.785817489484195,-0.35981965840357666,0.8449630808546378
556,-2.808873330724052,0.30367895547947077,5.499168388756475,2.6745655402387705,0.4230841128337758,1.4607420498679784
557,3.2661912366419648,2.3247416326809525,6.229080371222912,2.490045722711087,-0.02697291289447279,3.423012933681272
558,-2.726251245590719,2.906667599345992,4.939180744875308,2.704793754496332,0.9130358523530554,0.8834014311693321
559,4.050775993658986,2.809141838523053,7.305076403141642,5.1332418839608875,-2.436696852669301,3.7677352911673516
560,-1.4938025437262406,-0.19751673130852065,5.788134220139811,3.949581025191549,0.6342727355494907,2.0279871849351734
561,-3.016192528330712,3.868865349799413,7.841405779516476,3.433692000616855,-3.366412194248423,2.7052245624780538
562,-1.8088599309780162,3.0791315882543078,5.655961911361854,2.7112483533855025,-2.31741157889881,0.9561703821841481
563,0.5228752147667248,1.4864546857792587,4.936495003219047,2.1410193892360216,-1.2684640615289438,2.4145023300982675
564,0.3985438351807389,3.6009174762959946,5.428346891871616,1.4755333134115745,-0.6392015191035232,1.961613891558585
565,1.8743396254164804,2.8462233474168586,5.038754493153879,2.833013930214478,-0.5121933667735787,3.7869711050260055
566,2.8918809727102026,3.9414804424465015,5.333249477662363,2.4399087964112605,5.47556686751497,2.615796585027791
567,4.689855773831068,1.7294712013430353,6.252178607256653,4.13851107124244,0.16016688116435296,3.202432919561823
568,-3.403076586938965,1.8998394047552127,6.059686710214997,2.263465571354307,1.158136353492984,2.2730459535038428
569,-1.8888705511173307,3.5741604574741634,4.991999188591223,2.989157683163562,-0.810569201221452,2.1382425152317417
570,-0.44040383789855175,0.6227051991224952,4.947264601358489,3.8740882100661143,-0.8858656672871144,1.5368315419034086
571,2.308756459104196,1.8861774993026814,5.4911020887231174,4.815870134905818,-0.058573883120178305,5.868194414997304
572,-3.2806911764559104,2.5037583700856643,5.813549927363053,2.459253748770512,-1.0959785967214275,1.4613274024535845
573,3.6434048410364053,0.87268142000545,4.049226564211096,3.5390968567442145,0.8197500145662769,1.2730565440889223
574,-4.0963325372287755,4.152760552085385,6.613218524313637,3.428204076900946,-0.7109429062218511,1.4454480232691285
575,0.9117750413665942,-0.2218459408204212,4.262079083014692,3.8951140201717265,-1.398294829515987,2.181732120551639
576,3.409639136390913,1.7312260048172416,5.99092432681716,3.695105405240047,0.025450942611415894,2.9074908279855554
577,-3.777807230455606,3.598703546283452,5.891169865462356,2.932608878047321,-0.510360238173232,0.6450899586039962
578,-0.4771065134425396,3.3946184933956953,5.029639544388642,3.436645768315559,-0.9592339031598315,2.052931037464578
579,2.6795311101731123,5.718421719893278,6.416265057627951,2.82497666974421,-3.2452785286985226,2.891314803705972
580,-3.933297557155664,5.21377645655849,5.84614505213267,3.0602264048027363,-2.556608012060278,0.9070630889594782
581,-3.1398102638925187,-0.347158751043243,5.411187444826455,3.5432867553643934,0.2379305874293317,1.3230785610574143
582,-1.419027668452593,4.674930312528856,3.972736169255678,2.642759558982553,0.993167791844407,2.1683505564991754
583,-4.404582469718154,3.324626673924925,5.678624303237057,1.9033475539174511,-0.1609949797547212,0.9938078529954955
584,-1.309435645957378,1.6829530232159602,7.815901197436016,1.9721661927807883,-2.385782031235076,1.5714331661595091
585,-2.0894710498414666,1.1476327799583887,5.785774094546848,3.550088716041205,-1.75031141900483,1.949623721678067
586,-7.265907284382881,4.049603442721827,5.985110299634693,3.117826161186379,-2.5890936482924274,1.4883416294887102
587,-1.6389939750561184,4.834398238549495,5.311012893935254,3.3398221385255944,-0.9824059821914661,2.5362167285291553
588,0.5668288498577265,2.921081715997482,8.006897589563529,2.242043230099214,0.06068628324865666,2.7104525131828523
589,-5.398921900095344,-3.0839403485714936,5.381981308332931,2.9125952462394853,1.8793363758768522,1.6669432211082955
590,-3.014193645933816,-0.7626826061467495,6.334415457501563,1.721950319390709,-0.14740868792549744,2.8226672904836754
591,1.9250935660539374,6.042995898814007,4.066920777240375,4.453679428745814,-1.4322091501909073,3.025595977030408
592,-2.153082696688963,3.961525253393148,5.935150971768835,2.606233183056516,-2.156530539092696,1.0602315608905173
593,-2.9034495125506505,1.5214067099379895,6.3508631464472325,3.236193210522099,-0.9055196334578691,1.9792352218289109
594,-1.2861750405184134,0.9354317116699109,8.118814386009372,3.007824424799008,-1.4748702835288534,1.332081132820196
595,-2.123183235646006,3.704470942741967,6.391221517709148,2.523289439221902,-1.8603886368683527,1.519689089362417
596,1.5203276107089647,0.2985679769636276,2.457145558856522,0.4788814948562301,3.214383843755924,1.4075726268798205
597,1.1925722005893733,2.8857690592031435,5.628144706297031,3.5863561226454337,-0.4866699729245904,1.8574041654011713
598,0.8618349992490502,0.6369822860100247,5.135034803176619,4.399277650616933,-1.1685087116309159,2.853008626652886
599,0.6322349520966091,3.0305889246339244,5.765126681747429,2.669756349358358,-1.1089449435029646,2.644518689019612
600,1.473673131974158,-0.6103198271482784,3.8629952088573494,2.9404819177252675,-0.3042684723154774,2.5556435519193945
601,-1.1776154815398912,6.185784499447827,7.0345445162270055,2.301334457392489,-2.10901844686906,1.7935085705071057
602,-0.8148082806952928,2.0936146281776615,5.744799805335903,3.13983314198886,-0.26091132949524054,1.7572082917371685
603,-0.9077712679143976,-4.257483141368777,5.216119326490143,3.922438880484923,-0.7131020704702108,4.263896674070413
604,-1.5072283005902294,3.748809651131471,6.808590948831307,4.396299990086743,-1.2622802876829877,2.597530365732369
605,-0.8251102034452881,2.1191149984380617,6.392997775979565,3.299241129826494,-1.742200863572125,2.4053866004501936
606,2.745461194927204,1.3508143448959045,5.176831081362875,3.4962720052973344,-2.330563362663751,1.93816016678909
607,-0.4680425856836532,1.7972203915417977,5.046083997047971,2.1459455498805484,0.4230528658695013,1.3193307742326037
608,-1.712130374517211,2.6812748172085143,4.59969737166169,2.3990321792291645,-1.6903297814096518,2.011676591849419
609,-1.3013556548731953,4.489290009581347,8.776456451117092,4.4634586773652405,-2.806405883647812,2.8803235623181855
610,-0.005856586397405383,3.0239278975596786,6.904875954274678,3.6264801590623925,-0.3431803723599366,2.2393680358515873
611,-0.4575009192715709,3.438702778053306,4.319297275280919,2.8566953456713504,-1.6105653077236872,1.6305697110549104
612,2.2460079913820903,8.123841701113122,3.1298204476152605,3.4710945376873585,-1.3226597333306436,2.5482551366784176
613,-6.139518179206092,1.7109261390737278,6.749264979945517,3.690801116976019,-1.073671544077979,1.2074407956916888
614,-0.9953354515239177,3.0760627263780167,6.531052366431496,1.845957744742436,-0.1361655561712305,2.403827439258305
615,-2.304899814515339,-0.457022488161682,4.15249026342998,3.594351638885649,0.528874232107135,2.3449697846536615
616,-2.186711877118605,0.06531487986922535,6.254630708182617,2.4185457501194434,-1.265601749933976,2.3682851866352324
617,-1.0864634187003401,4.118719821116737,6.334790967629672,2.003271192336103,-0.17462117072348726,1.3556114243804496
618,-1.566386159595682,5.08196282376035,6.83151673193097,3.332793642905979,-3.121389386913,1.5830093695229763
619,-1.9513246285038908,1.6907629807540165,6.718936643515814,2.6364721365409247,-2.951526802609692,1.0979690476442854
620,-1.0598982464588698,-0.5905381655672302,5.406775266572406,3.769207185920141,-0.7855555180532263,2.2966106357983262
621,0.3994324288540674,1.9356905928477328,6.07980062826859,1.8524282362625817,-0.5848791547370482,2.434963658621785
622,-5.5383571941355525,-0.7507340637225948,4.499202193069627,2.0440256671487727,-2.463246291209621,1.9484955846170289
623,-2.9740853121339117,5.272075065790257,6.799804892972648,3.705172647082683,-3.45644920119193,2.3759580940737117
624,3.6540102276400983,-0.07662766320915093,4.125489985233444,2.802218101117494,0.28638295689562143,2.681872477090761
625,-0.9381754676657093,3.521493309346843,6.073927109769325,3.3522611649460323,-1.1898156963771769,2.717936662248392
626,9.031591274957636,-1.9240908210076677,5.611712955731373,1.90499802293066,-0.39276774176863005,4.216744223038801
627,-1.4738414108733722,2.7430355961382276,5.549021918452701,2.7500924652680245,-1.714420492938927,1.1674552034704813
628,-0.6123272074444894,1.0830017893732804,5.836963541850206,2.2038198778029408,0.07634818663963461,1.4112626237527577
629,-0.9256776558061741,3.2721690313699923,6.245667405063403,3.955856319280659,-2.315801840473674,1.9307111103658094
630,2.4431324891039967,-4.820236634398017,2.734111661761572,4.076803788658838,3.4191360425088475,0.4552760671579712
631,2.8477570873012823,0.3548528639803932,4.736219601046167,3.9065113469856696,-0.3760411562414673,5.449925328324987
632,-7.370221563779331,3.984189280056385,6.317142371087534,2.717182741151099,-1.1659199082366338,1.2913482588090652
633,-6.1024047792341065,3.3107869195978674,5.527260802024046,3.132525265317078,-4.837802465418468,2.910209589119557
634,0.9082704516177103,1.5052031034942635,6.951022609832346,2.872529507556184,-2.8426641545001807,2.7037624940606064
635,2.4045052116989787,2.9494157924101785,4.844079636099856,2.446601057200706,-3.1130663660557847,1.762140288606531
636,-2.616798769540253,0.8953528979813661,4.746395813556201,3.1293238985393144,-1.5330568742547563,0.9787668851035356
637,0.9604494367773988,5.948433253212746,4.903272676119038,3.1047117043156094,-0.6251664298025631,2.9740987271322057
638,-1.6243451254936194,2.0526732085832844,5.893286257945382,1.8254207829796174,2.281744252443449,1.9559476644378746
639,-0.9583878091388663,0.21994974708990833,5.246016198622689,3.1827004883770282,0.679854442547274,1.4652840488717862
640,-7.296334711900765,-1.4393505934763953,5.064266690199503,1.6282120193024663,-0.7271799411190043,-0.23578460499861453
641,-3.1582382320121183,2.855774278312482,2.4989598603633634,3.2529083739931237,-0.5272292238310871,2.2506974509001436
642,-1.9564105021758644,4.600702237146969,9.055596556997983,1.179395988234119,0.0672242527086927,1.8485895380919786
643,0.4351485915676614,1.6733576185716164,5.0103271013494215,2.4698969262334094,-1.686520534190966,2.9330428522107233
644,-0.5038575196682846,0.7898380339008817,8.184892640125364,2.411997118087278,1.2842356944328155,2.377116106265754
645,-0.7161333172116986,2.801766018975347,6.388479516878129,2.3258710806844296,1.466568348971657,1.579205333625593
646,-4.653058734407396,3.1592151041469063,5.425230015464384,3.6648183662484684,-1.5992757829813289,1.4160271611732616
647,-2.923186286893449,2.8311437733059925,5.110259859496809,1.8081790314271,2.9119602392087467,1.5148607204588351
648,1.1948175704762978,4.489410164657967,9.060716996810749,5.062181657565044,-4.546909522364484,2.151225456612405
649,0.31995230855716694,0.7993271241127133,6.268702948742279,3.6035021325750902,-1.0874996192569701,1.3937458920767478
650,-3.156530273994198,1.8755185218251906,6.261882455450351,2.708191019166416,-0.48187922597925087,0.5568412374342975
651,-0.05492550078804159,-1.070723925740661,6.169100108356929,4.065979750007153,-1.8648889553387504,0.6560716127936326
652,-4.103923857562281,3.353743366161537,5.803359514939838,3.557520876996019,-0.4126972385781972,1.0336520989148106
653,-1.417972402012745,-0.6125923231616719,7.296634975016219,2.9797948680818105,-5.346232393215185,1.0897797805841358
654,2.1760761920833307,2.0828593794105097,5.388628938583759,2.8250455891797785,-1.316326616599544,3.4528214428544315
655,-4.614465787977261,2.563069566737738,6.484875050723318,2.418877919638163,-2.286567697065247,0.6148099202193782
656,-3.135632419781973,0.981444853346995,5.666056535831055,3.2328028149194186,-0.12244747855821225,1.4245821221703734
657,-2.0506917831620997,-3.182894469896998,3.8082520480195496,3.198836426446575,1.1643091307134203,2.5030888711507706
658,2.0625556551809416,1.6267620537989997,3.604972082719189,3.0989805646101765,-0.18884290546131643,2.9763874916073227
659,1.6789230119076306,1.2723208655934024,5.520316228468134,3.373190273336269,-1.8586875727404175,3.532011348216212
660,-0.1013098393373979,5.177495650951499,4.897759042201753,4.9146677191716535,-2.2380516649289044,2.0954672171148676
661,-0.326693140465542,2.4874169814846567,5.3856658896512455,4.011136816357387,0.14231877031119045,2.175911070606536
662,1.684803285680751,3.111313777765937,4.118099531294286,1.6622635156064778,-0.08183069656487674,2.013796074366043
663,1.4674505381181202,9.362961391142658,9.754185113348033,4.5457274974189,-1.6694253165135615,2.444602764426676
664,1.8187804358759037,7.630006594797141,7.446707711171765,3.1142889587335634,-5.029194134926018,2.399188240370877
665,3.5863858400659367,0.1607909140257724,6.814263540202312,4.098514340912152,-2.3058006772441124,3.1344925601237836
666,-3.9556733239434267,-1.70033605226436,6.303882184594097,2.7325563891446594,-0.27830550226248385,0.8566115461465256
667,-2.8312184935807045,2.970420688477704,6.568176046019788,3.8883502241812495,-0.7890836845586231,3.209858712841034
668,-5.035554536918086,4.41625010460756,4.303575466518016,0.8194338141214326,-1.3549422888521023,0.623327766623158
669,-1.0843234357341733,2.746654869995364,7.410817681365344,2.504389424944869,-0.7892213727356323,2.28803612189541
670,-2.5484206548618515,2.582551637526362,6.885958170191797,3.0292404156385055,-2.288363338014611,2.682987108545113
671,-3.725677833810679,-0.3720507381890039,5.991472197107353,1.4774490375953109,1.0334555323027055,0.07646806450053534
672,-3.569490431100592,-2.554602430985552,2.8626072358010504,2.7526770597175134,1.7627526184331472,1.4429998058751163
673,1.0384986509469405,7.197572560441852,5.232976918997648,3.3137223918970315,-2.2857228911928864,-0.0017517243089626433
674,-1.9640384672488618,1.3263156010306987,6.14256645909947,3.242363615214348,-0.5522788834067125,2.28356436879201
675,1.355050126055442,-0.46159921263352555,5.257494043865002,2.265081646193079,0.020693255636995866,2.173315233759097
676,-5.476332917311495,2.8825809820735433,8.011465831098011,3.8750734891436585,-2.125398700379784,2.439528842621054
677,-0.6100323276491619,4.701617673950002,8.023111449975048,4.086195883228846,-1.778013125686126,1.3845069344564953
678,-2.4441867147659426,2.6562357396132095,7.616642763650127,4.903054509999057,1.3766696129779765,0.611464017498367
679,-3.036405515925167,5.055530160448317,6.428384790040206,3.000159394742952,-1.0795290895009275,2.196535342416394
680,-2.3156698464235035,4.366519664841781,6.05655372501694,3.6582252802961293,-0.7915204430215439,1.5023049171617715
681,1.2531187476335512,2.038014371692563,4.960016257415934,2.9854731144147424,-0.481927444727083,2.9155437657556726
682,4.797512484153287,2.000261241649545,3.1633275151711406,4.203776357451158,-0.014390539615427245,3.2030437444088333
683,0.11669001169843374,2.8203523391526146,7.025411652095754,2.2886398527325538,-0.8291828467652166,1.1773769791678537
684,-1.9842355546180608,2.058461565769726,3.527919551712974,2.4494537900139277,0.220318200707455,2.2158568498765625
685,2.7386032949235606,2.261090002546437,5.076087070900528,2.8728328010291087,-0.918871531774955,2.4604556514565816
686,-1.588733983117451,4.870283400948795,8.843979877957384,4.331023249053192,-1.4288756174767065,2.730503653312457
687,-1.608963944349739,2.0033356123383035,5.273506287521554,1.8493872253975683,-1.0184467238788184,1.4467240189681185
688,-4.325922490084652,4.13605607494338,5.953565634489147,3.1853210373287064,-0.9101553866371902,1.343976211617746
689,1.2919290424963243,-1.890598473988403,5.062399015693996,1.7822893787049807,-3.777402716059152,2.2090614727258258
690,-0.3793969770538834,3.8851981817936556,5.31123935059612,3.856844094640677,-2.9446456713449827,3.341567392498731
691,-2.243462184192958,6.147369927605742,4.614281295290872,1.1703031811856217,2.0966195469263087,1.0100705246549657
692,-0.6489478946379259,3.660856192210502,4.692861482573963,4.213508136011156,-0.6252174689986371,2.531165452305582
693,0.9269654753027647,5.243717689719281,7.406127002707995,3.6190230168002073,-3.191235465163865,1.7430425636017888
694,-1.244584267132299,0.4555390706958695,4.481534566126428,2.013463141113555,-0.7950841093518497,0.998275251633481
695,-1.8604920029842285,10.06865404428315,3.376756566068472,2.8011159109146178,-5.551610574060818,3.7583328565659877
696,-2.408006177825139,2.103103955031274,7.726041859657698,3.310333880502541,-0.9862236700261031,1.916104731225328
697,0.6268712550412427,1.8337357392488955,5.247833889546739,3.3081654041684927,0.17759919761932086,2.1216138039317487
698,1.5065243736601515,6.063205688188218,6.267472438624632,2.7839343569990618,-2.0588228570221103,1.8644324015294578
699,1.4035980030507038,-1.5220446192487609,5.014129918571416,2.9635265473569894,-1.3041302246198372,2.610784897130352
700,-4.34212173728571,2.010313858555419,7.305704180808926,3.466683318742003,-2.399357149543567,1.620306992289596
701,0.4539572457344745,0.8488548370479121,5.632026276537865,3.8011608096973752,-1.2858146311256595,2.7424137732012017
702,1.1946819501878152,4.372144344868174,7.37545982795528,3.9455599392750047,-1.200696209380008,2.3474557337589346
703,0.2854355979557155,2.8351945763509074,4.7913739988453345,4.02113237027437,-3.061423321950455,2.7616194107709453
704,-0.15841263908979064,8.426858474376324,5.578342566870993,3.3847434536902075,0.5017746534303799,2.955335587472256
705,0.07419227698035091,3.66787199260589,5.867870867544049,3.3796125277817914,-2.1791058699350736,2.4767271115009297
706,2.81355175681702,1.12630462212068,3.940260477564331,2.6528444076757425,2.8146969543936167,3.256232420616682
707,-3.4537461171547355,7.034221154076448,8.022344016689978,3.464316220753359,-2.669995911621146,1.9831253301531033
708,-5.90530535974393,1.5198288658387076,4.940159516683508,2.3067899398026563,-3.5425029722906816,1.8594234943150905
709,3.1396139334920976,0.42260969218755706,4.668085294322873,2.4762285534811364,-0.6176052186227148,2.1848289976856963
710,-1.2930205098815288,5.416723610068047,5.8646130769550195,3.178850975636032,-1.523007134915599,2.9103831663214756
711,-0.707535643619068,1.6249188574303841,5.866694534879971,2.650899335934633,-1.1716593367581725,2.9145534715569816
712,1.6429261880171064,2.1772855276884617,3.8465572647534905,3.143094255324794,-0.5190872529664899,1.7389313739619299
713,-0.3646786122833474,2.6753581755187263,5.830689713337781,1.704000204574525,-1.8138189211916544,2.223809236839848
714,-3.8228350080391165,-2.2404857656926342,5.778449516789745,1.815164829627725,-1.8556257539882268,0.9396483402315159
715,1.1857830277377897,1.5473279034809777,2.6437176256977493,3.254277113980499,0.7536838282923374,3.304960979253533
716,0.921522734433327,4.462589425979001,4.612167695711874,3.2629761492881064,2.1475130171848393,2.5172318806328935
717,-2.999004297301159,-11.132642079682707,0.9688738162749315,3.4191817511553624,5.144808450687108,2.7630458844147308
718,-2.634075057253272,3.253059208271019,7.0970829165945855,2.9304810559210495,-1.6222221085663908,1.5448048464071396
719,0.40367648394679456,1.7186511172683514,5.776144948661302,2.5232963017961496,0.9762128231932948,2.0196462569375044
720,-2.0754714606126994,3.993214688180889,3.7653992802935283,2.9732200588878355,0.42781635133544305,2.392299965400604
721,1.3181869156851684,-1.0939978817430278,5.942229009911451,3.6740654901490792,-1.965583635077785,2.098421940141841
722,-0.5374387595343568,1.6966112371161677,5.6152997631417625,2.905306152008324,-1.3525377106985519,1.4062313770647334
723,-0.5228098048175926,0.30893475793860814,5.415185357885862,1.644167077566666,0.2678446389260859,-0.49736704265014353
724,-1.0834259029305022,0.4248129963274758,1.0429851062228424,2.2517068094933457,0.3516661880588762,2.1499833315230044
725,-3.4545451643433105,5.484832491446305,6.580447482066678,3.2143082389934223,-0.1278493713415545,2.3367557502522014
726,5.076672559747819,-1.5093319505093126,3.9213107158618703,2.4743302596912993,1.5577809528239195,2.3101036982149012
727,-2.045001874502959,4.16883862232367,7.293274351900654,3.7339867871672228,-2.2959344602857574,2.4796170583024724
728,-0.07856898844248139,7.500316833362399,4.647043927001783,4.225025552767388,-2.1306840823868543,1.520371736964321
729,5.588214227585179,-2.9222099464501063,4.534829418617128,1.4521810986676664,1.993658719562196,1.5458193178547865
730,-1.6773031705588437,3.1993269824655397,5.872566309115936,3.802854959329906,-1.8410342384214267,3.6647120565063775
731,-0.6533629230721147,3.974711478469194,6.3181415237645915,4.307345867805402,-1.8787189022766628,1.5657803791817382
732,-3.623379121779271,-4.0148975037071,4.463089682413763,4.457794395112276,1.7456366311066893,1.522048906412829
733,-1.4719323718650186,8.013609020433684,5.595248372158337,2.5197420114598024,-0.8797552053564677,2.1118212250120294
734,-0.07622292859406055,-4.423659808022927,6.187317641061846,3.2487217311122114,-3.455720919336527,1.9875610969041486
735,3.9987931744245735,1.0908166296183985,5.659868886079111,2.6746070466487097,1.991628018303654,4.961105391532643
736,-1.4939418681139522,2.0080597613773286,4.639432405179951,2.9766695546806927,-0.2629804512114313,2.193922569430618
737,-4.338599464956062,2.5362729653422234,6.932703327138026,2.788752969201623,-3.349620583181045,0.6082468678120314
738,-2.9995115516300426,0.5900880760838882,5.173831424310039,3.4135062944752157,-0.0902874871616478,2.694535283023043
739,-2.5043562500264285,1.3486296653217873,9.226530663645349,3.7092972769424737,0.7077592250237222,1.5312050016158958
740,-4.6519871782660385,0.38498583473553927,3.0525998790118365,5.619342470902469,4.429131945426109,-1.1566640504210586
741,-2.363600976397043,1.0710129901683558,6.902330433925353,3.760996132440303,-2.737309813005792,2.207287170606371
742,0.0655988085454331,-4.636397978109548,5.1928871040676485,2.608716671052221,0.6241034694251352,1.5333177293906926
743,5.092634926542113,-4.622511993161078,-3.938892996320991,0.8019992943231422,6.481040010342669,4.105294082993806
744,-0.1033640133370215,3.485712006999451,7.227278127518801,2.803164263189764,-3.1631555976371564,2.8845814510070986
745,0.29834199743747236,0.10594156604029514,4.727560379360673,2.502238388787718,-0.18970262115873415,0.552815255251101
746,4.869917635241829,4.559881027986988,7.461060564717432,3.714399758566526,-2.3452102954239145,3.2318594175008895
747,0.278842703163128,-1.3847407740010036,5.25684327249838,4.591178628604891,-2.8416580854841467,4.492077126028446
748,4.776725049531815,-0.8835909767632364,3.767733209439232,3.287339482528839,-0.6269793755355315,3.103725177672866
749,4.49392903251054,1.076109400501835,5.60684719354083,4.334337762488698,-0.6146386840579865,3.456962754414473
750,3.6600728497905477,1.1776555575899876,5.2530239343830525,3.4300581933594025,1.6493750196402943,1.9191472549696025
751,2.006758680699823,1.4364672347814822,6.203208309308051,2.6079378787412035,-1.6472119343452214,3.39222591165141
752,-2.336214930297678,1.1219090812511077,5.5385840098672565,3.2895062369772194,-0.8265443187666017,2.1105626638218062
753,-0.38373821383977713,2.8601995749394082,3.0967696125722175,2.826207249715849,0.5553232409291374,1.595855031941512
754,2.095299472073177,0.5810725123729856,6.462251721571246,3.0275268537313096,0.29758725604569747,0.6687071022565956
755,-4.867536597315453,-0.840799149932244,5.292080414417651,3.2453486468913564,0.24956896476028934,1.450123414453861
756,-1.6212627519444454,1.7240463544662772,6.372726960911755,3.9483546848146798,-3.37893337127994,1.1155258475297671
757,-0.47247561327434995,3.194822665430569,6.585183653933921,2.440713614728573,0.09174134917546606,1.878846303811958
758,-2.1226737661582207,0.7113370788383921,5.070932457751381,3.8000506514841255,0.810550008360183,1.497127901492687
759,3.7723203798521014,3.1964760070851117,4.695712177405422,3.6050524209769446,1.47219270709045,2.582728588652788
760,1.5687734126114319,3.0480999567052907,5.648903827456811,3.1212622005578377,-0.8284312181242593,3.065135247646989
761,-1.9178876900797421,0.5864166284431107,6.670792869921925,4.1667160057895,-3.156640374303062,1.0682184244074346
762,-2.2805733414613902,2.4812665336946154,6.36800969901465,5.014017441696735,-0.03583463366404538,2.4258705818958224
763,2.0669187042324033,5.645823774865486,6.117316792863059,4.635531201783062,-1.4288761681426139,2.8515797603638617
764,-3.3371589441320566,4.613017961331828,7.058145579664643,3.677536191506537,-2.42854203435251,2.3026867556471475
765,-2.352449894944258,3.600670768498321,6.394436157614712,3.790527088591598,-1.3278740645796288,0.9580484941517267
766,1.1401092561380413,0.26325608518577637,4.276342418746726,3.036468876356876,1.3833165651317199,1.5455195750943158
767,-1.313622200489287,1.8446751849165186,6.169680473162358,-0.3251001128135025,-1.2228626649945489,0.24891953540988565
768,2.2879896933632238,2.5346697842724497,2.6198691980659596,2.6529975756818454,-2.7716122097400215,0.9050329013359164
769,-0.2397484922767259,0.8000522644107768,6.704125744411455,2.731429745476679,-0.8484022147112579,1.3868811710769369
770,1.1028049245085416,-0.9224281249012849,6.298194400679062,1.9442430650259928,0.4297640936604846,2.744635394548924
771,-0.8499312570504267,2.8914792791830255,6.2123535010048325,2.768275512158924,-0.19619574706393172,2.6392497046988477
772,-0.7675055955826624,-0.9133564716189193,5.880661408165649,1.38971979678717,-1.4938336247544566,0.9618155972314901
773,0.9453635870180652,-2.7786457613056514,3.5770098914780117,2.926988494019592,0.5067913075489522,2.7741336203777927
774,0.30710369999061915,1.872099797180597,4.641499543479342,2.7500641760078848,1.4541047987136881,2.146365633507202
775,-0.8560831598861085,1.4338373350902147,6.731115537510858,3.4044447992118876,0.4479462579678838,0.5731552146577901
776,-1.847081556788165,4.875170494454859,5.416540261801459,4.0094481287720685,-1.0510174535713788,2.6563384182691308
777,-1.5073366309184282,1.15669941923389,3.6146808135094335,1.803202710614432,-0.450947021836129,2.6537597186934248
778,-1.555150083064949,2.049378838733614,6.024693716561604,3.493008066703146,-0.45512991484053056,1.1078549511746543
779,-2.869294874315921,-8.843134121547703,2.231603980421604,2.9265345555845235,1.9019778910018386,1.708551818879873
780,-2.1588469271802855,-1.5172535336739186,5.2155790653667555,2.835506132776906,-0.8835890065372022,1.426504145816664
781,1.095943612321209,1.7506678179347697,5.787186386760551,2.9124983738196617,-1.2306668857414456,2.5756681212434014
782,-7.606849809942125,2.769654802010421,2.999019533023822,4.97234918483959,-4.762251017937963,2.1980634061666753
783,-3.0702208126104886,2.3670457537063703,5.691085315749216,2.8727560586456784,-1.2300717541509847,3.016233886254968
784,3.789159093812267,2.124680705903768,5.288005401879691,4.193471440312007,-3.0561695325692018,2.9359220722520503
785,-1.1507889718376028,1.4772259212359882,7.2180201487848095,3.669300190518558,-1.7607952360924652,3.1002847062056658
786,2.8442210715113045,0.8013812010507086,7.6683731400054995,4.972967932515994,-1.4416361141500447,2.943224529965403
787,-2.2113602694642465,2.594603157643363,5.082615000337833,3.717460314765904,-0.71786472380524,1.5613969626976942
788,1.0788853665108813,-0.9166231090291985,4.989329191411459,2.9642511051500096,0.15037872923705053,2.1475269741438803
789,-0.1774451774773924,1.4199289893495255,6.962730709840325,2.747616723352724,-1.1960005322361391,0.5635774582970905
790,2.0507712143299797,-1.5530517809393203,1.3416629774005275,3.6109149837748022,1.6497639291048518,4.425815935786435
791,-0.3991884047105896,0.5918214975224663,5.378214893566673,2.1688971928800114,0.5545038018240277,2.2760636256485913
792,0.4438735031441703,4.898053536384068,8.21564138993992,3.407901646416061,-2.329121103756184,2.7758641295233644
793,4.339789594807401,3.42689197672617,4.858458707706894,2.326034736593813,-1.4105694384687106,4.006789446510793
794,-1.536444918094884,2.589544813831897,5.315582655611186,3.4571617519155304,-1.0267393354086192,1.6605131244474833
795,-2.6746875127734437,4.242422635407086,6.167389791490288,3.3236335376348585,-1.1877455562152597,1.9198803073027584
796,0.2152823486662352,-1.1358668877323579,5.505773818502956,2.51283075517399,-0.30153632332756286,3.230708327814819
797,-11.13081502046247,-0.46859545080971143,2.66330450064137,1.608020433544291,0.42481734686839767,0.3455614892604788
798,-0.9151861986074703,2.9286191510298214,7.0343190118716805,3.3682107551228873,-2.4276585482410176,2.09519529323066
799,1.9456263237549294,3.9631091316312332,5.589031479879755,1.8135867929858778,-0.738535467825444,1.663457534755738
800,-7.0892420410371315,9.710944868480315,10.357177410205699,4.723627073322767,-3.9966803499816463,0.8431654103721296
801,2.113238899100084,0.24288005025670456,4.433388279966264,2.5535939553075124,0.5197587625581487,3.159134074801883
802,-2.6386416394095384,3.3218426175240645,5.591831376988578,3.7392274796382736,-0.01658086529902303,0.3075529448738603
803,1.7244717810634587,2.4233709703728703,4.817867910732369,2.0266892762578412,0.9999035144970777,2.3541336346519506
804,-1.8707800193948985,1.432107169875974,6.150404410155176,1.8750307441310863,-1.4271352556912358,1.3173448268817332
805,0.43091719978572485,6.100926504080119,7.761315935950661,3.6675508545722777,-3.01430814768535,2.645909542298911
806,2.4804701593846143,1.7653185938191016,6.103796309085491,2.5833175052436914,1.6689751837382385,1.2966271556124374
807,-3.3381870603949686,4.519118665526892,6.641218024044768,1.9272897188836744,-1.9758503615652878,1.8995380576309624
808,-1.1246464687070818,3.98054211842908,5.1079076804740895,2.7557254933537223,0.2042072428067404,2.273737779115215
809,2.5729666006607026,2.630445962042585,4.173300115640056,2.3064136624552143,-0.5111003939986223,2.927200790802357
810,0.13503397515229842,3.759649771122511,6.401485089131995,3.3847502910389506,-2.9779209496074523,2.245541961537577
811,-0.892485929589678,-2.203095159821534,7.042691440273719,1.7385115337611685,-1.919999410503112,1.812832984028279
812,-3.985969435454181,1.3298346966161,6.032851048706653,3.0112441809425263,-0.41551392313728785,1.9222995939960945
813,-0.6876035785464943,0.7495550937235391,6.519296913072049,1.3281153103780938,-0.10426271012805877,1.1856246956118826
814,-1.0549413941293118,2.3538818693758836,7.207172210863741,3.5597363115609744,-1.484353240965025,2.644960625963831
815,3.496366446763054,7.164534547096455,7.498615001843902,4.691036074518928,-3.3303899565730437,2.1178475583645193
816,-6.882399427872698,5.852021409870729,10.28294380281608,2.570491067004056,-0.9179697035859352,0.6676757109512366
817,-1.2517326865889546,1.9870296699909373,6.610896913725336,2.451002783769608,-0.5089186638948116,3.51905724655899
818,-0.23354259037899516,3.4452795793091413,5.752996134688812,2.7624591070474476,-4.147350554260156,2.173555012028372
819,-2.1691381666476794,2.5334790016681357,5.852023439319228,3.5828947013423713,-3.1204140595585845,0.812260175215233
820,1.3412411896956287,5.0025658125948205,9.25392622691032,2.0424570702575378,-0.1577406498630619,2.3023988490510057
821,-0.7001650887984258,1.3237506609576877,5.793288223304101,2.2105329800182063,-0.49287127220311294,1.7559234667487589
822,-0.27395866672283686,4.321300128194835,7.363638011474382,3.148620924398888,-1.0888794767739423,2.2700693025733623
823,-2.035606824942739,1.0812752168172626,5.822976358461102,3.2904834602303183,-1.2060922893965786,2.4123407960486656
824,2.4998343682210056,0.048399893288551876,6.361224356181227,1.885784920045956,-2.860271939463382,2.3546314213589175
825,-4.00120484748566,1.3294549167193763,6.077016983142173,3.923756572271374,-2.0220834076822785,1.73436359868471
826,-7.339319906638597,3.4586864841635707,7.739318512134309,1.3690390410719608,0.22127246859954075,1.696364927494783
827,-2.3438713033232395,1.2044266358425793,4.57890258632647,2.5485315856287643,0.21198908969778174,1.2747283179711149
828,-0.08771553935737586,0.08769894714721138,7.458540548800954,3.2666991894042017,-1.5112761690469143,1.6541909550901304
829,-1.315768712291899,1.69932603604313,4.850741676184219,2.827707938491857,-0.389256886328751,1.7520432094098963
830,-1.091225778545203,5.760602908935346,6.007221579560036,2.4007171403316234,-1.883442756591731,2.0543316267982883
831,-3.2160957545775077,2.595457343512325,4.455644979114069,4.086962088426251,-2.172245908225243,1.912659743873595
832,-1.9453134489225852,3.2706736016865596,6.4699760133095054,1.4174014229461886,-1.1094808692478477,1.9257882651807408
833,-7.562532399125734,3.764091337297419,8.031465248832196,1.5550656253132797,-0.012356478084679101,2.077258611618392
834,1.597716555742783,3.2221174540582234,6.437509489765889,3.3241453542432775,-2.8749358862923327,1.8404701378291561
835,0.5081634825038313,1.9089431785864732,6.731446041329448,2.648579460816448,-1.1243172502392338,2.5440457121905284
836,2.132095893559493,2.4427840940665266,3.9971523621696545,2.0339464649197843,0.844360913646299,3.0166854487284356
837,-2.7260322722366914,4.517512149360631,7.808662779145296,2.660096096544511,-0.570230569570352,0.3420036491195577
838,-1.8562273869318189,0.8106591632842806,8.276253884404076,3.666786726388862,-1.6896461520462158,2.3538258716686213
839,-2.995366949506458,0.14976723744036713,4.918214983998376,3.2637916805900513,-0.6362500050389539,0.7849050940571118
840,-2.119213049604131,3.534656250060898,6.2955902331872675,3.3446376324845493,-1.5341545646182362,3.199422120268673
841,-0.9594397037013356,-0.028605601486445753,6.496106955611686,2.5903324331402966,-0.5297009029587281,1.7937978855672099
842,1.4420990338193294,1.2421280330420474,4.119292315530785,2.303996892477568,-0.4672372202714887,2.8151448541725035
843,-3.2098100393312587,2.2827203164095797,7.25348176984706,2.777368183781635,-2.3673894527442916,2.4928181823420115
844,0.49408078975303393,-1.4320163903563161,6.069618717050966,4.653405697741445,-3.2186794499338305,0.61019610959795
845,-3.1624760238247482,1.971673270815778,5.934852101460984,3.323670447238888,-0.19601716931167978,0.8421663369900847
846,-2.6872339530770795,5.877852417957751,6.360609975049422,2.606266513203062,1.3784048979196322,1.8915552436700094
847,1.5815796047921924,0.3098511370465764,5.596494936677571,2.8044145646239724,-0.846349601769191,1.812025256625449
848,1.137491163406545,2.4352596884087925,5.407711813319942,3.6031464957228567,0.7721604982493399,0.9496326881065056
849,-5.216014373485345,2.52661249736802,4.669817101652266,2.6325863649230765,-0.30292254809431607,2.1186659574934907
850,-5.158482453221722,2.3337070662903363,6.211670617788943,2.844749510712142,-1.5946124795581413,0.6742679455479657
851,0.6385596192636163,0.4615328534349987,4.264828735283156,3.0851118581488226,0.7272765764115009,1.7876641781607892
852,0.9155514215137242,-4.984030367780647,5.963142949792803,0.4206618850785917,2.836667463454215,0.14508257177809547
853,2.0528693631313852,-0.9466596477393194,5.113354521437145,3.5964980317018305,-1.9569247710627633,1.8365030342248225
854,0.17319236435601293,-2.657014268433553,7.2634710899449635,3.8838529014265344,0.3217835954145848,1.987926525358796
855,2.8262158574321425,0.939098125063782,5.565087598513879,2.7489814395944894,-1.6228296995808216,2.5882774807470668
856,-1.222645512979925,-1.2279239071818209,6.581133665793924,1.974517605464086,-2.2390201572504456,1.0550293075906416
857,-1.8716888906012323,2.242768070090154,5.190122535903781,2.311406159508519,-3.1075162898920277,3.0054867953152495
858,3.044788404375198,0.6959874804814081,5.243338252173071,3.3716584987436287,-0.4251408158137072,2.2216967295523875
859,-6.237968541427435,6.466771058662688,7.403540286112404,3.055799533164948,-3.7061792587132065,2.146484057403379
860,-3.2911680103346166,8.317570995193758,4.4539421738870235,2.072939511466975,-2.2470554535386893,3.4537155663456742
861,-2.2834821643713807,2.1799095659280994,5.338664971763185,3.327661624783409,-0.5470567127334048,2.421975258604523
862,0.06675036861195549,1.1283337141379874,6.300057339042097,3.7454362404856414,-1.1670681287351217,2.392250732103188
863,1.3440375060893572,-1.1578025964269614,4.017569867521302,3.116753666216203,-1.1474649312823173,1.4720754918754009
864,-2.905924078415633,3.0858182734154185,5.61330496517915,4.717816501982667,-1.7572750721165513,2.4371220968133755
865,-1.8624234103034047,8.06723220934533,8.604008394755308,2.5617408727271984,-2.9702737636654755,2.2039957728014223
866,0.4870578444667739,1.052248971914013,4.8089554263826075,3.3662787747375815,-1.1781776498124474,2.7363426914239883
867,4.073405346515209,-1.0024773202205894,2.7601048059861126,1.9975049073359097,0.8853898347842276,1.1863896386358048
868,3.799853729012705,7.108407821370672,5.054476521824646,2.8687535052982787,-0.09653187299116472,2.7763134217171075
869,-2.648092714024738,1.26757712325991,4.634455559015159,2.8766424002925324,-0.8204222674610604,2.053596333324794
870,4.054280694598331,2.655395733368536,6.722485765278918,3.0714407433816495,-2.0356792031078674,3.084629658537498
871,-1.1373435897047435,1.980369626405387,6.409575277868525,2.965970354954421,-1.0067030621599342,2.3023893140176637
872,1.1014881669356837,-3.275171157519507,5.04203804044358,3.107990289720737,2.751663920435712,2.2618211806473836
873,-1.2876176730530215,1.967939031334477,7.0807397525776885,3.8788384826559996,-3.0708660429080727,2.489709150895296
874,-3.75235298723495,-4.552135155267193,5.5349738630680365,1.997938597236427,1.251172950504193,1.0521664907630006
875,-3.2504623102684778,2.9056971631754953,5.350811877169446,3.223422682311842,-1.413320411427116,2.5564570591760254
876,-4.275379259619157,2.338333150519327,7.089255658274014,3.468585202410983,-1.1736170929168255,2.935194705998863
877,-1.732884557812701,2.6664924735767466,6.292744301842086,0.5707715025458366,-1.1785583082658644,-0.07330795052157546
878,-5.748705177313178,0.5123490849776413,7.626966106439083,2.3824478417954262,-3.831217224985865,0.9072485724089774
879,-1.102056838858937,1.578369737662627,5.860148491614105,2.880402186639329,-1.8198362736969318,2.598685287969372
880,-4.932299110567631,2.909426225646292,4.54494633294303,1.8290478638713985,-4.904510955896006,2.0753367908217286
881,3.391006642281001,5.536093676817053,5.90895542642004,2.471804944509925,-1.3907178449615645,2.2760380907997453
882,1.9826533686456602,1.3189486040880947,5.755626618712897,4.2018260845322475,-1.071643362010843,2.8336234268050204
883,3.6119766676825007,3.9872054769082674,3.5944667668734,3.75345773972586,0.4319820396435369,3.0149334605320055
884,-3.6548615687084136,-0.008699466612834161,6.203704136899028,2.650374968776135,0.46165073719637084,0.46221699339794275
885,-2.8159959869284754,2.784461075916813,6.780049211456762,3.9163593241709935,-2.101400414159505,1.314197010564732
886,-0.9751865356959922,2.7886143423729974,4.527184602735361,3.3679322786420665,-1.4027133546844044,2.961993133448516
887,7.7538585613397775,6.782019649291855,3.1389505604401475,4.689082274636286,-0.7577289711060236,2.5165008500361554
888,-2.851584043316216,1.9666463840499844,5.572614932307294,3.0016332426553824,-0.4163451249767688,1.122757950863349
889,1.7051375579046368,2.111671481110635,4.668565654929895,2.0967818842273362,0.2165428735801357,2.563261510128033
890,-1.2290280830797717,-1.0380353781115614,4.131734507421776,2.5816938841200514,-0.10390087659948422,1.6931168334265232
891,-2.490203629133186,0.9208819356030475,5.75138956062351,3.630060658278187,-1.0139824861841262,2.4445263247019677
892,-3.3922499073826375,1.4878067800414811,7.791692698078954,2.7586825458814914,-0.8098573317386932,2.3683453696501022
893,1.76000034747296,0.8328993803177762,4.372089260739202,4.660348145910765,-1.9957981981973294,3.395800620401186
894,-0.6844368263794619,0.9418883955044812,4.745964113508966,2.220107122336119,-0.830840917836585,0.9581634112855673
895,-3.857172274126731,3.4872541296685737,4.143681851116653,2.5500401239772463,-1.8040190841144579,2.8329459458790573
896,2.3319983077043767,4.8958364756502135,4.656801368122531,3.779985212663965,-1.5360580365152487,2.0203632669100675
897,-7.2170251627489845,9.478419474384134,6.4683813203146165,1.6183437585717773,-0.5400893162907094,0.7875750003987192
898,5.204085810771751,2.976354381714325,6.590014565548701,3.3589760867539504,0.44822690354717876,3.0094645986927406
899,1.0306283963209455,1.205614484932977,7.691046834420957,4.240020801280526,-1.939660971860666,2.20120305735952
900,-1.2630926110289233,1.9159740060470736,5.324802896716169,3.3894678070494626,-0.5794491806208066,2.279943235070985
901,2.6234856936227366,1.5122094098014638,5.13105833458625,4.396547484655645,-1.4408190987496932,3.468370412297146
902,3.6940417274348443,5.620432884777223,5.805770240076801,3.142868296543093,-2.0827360724500292,2.6859716851964275
903,1.0286321235926597,4.171714544923276,7.077841338172058,2.7053403658038944,-1.820386094388077,3.2382806018650845
904,0.27861210378231016,4.981978533503605,5.449102263046906,2.4057453862196003,-1.1180700531190324,1.3557248966196038
905,0.926753913497639,2.8647196716191385,5.412430125016661,3.2404613375024707,0.27375512506263944,1.7810955547359022
906,-3.1916513636903794,0.9702152164378672,6.334377637086835,3.2313851286589053,-0.7134358092640007,1.412319535303679
907,-2.5788398172444698,0.35584180160202195,5.838712402525044,3.014735107647311,0.150543323611945,2.03797976544548
908,15.643839841187773,0.8898541318561772,3.9038916815673494,1.2924809471601715,1.2471919471947341,4.374679341841846
909,-3.079852137536696,-0.5583578318145066,4.499019968442924,3.546889825582864,-0.8342745903547346,3.440002439178745
910,-0.7167156544460864,1.7957866172078503,3.4895176883667163,3.285578279892937,0.06207709719324972,2.237386095724676
911,-2.4193222454228236,1.343979116708652,5.426796810843312,3.615242869283258,-0.7968071745269253,2.618322551518376
912,1.2132774349150148,4.930045095882569,6.0253342396341285,2.8042967143613,-0.024700992467687977,3.514503930145591
913,0.3363371175696819,4.331613619307936,7.1792367117191525,3.8633882353232876,-1.343171092663496,2.7597920522346557
914,4.0407814744133566,0.31578745182786117,4.400712205689349,3.500748764905935,0.5934075869292473,2.9214137038634758
915,-4.166463808745785,2.3298712766862772,5.258372879370132,4.132326599601579,-2.1748601169752795,3.618072110704232
916,-1.7631680671884304,4.613734258486366,8.321265715871633,3.858852251851606,-3.7134029011562504,1.1504015402864802
917,-1.5584385200252089,0.9655823902029432,5.677653698650684,3.487035851780612,-1.1757065665068653,2.0119868146480555
918,2.235341093492393,0.5242370721554428,6.704854875925123,3.0561012847610076,0.5206764521629274,1.952571539471014
919,-4.954728496940048,2.9372475077952367,8.377098547909101,2.4306598733697107,-3.0839449060633886,1.4846040723992358
920,-2.2072445275668837,-2.125430267019154,6.904714069492467,2.8340049622670667,-2.6068835507449513,0.4906355940776841
921,-1.8529262008507092,2.8346443829310424,5.035866766655246,3.558733655412798,-1.8846557175621361,0.8348090051204242
922,-2.419308273674847,1.010470780730567,6.561221859271038,3.2164175370762615,-2.2850347892786727,1.591399788156811
923,1.347785099269489,1.809053229878447,5.158858228670237,3.0246484610808864,0.6531915661485689,3.0413538394771966
924,-3.1968575830776014,1.601407926437838,6.422283779899159,2.365748721012995,-0.25773952010490575,0.5056389695136732
925,1.181271823290266,1.0394486230588362,4.78945570862625,3.022444065872934,0.007976563328375263,2.3206345890265774
926,0.4816515603561773,0.03631859101200163,2.9395995679854523,2.1728652365679584,-0.7941409103327133,1.3209859291395243
927,-2.4662030263710246,4.614026410135001,4.996871660015039,2.6320763487064784,0.690563913163538,1.2561651012021118
928,-22.53841226771642,-5.35206446509556,17.003359195286,2.177723923032176,-3.027242129156446,-3.7619623894957464
929,-1.3593623176089746,0.4378649887709174,4.611321183210925,3.1462636347455932,-0.002300464519918055,2.3385673868870365
930,-3.8785182239666067,3.960981711825045,5.648625389192755,4.920335029244683,-3.6126698825326926,2.744167002126269
931,-1.213232552336134,4.778180787649618,6.233253094696556,2.00832393297848,-0.7252980319282079,2.061022066173378
932,-2.823091249313826,-0.19131443295919404,6.578565555801263,1.036668701186163,-0.4516131018826812,1.9460912488628908
933,-4.929498612227188,0.3602892468492813,4.843634539384143,2.574651269036707,-0.503812119136289,1.731458644769657
934,4.492328819831055,-1.1812308940982374,3.567462496983032,1.5145701496522106,0.32597373285793874,2.5556562266106
935,0.01782614926073789,2.8085869133405605,5.912520275095198,3.4952663600736256,-0.4927491671118578,2.058347228441198
936,-0.8061473619833255,2.105228293404019,7.244628908346712,2.1268935612409345,-0.7246808939183199,1.4878283790050466
937,-2.689752378519358,2.9910091331147206,5.098992663997384,2.896084901262446,-1.2882676858190671,3.808431402502851
938,1.6827558521184147,1.4094585271352884,5.2841374723575445,2.2895869243859006,-0.9360115045978897,2.5616585059471197
939,0.5682368931565103,0.18389059578809208,6.066429935533771,1.2674567855036418,-0.5607707102294373,0.5935319864186783
940,-2.115544456525636,0.32228701931886317,6.059850103434334,2.991072381474734,0.1578271573008253,1.3728824128922419
941,-0.6285746763422062,-2.1788146183942994,5.14969091572933,2.9827164853517116,-0.6923726472130627,1.1781688951773486
942,2.5964337421159938,0.9943114084440263,4.55641237517696,2.286643713381684,-0.5998981408873576,2.268740848648099
943,-1.658200671781868,4.83613951124471,6.0840497440885875,3.4375600761342806,-0.20610658682317817,1.80127134891969
944,-2.2703232734332994,2.375277634959035,5.895467779635273,3.8327161657971454,-2.2199262145103726,2.690477574126715
945,-3.169246773437402,4.650380856025427,7.229378152483461,1.7385374754291112,-3.612472243059169,1.4986607761997717
946,0.9944392407826053,5.3779891219600815,5.5309399481298005,3.979254893271187,-0.8263913499248138,2.5170483266753116
947,-2.0296438533662284,5.601280895613053,6.633185090344083,2.406974811287723,-1.1729550716323216,0.744120146479178
948,3.143363675586637,1.2412945681351233,4.088827579850919,3.016939145776468,-1.60715035459673,3.0091271605797516
949,-0.7696059227281814,1.4895393976651516,5.611560705814331,2.2939598835220454,-0.9574230754331299,0.797210367386977
950,1.1774892475428427,-0.7800650219143002,2.8608086115678364,0.38539657237345093,0.20419851580960857,2.7372066627308103
951,1.8344875552327653,1.5169968126813196,5.62371663100146,2.828354424530093,-0.29110910090359243,3.0841384382582193
952,-3.6698864783544973,-2.0188327821019127,5.644861143681545,1.5819279007884868,0.8513315267107423,1.0849477756336705
953,1.6880753390415122,1.0837113579690447,3.8621762349007662,4.501672646350512,0.2712792356992618,1.9954732224671694
954,-0.4786676554776179,1.026914581430041,6.32616485936156,1.1870577437989285,1.2404151063733018,1.507915612881609
955,-0.927740309912404,2.643236023779815,6.28206297459818,3.3019175081919725,-0.025725137942665732,2.3144654612392594
956,6.340042489015632,9.064777562451777,3.5444626763950424,3.714476691212577,-5.069778836013748,2.3761643475872116
957,-1.6391187732199497,-0.5806421324355662,5.824270283404946,3.5285717353751433,-1.639467372331262,2.3026462492405653
958,-4.802737131943893,4.180538014275003,4.909944348433918,2.551871761257721,-1.8007004557966018,4.4933403583670835
959,-4.496998506295517,5.554027373316977,7.810743928434471,2.8140856741997093,-2.3862800747340627,0.6110709170178033
960,-4.694045228222088,3.6159213426136443,6.030183344618536,2.2693801895715233,1.0379178948198642,0.6850543302605161
961,2.1000936703231536,-5.758285897966499,4.886117776196469,2.06388782883797,3.1563126660599363,2.573738928903613
962,-4.749178277048434,2.0928854798889187,5.3283809147679015,3.1327621262209675,-0.6699572731345071,2.5082217636312736
963,-3.0193136613706133,4.6666313452747135,10.631570737801733,5.202268361234655,-2.665562887417336,2.6183073009784312
964,0.4511947525710278,0.8666766028121407,4.793444185942506,2.751023231991177,-2.2123878283091343,2.912542774278172
965,3.2414490061182963,0.39021732280295574,5.84704149744086,4.499209180692989,-1.1929884476400856,4.133418252629708
966,-2.7799380007321233,1.6061338388516395,5.2948509342155825,1.594087666361312,0.4768164237952336,1.3223079860275782
967,0.6742422809076722,0.5245621936070757,4.768833287002049,3.489703709031934,-0.5928006325154763,2.3782078479047306
968,-1.2805609206496116,2.7577083199899213,4.609690172948791,2.936194332820227,2.77758912436968,2.723495096581244
969,0.43849550789462466,2.8773923209899044,5.984092699437997,4.0486240160960865,-1.244768436885096,2.291466370076744
970,1.290167473154625,3.071842259927865,5.117720676059276,2.297744465532367,-0.3731410254019816,1.8667677410430255
971,1.2966256221695738,-0.04145306641886659,6.618044651158659,3.2211001532634915,2.338906337234355,1.5556701985798351
972,-0.2313375273022289,2.6752080123501125,6.150691694929709,2.341492932073992,-1.0730663851790023,1.168259882795329
973,-4.7986947287301955,3.457998296120514,6.174971657384668,2.5289843360067428,-1.9997136994444067,1.8743243552159883
974,-2.4806138698191003,4.546991702880552,7.375591742258935,2.973853458519791,-2.3020310613977126,2.09448147463983
975,0.14517020816303305,3.709478228719407,7.221190965017103,2.8268572443113165,-3.4134371835615718,1.6533890940320488
976,0.6993709229589138,0.4048468580929505,5.436907475489106,2.8733761536463396,1.1211010167250754,1.535254566465534
977,6.196872547310926,5.9814144113492445,3.218097869096124,2.189125859054495,1.0395202406121555,2.3489646993962277
978,-1.5324083188277233,3.9902509516657396,6.147264403164279,2.5596680901833664,-1.6679735559760491,1.8465153672300514
979,-2.802475297221534,3.230586869195136,6.076501360867419,3.4855366691397003,-3.006302667686576,2.409687340251005
980,0.4495296259535757,1.196826508641923,6.362608592768305,3.1723945306327135,-1.5012456951365403,3.0220751375656247
981,-2.900007013761782,2.7402002148986355,6.290463358493415,4.716253352434606,-1.5696486238833636,2.8226002400092005
982,-2.0704893289285753,2.142273457970414,5.686045974213931,2.430927789884445,-1.6530838179940117,2.2801085548762012
983,3.0282492446728417,-0.418780527401168,4.389255587049723,1.8924659182776238,1.933501463277664,2.906019256169324
984,-5.07493907459596,2.945354020788003,6.007165501374099,3.321834326835583,-1.2019243158211736,2.857217042731966
985,-5.46823043465071,1.1796400469532626,6.823680229552582,2.9618049711802783,-2.4914764768539643,2.5730098047327066
986,-1.0497589172472426,-0.06193449227254,3.8018439561256785,3.248561088192936,0.8575417796192343,3.564379977965629
987,0.28243042511356875,4.333302036644588,5.298924549296143,3.844696150109982,-1.6700518261477069,2.278832517374539
988,-0.9114490171187096,1.462968246562868,5.985475640543614,3.6092255691377453,-0.15004521286527228,1.913820167231445
989,-0.8315748512735639,0.5754040052105251,8.082894901933473,3.4486579457396385,-2.010745009559323,0.7836845309858484
990,5.218900772375544,3.5567206979651322,1.2531823185326325,2.3402049131059863,-3.480361166697256,4.749398858773983
991,-3.330674379948078,2.3936389903415414,7.372917741422596,3.6387127323309945,-3.045918052739956,1.4403724094151689
992,2.3866749757971206,4.986804518064684,5.6808964622006375,3.8137452894109187,-0.01145471127221187,2.7898942335404255
993,2.2143890244256665,0.23556999004524615,4.559918684149803,3.5937798130069183,-3.22336668056981,4.782504822937313
994,-2.1082630117602457,4.168224746765742,8.574866918142927,3.2907876773729203,-3.1531449801732707,2.099542012182814
995,-0.28975330867248594,3.0904099219641954,5.86683638118682,3.652510561355297,-1.6872800387019238,3.1673076330591337
996,-1.0159127310970253,4.483509135331303,7.926148088146359,3.536771301546511,-0.3335467822358774,2.541353385706923
997,1.8362559866500034,2.5971468724017237,6.578263481728422,3.655022543032101,-2.817456973154094,2.8172211784625034
998,-5.678742015994424,3.078553187555969,5.861821203741127,2.4702637236022795,-2.308407103630566,1.9706910858865525
999,0.0011219974887386464,0.21950544664871297,6.106540619489497,3.114385067290229,-0.06731654696621658,1.2112437854743447
1000,2.1059011030203125,0.22365937134348535,3.9550382893143783,3.612185895545804,0.21256867245034405,2.9671844991164282
