period_end,segment,metric,value,unit,publication_date,source_url,source_file,locator,excerpt
2022-03-31,Beauty,reported_volume_growth,0.0,percent / percentage-point contribution,2022-04-20,https://www.sec.gov/Archives/edgar/data/80424/000008042422000035/pg-20220331.htm,sources/pg_2022-03-31_tables.json,"table 32, row 3 (zero-based)",Beauty | —% | (1)% | (2)% | 4% | —% | —% | 2%
2022-03-31,Beauty,organic_volume_growth,-1.0,percent / percentage-point contribution,2022-04-20,https://www.sec.gov/Archives/edgar/data/80424/000008042422000035/pg-20220331.htm,sources/pg_2022-03-31_tables.json,"table 32, row 3 (zero-based)",Beauty | —% | (1)% | (2)% | 4% | —% | —% | 2%
2022-03-31,Beauty,fx_contribution,-2.0,percent / percentage-point contribution,2022-04-20,https://www.sec.gov/Archives/edgar/data/80424/000008042422000035/pg-20220331.htm,sources/pg_2022-03-31_tables.json,"table 32, row 3 (zero-based)",Beauty | —% | (1)% | (2)% | 4% | —% | —% | 2%
2022-03-31,Beauty,price_contribution,4.0,percent / percentage-point contribution,2022-04-20,https://www.sec.gov/Archives/edgar/data/80424/000008042422000035/pg-20220331.htm,sources/pg_2022-03-31_tables.json,"table 32, row 3 (zero-based)",Beauty | —% | (1)% | (2)% | 4% | —% | —% | 2%
2022-03-31,Beauty,mix_contribution,0.0,percent / percentage-point contribution,2022-04-20,https://www.sec.gov/Archives/edgar/data/80424/000008042422000035/pg-20220331.htm,sources/pg_2022-03-31_tables.json,"table 32, row 3 (zero-based)",Beauty | —% | (1)% | (2)% | 4% | —% | —% | 2%
2022-03-31,Beauty,other_contribution,0.0,percent / percentage-point contribution,2022-04-20,https://www.sec.gov/Archives/edgar/data/80424/000008042422000035/pg-20220331.htm,sources/pg_2022-03-31_tables.json,"table 32, row 3 (zero-based)",Beauty | —% | (1)% | (2)% | 4% | —% | —% | 2%
2022-03-31,Beauty,reported_sales_growth,2.0,percent / percentage-point contribution,2022-04-20,https://www.sec.gov/Archives/edgar/data/80424/000008042422000035/pg-20220331.htm,sources/pg_2022-03-31_tables.json,"table 32, row 3 (zero-based)",Beauty | —% | (1)% | (2)% | 4% | —% | —% | 2%
2022-03-31,Grooming,reported_volume_growth,1.0,percent / percentage-point contribution,2022-04-20,https://www.sec.gov/Archives/edgar/data/80424/000008042422000035/pg-20220331.htm,sources/pg_2022-03-31_tables.json,"table 32, row 4 (zero-based)",Grooming | 1% | 1% | (5)% | 6% | 1% | —% | 3%
2022-03-31,Grooming,organic_volume_growth,1.0,percent / percentage-point contribution,2022-04-20,https://www.sec.gov/Archives/edgar/data/80424/000008042422000035/pg-20220331.htm,sources/pg_2022-03-31_tables.json,"table 32, row 4 (zero-based)",Grooming | 1% | 1% | (5)% | 6% | 1% | —% | 3%
2022-03-31,Grooming,fx_contribution,-5.0,percent / percentage-point contribution,2022-04-20,https://www.sec.gov/Archives/edgar/data/80424/000008042422000035/pg-20220331.htm,sources/pg_2022-03-31_tables.json,"table 32, row 4 (zero-based)",Grooming | 1% | 1% | (5)% | 6% | 1% | —% | 3%
2022-03-31,Grooming,price_contribution,6.0,percent / percentage-point contribution,2022-04-20,https://www.sec.gov/Archives/edgar/data/80424/000008042422000035/pg-20220331.htm,sources/pg_2022-03-31_tables.json,"table 32, row 4 (zero-based)",Grooming | 1% | 1% | (5)% | 6% | 1% | —% | 3%
2022-03-31,Grooming,mix_contribution,1.0,percent / percentage-point contribution,2022-04-20,https://www.sec.gov/Archives/edgar/data/80424/000008042422000035/pg-20220331.htm,sources/pg_2022-03-31_tables.json,"table 32, row 4 (zero-based)",Grooming | 1% | 1% | (5)% | 6% | 1% | —% | 3%
2022-03-31,Grooming,other_contribution,0.0,percent / percentage-point contribution,2022-04-20,https://www.sec.gov/Archives/edgar/data/80424/000008042422000035/pg-20220331.htm,sources/pg_2022-03-31_tables.json,"table 32, row 4 (zero-based)",Grooming | 1% | 1% | (5)% | 6% | 1% | —% | 3%
2022-03-31,Grooming,reported_sales_growth,3.0,percent / percentage-point contribution,2022-04-20,https://www.sec.gov/Archives/edgar/data/80424/000008042422000035/pg-20220331.htm,sources/pg_2022-03-31_tables.json,"table 32, row 4 (zero-based)",Grooming | 1% | 1% | (5)% | 6% | 1% | —% | 3%
2022-03-31,Health Care,reported_volume_growth,8.0,percent / percentage-point contribution,2022-04-20,https://www.sec.gov/Archives/edgar/data/80424/000008042422000035/pg-20220331.htm,sources/pg_2022-03-31_tables.json,"table 32, row 5 (zero-based)",Health Care | 8% | 8% | (3)% | 3% | 5% | —% | 13%
2022-03-31,Health Care,organic_volume_growth,8.0,percent / percentage-point contribution,2022-04-20,https://www.sec.gov/Archives/edgar/data/80424/000008042422000035/pg-20220331.htm,sources/pg_2022-03-31_tables.json,"table 32, row 5 (zero-based)",Health Care | 8% | 8% | (3)% | 3% | 5% | —% | 13%
2022-03-31,Health Care,fx_contribution,-3.0,percent / percentage-point contribution,2022-04-20,https://www.sec.gov/Archives/edgar/data/80424/000008042422000035/pg-20220331.htm,sources/pg_2022-03-31_tables.json,"table 32, row 5 (zero-based)",Health Care | 8% | 8% | (3)% | 3% | 5% | —% | 13%
2022-03-31,Health Care,price_contribution,3.0,percent / percentage-point contribution,2022-04-20,https://www.sec.gov/Archives/edgar/data/80424/000008042422000035/pg-20220331.htm,sources/pg_2022-03-31_tables.json,"table 32, row 5 (zero-based)",Health Care | 8% | 8% | (3)% | 3% | 5% | —% | 13%
2022-03-31,Health Care,mix_contribution,5.0,percent / percentage-point contribution,2022-04-20,https://www.sec.gov/Archives/edgar/data/80424/000008042422000035/pg-20220331.htm,sources/pg_2022-03-31_tables.json,"table 32, row 5 (zero-based)",Health Care | 8% | 8% | (3)% | 3% | 5% | —% | 13%
2022-03-31,Health Care,other_contribution,0.0,percent / percentage-point contribution,2022-04-20,https://www.sec.gov/Archives/edgar/data/80424/000008042422000035/pg-20220331.htm,sources/pg_2022-03-31_tables.json,"table 32, row 5 (zero-based)",Health Care | 8% | 8% | (3)% | 3% | 5% | —% | 13%
2022-03-31,Health Care,reported_sales_growth,13.0,percent / percentage-point contribution,2022-04-20,https://www.sec.gov/Archives/edgar/data/80424/000008042422000035/pg-20220331.htm,sources/pg_2022-03-31_tables.json,"table 32, row 5 (zero-based)",Health Care | 8% | 8% | (3)% | 3% | 5% | —% | 13%
2022-03-31,Fabric & Home Care,reported_volume_growth,4.0,percent / percentage-point contribution,2022-04-20,https://www.sec.gov/Archives/edgar/data/80424/000008042422000035/pg-20220331.htm,sources/pg_2022-03-31_tables.json,"table 32, row 6 (zero-based)",Fabric & Home Care | 4% | 5% | (3)% | 5% | 1% | —% | 7%
2022-03-31,Fabric & Home Care,organic_volume_growth,5.0,percent / percentage-point contribution,2022-04-20,https://www.sec.gov/Archives/edgar/data/80424/000008042422000035/pg-20220331.htm,sources/pg_2022-03-31_tables.json,"table 32, row 6 (zero-based)",Fabric & Home Care | 4% | 5% | (3)% | 5% | 1% | —% | 7%
2022-03-31,Fabric & Home Care,fx_contribution,-3.0,percent / percentage-point contribution,2022-04-20,https://www.sec.gov/Archives/edgar/data/80424/000008042422000035/pg-20220331.htm,sources/pg_2022-03-31_tables.json,"table 32, row 6 (zero-based)",Fabric & Home Care | 4% | 5% | (3)% | 5% | 1% | —% | 7%
2022-03-31,Fabric & Home Care,price_contribution,5.0,percent / percentage-point contribution,2022-04-20,https://www.sec.gov/Archives/edgar/data/80424/000008042422000035/pg-20220331.htm,sources/pg_2022-03-31_tables.json,"table 32, row 6 (zero-based)",Fabric & Home Care | 4% | 5% | (3)% | 5% | 1% | —% | 7%
2022-03-31,Fabric & Home Care,mix_contribution,1.0,percent / percentage-point contribution,2022-04-20,https://www.sec.gov/Archives/edgar/data/80424/000008042422000035/pg-20220331.htm,sources/pg_2022-03-31_tables.json,"table 32, row 6 (zero-based)",Fabric & Home Care | 4% | 5% | (3)% | 5% | 1% | —% | 7%
2022-03-31,Fabric & Home Care,other_contribution,0.0,percent / percentage-point contribution,2022-04-20,https://www.sec.gov/Archives/edgar/data/80424/000008042422000035/pg-20220331.htm,sources/pg_2022-03-31_tables.json,"table 32, row 6 (zero-based)",Fabric & Home Care | 4% | 5% | (3)% | 5% | 1% | —% | 7%
2022-03-31,Fabric & Home Care,reported_sales_growth,7.0,percent / percentage-point contribution,2022-04-20,https://www.sec.gov/Archives/edgar/data/80424/000008042422000035/pg-20220331.htm,sources/pg_2022-03-31_tables.json,"table 32, row 6 (zero-based)",Fabric & Home Care | 4% | 5% | (3)% | 5% | 1% | —% | 7%
2022-03-31,"Baby, Feminine & Family Care",reported_volume_growth,2.0,percent / percentage-point contribution,2022-04-20,https://www.sec.gov/Archives/edgar/data/80424/000008042422000035/pg-20220331.htm,sources/pg_2022-03-31_tables.json,"table 32, row 7 (zero-based)","Baby, Feminine & Family Care | 2% | 2% | (3)% | 5% | 2% | 1% | 7%"
2022-03-31,"Baby, Feminine & Family Care",organic_volume_growth,2.0,percent / percentage-point contribution,2022-04-20,https://www.sec.gov/Archives/edgar/data/80424/000008042422000035/pg-20220331.htm,sources/pg_2022-03-31_tables.json,"table 32, row 7 (zero-based)","Baby, Feminine & Family Care | 2% | 2% | (3)% | 5% | 2% | 1% | 7%"
2022-03-31,"Baby, Feminine & Family Care",fx_contribution,-3.0,percent / percentage-point contribution,2022-04-20,https://www.sec.gov/Archives/edgar/data/80424/000008042422000035/pg-20220331.htm,sources/pg_2022-03-31_tables.json,"table 32, row 7 (zero-based)","Baby, Feminine & Family Care | 2% | 2% | (3)% | 5% | 2% | 1% | 7%"
2022-03-31,"Baby, Feminine & Family Care",price_contribution,5.0,percent / percentage-point contribution,2022-04-20,https://www.sec.gov/Archives/edgar/data/80424/000008042422000035/pg-20220331.htm,sources/pg_2022-03-31_tables.json,"table 32, row 7 (zero-based)","Baby, Feminine & Family Care | 2% | 2% | (3)% | 5% | 2% | 1% | 7%"
2022-03-31,"Baby, Feminine & Family Care",mix_contribution,2.0,percent / percentage-point contribution,2022-04-20,https://www.sec.gov/Archives/edgar/data/80424/000008042422000035/pg-20220331.htm,sources/pg_2022-03-31_tables.json,"table 32, row 7 (zero-based)","Baby, Feminine & Family Care | 2% | 2% | (3)% | 5% | 2% | 1% | 7%"
2022-03-31,"Baby, Feminine & Family Care",other_contribution,1.0,percent / percentage-point contribution,2022-04-20,https://www.sec.gov/Archives/edgar/data/80424/000008042422000035/pg-20220331.htm,sources/pg_2022-03-31_tables.json,"table 32, row 7 (zero-based)","Baby, Feminine & Family Care | 2% | 2% | (3)% | 5% | 2% | 1% | 7%"
2022-03-31,"Baby, Feminine & Family Care",reported_sales_growth,7.0,percent / percentage-point contribution,2022-04-20,https://www.sec.gov/Archives/edgar/data/80424/000008042422000035/pg-20220331.htm,sources/pg_2022-03-31_tables.json,"table 32, row 7 (zero-based)","Baby, Feminine & Family Care | 2% | 2% | (3)% | 5% | 2% | 1% | 7%"
2022-03-31,Total Company,reported_volume_growth,3.0,percent / percentage-point contribution,2022-04-20,https://www.sec.gov/Archives/edgar/data/80424/000008042422000035/pg-20220331.htm,sources/pg_2022-03-31_tables.json,"table 32, row 8 (zero-based)",Total Company | 3% | 3% | (3)% | 5% | 2% | —% | 7%
2022-03-31,Total Company,organic_volume_growth,3.0,percent / percentage-point contribution,2022-04-20,https://www.sec.gov/Archives/edgar/data/80424/000008042422000035/pg-20220331.htm,sources/pg_2022-03-31_tables.json,"table 32, row 8 (zero-based)",Total Company | 3% | 3% | (3)% | 5% | 2% | —% | 7%
2022-03-31,Total Company,fx_contribution,-3.0,percent / percentage-point contribution,2022-04-20,https://www.sec.gov/Archives/edgar/data/80424/000008042422000035/pg-20220331.htm,sources/pg_2022-03-31_tables.json,"table 32, row 8 (zero-based)",Total Company | 3% | 3% | (3)% | 5% | 2% | —% | 7%
2022-03-31,Total Company,price_contribution,5.0,percent / percentage-point contribution,2022-04-20,https://www.sec.gov/Archives/edgar/data/80424/000008042422000035/pg-20220331.htm,sources/pg_2022-03-31_tables.json,"table 32, row 8 (zero-based)",Total Company | 3% | 3% | (3)% | 5% | 2% | —% | 7%
2022-03-31,Total Company,mix_contribution,2.0,percent / percentage-point contribution,2022-04-20,https://www.sec.gov/Archives/edgar/data/80424/000008042422000035/pg-20220331.htm,sources/pg_2022-03-31_tables.json,"table 32, row 8 (zero-based)",Total Company | 3% | 3% | (3)% | 5% | 2% | —% | 7%
2022-03-31,Total Company,other_contribution,0.0,percent / percentage-point contribution,2022-04-20,https://www.sec.gov/Archives/edgar/data/80424/000008042422000035/pg-20220331.htm,sources/pg_2022-03-31_tables.json,"table 32, row 8 (zero-based)",Total Company | 3% | 3% | (3)% | 5% | 2% | —% | 7%
2022-03-31,Total Company,reported_sales_growth,7.0,percent / percentage-point contribution,2022-04-20,https://www.sec.gov/Archives/edgar/data/80424/000008042422000035/pg-20220331.htm,sources/pg_2022-03-31_tables.json,"table 32, row 8 (zero-based)",Total Company | 3% | 3% | (3)% | 5% | 2% | —% | 7%
2022-03-31,Beauty,net_sales,3389.0,USD million,2022-04-20,https://www.sec.gov/Archives/edgar/data/80424/000008042422000035/pg-20220331.htm,sources/pg_2022-03-31_tables.json,"table 35, row 3 (zero-based)","Beauty | $ | 3,389 | 2 | % | $ | 792 | 10 | % | $ | 644 | 12 | %"
2022-03-31,Grooming,net_sales,1481.0,USD million,2022-04-20,https://www.sec.gov/Archives/edgar/data/80424/000008042422000035/pg-20220331.htm,sources/pg_2022-03-31_tables.json,"table 35, row 4 (zero-based)","Grooming | 1,481 | 3 | % | 353 | 12 | % | 290 | 13 | %"
2022-03-31,Health Care,net_sales,2662.0,USD million,2022-04-20,https://www.sec.gov/Archives/edgar/data/80424/000008042422000035/pg-20220331.htm,sources/pg_2022-03-31_tables.json,"table 35, row 5 (zero-based)","Health Care | 2,662 | 13 | % | 625 | 29 | % | 485 | 29 | %"
2022-03-31,Fabric & Home Care,net_sales,6699.0,USD million,2022-04-20,https://www.sec.gov/Archives/edgar/data/80424/000008042422000035/pg-20220331.htm,sources/pg_2022-03-31_tables.json,"table 35, row 6 (zero-based)","Fabric & Home Care | 6,699 | 7 | % | 1,275 | (5) | % | 969 | (6) | %"
2022-03-31,"Baby, Feminine & Family Care",net_sales,4935.0,USD million,2022-04-20,https://www.sec.gov/Archives/edgar/data/80424/000008042422000035/pg-20220331.htm,sources/pg_2022-03-31_tables.json,"table 35, row 7 (zero-based)","Baby, Feminine & Family Care | 4,935 | 7 | % | 1,091 | (4) | % | 836 | (4) | %"
2022-03-31,Corporate,net_sales,215.0,USD million,2022-04-20,https://www.sec.gov/Archives/edgar/data/80424/000008042422000035/pg-20220331.htm,sources/pg_2022-03-31_tables.json,"table 35, row 8 (zero-based)",Corporate | 215 | N/A | (65) | N/A | 143 | N/A
2022-03-31,Total Company,net_sales,19381.0,USD million,2022-04-20,https://www.sec.gov/Archives/edgar/data/80424/000008042422000035/pg-20220331.htm,sources/pg_2022-03-31_tables.json,"table 35, row 9 (zero-based)","Total Company | $ | 19,381 | 7 | % | $ | 4,071 | 5 | % | $ | 3,367 | 4 | %"
2022-03-31,Beauty,organic_sales_growth,3.0,percent / percentage-point contribution,2022-04-20,https://www.sec.gov/Archives/edgar/data/80424/000008042422000035/pg-20220331.htm,sources/pg_2022-03-31_tables.json,"table 37, row 2 (zero-based)",Beauty | 2% | 2% | (1)% | 3%
2022-03-31,Grooming,organic_sales_growth,8.0,percent / percentage-point contribution,2022-04-20,https://www.sec.gov/Archives/edgar/data/80424/000008042422000035/pg-20220331.htm,sources/pg_2022-03-31_tables.json,"table 37, row 3 (zero-based)",Grooming | 3% | 5% | —% | 8%
2022-03-31,Health Care,organic_sales_growth,16.0,percent / percentage-point contribution,2022-04-20,https://www.sec.gov/Archives/edgar/data/80424/000008042422000035/pg-20220331.htm,sources/pg_2022-03-31_tables.json,"table 37, row 4 (zero-based)",Health Care | 13% | 3% | —% | 16%
2022-03-31,Fabric & Home Care,organic_sales_growth,10.0,percent / percentage-point contribution,2022-04-20,https://www.sec.gov/Archives/edgar/data/80424/000008042422000035/pg-20220331.htm,sources/pg_2022-03-31_tables.json,"table 37, row 5 (zero-based)",Fabric & Home Care | 7% | 3% | —% | 10%
2022-03-31,"Baby, Feminine & Family Care",organic_sales_growth,10.0,percent / percentage-point contribution,2022-04-20,https://www.sec.gov/Archives/edgar/data/80424/000008042422000035/pg-20220331.htm,sources/pg_2022-03-31_tables.json,"table 37, row 6 (zero-based)","Baby, Feminine & Family Care | 7% | 3% | —% | 10%"
2022-03-31,Total Company,organic_sales_growth,10.0,percent / percentage-point contribution,2022-04-20,https://www.sec.gov/Archives/edgar/data/80424/000008042422000035/pg-20220331.htm,sources/pg_2022-03-31_tables.json,"table 37, row 7 (zero-based)",Total Company | 7% | 3% | —% | 10%
2022-06-30,Beauty,reported_volume_growth,-1.0,percent / percentage-point contribution,2022-07-29,https://www.sec.gov/Archives/edgar/data/80424/000008042422000051/fy2122q4amj8-kexhibit991.htm,sources/release_2022-06-30_tables.json,"table 3, row 3 (zero-based)",Beauty | (1)% | (3)% | 6% | (4)% | 1% | (1)% | (2)% | —%
2022-06-30,Beauty,fx_contribution,-3.0,percent / percentage-point contribution,2022-07-29,https://www.sec.gov/Archives/edgar/data/80424/000008042422000051/fy2122q4amj8-kexhibit991.htm,sources/release_2022-06-30_tables.json,"table 3, row 3 (zero-based)",Beauty | (1)% | (3)% | 6% | (4)% | 1% | (1)% | (2)% | —%
2022-06-30,Beauty,price_contribution,6.0,percent / percentage-point contribution,2022-07-29,https://www.sec.gov/Archives/edgar/data/80424/000008042422000051/fy2122q4amj8-kexhibit991.htm,sources/release_2022-06-30_tables.json,"table 3, row 3 (zero-based)",Beauty | (1)% | (3)% | 6% | (4)% | 1% | (1)% | (2)% | —%
2022-06-30,Beauty,mix_contribution,-4.0,percent / percentage-point contribution,2022-07-29,https://www.sec.gov/Archives/edgar/data/80424/000008042422000051/fy2122q4amj8-kexhibit991.htm,sources/release_2022-06-30_tables.json,"table 3, row 3 (zero-based)",Beauty | (1)% | (3)% | 6% | (4)% | 1% | (1)% | (2)% | —%
2022-06-30,Beauty,other_contribution,1.0,percent / percentage-point contribution,2022-07-29,https://www.sec.gov/Archives/edgar/data/80424/000008042422000051/fy2122q4amj8-kexhibit991.htm,sources/release_2022-06-30_tables.json,"table 3, row 3 (zero-based)",Beauty | (1)% | (3)% | 6% | (4)% | 1% | (1)% | (2)% | —%
2022-06-30,Beauty,reported_sales_growth,-1.0,percent / percentage-point contribution,2022-07-29,https://www.sec.gov/Archives/edgar/data/80424/000008042422000051/fy2122q4amj8-kexhibit991.htm,sources/release_2022-06-30_tables.json,"table 3, row 3 (zero-based)",Beauty | (1)% | (3)% | 6% | (4)% | 1% | (1)% | (2)% | —%
2022-06-30,Beauty,organic_volume_growth,-2.0,percent / percentage-point contribution,2022-07-29,https://www.sec.gov/Archives/edgar/data/80424/000008042422000051/fy2122q4amj8-kexhibit991.htm,sources/release_2022-06-30_tables.json,"table 3, row 3 (zero-based)",Beauty | (1)% | (3)% | 6% | (4)% | 1% | (1)% | (2)% | —%
2022-06-30,Beauty,organic_sales_growth,0.0,percent / percentage-point contribution,2022-07-29,https://www.sec.gov/Archives/edgar/data/80424/000008042422000051/fy2122q4amj8-kexhibit991.htm,sources/release_2022-06-30_tables.json,"table 3, row 3 (zero-based)",Beauty | (1)% | (3)% | 6% | (4)% | 1% | (1)% | (2)% | —%
2022-06-30,Grooming,reported_volume_growth,-3.0,percent / percentage-point contribution,2022-07-29,https://www.sec.gov/Archives/edgar/data/80424/000008042422000051/fy2122q4amj8-kexhibit991.htm,sources/release_2022-06-30_tables.json,"table 3, row 4 (zero-based)",Grooming | (3)% | (6)% | 6% | (1)% | 1% | (3)% | (2)% | 3%
2022-06-30,Grooming,fx_contribution,-6.0,percent / percentage-point contribution,2022-07-29,https://www.sec.gov/Archives/edgar/data/80424/000008042422000051/fy2122q4amj8-kexhibit991.htm,sources/release_2022-06-30_tables.json,"table 3, row 4 (zero-based)",Grooming | (3)% | (6)% | 6% | (1)% | 1% | (3)% | (2)% | 3%
2022-06-30,Grooming,price_contribution,6.0,percent / percentage-point contribution,2022-07-29,https://www.sec.gov/Archives/edgar/data/80424/000008042422000051/fy2122q4amj8-kexhibit991.htm,sources/release_2022-06-30_tables.json,"table 3, row 4 (zero-based)",Grooming | (3)% | (6)% | 6% | (1)% | 1% | (3)% | (2)% | 3%
2022-06-30,Grooming,mix_contribution,-1.0,percent / percentage-point contribution,2022-07-29,https://www.sec.gov/Archives/edgar/data/80424/000008042422000051/fy2122q4amj8-kexhibit991.htm,sources/release_2022-06-30_tables.json,"table 3, row 4 (zero-based)",Grooming | (3)% | (6)% | 6% | (1)% | 1% | (3)% | (2)% | 3%
2022-06-30,Grooming,other_contribution,1.0,percent / percentage-point contribution,2022-07-29,https://www.sec.gov/Archives/edgar/data/80424/000008042422000051/fy2122q4amj8-kexhibit991.htm,sources/release_2022-06-30_tables.json,"table 3, row 4 (zero-based)",Grooming | (3)% | (6)% | 6% | (1)% | 1% | (3)% | (2)% | 3%
2022-06-30,Grooming,reported_sales_growth,-3.0,percent / percentage-point contribution,2022-07-29,https://www.sec.gov/Archives/edgar/data/80424/000008042422000051/fy2122q4amj8-kexhibit991.htm,sources/release_2022-06-30_tables.json,"table 3, row 4 (zero-based)",Grooming | (3)% | (6)% | 6% | (1)% | 1% | (3)% | (2)% | 3%
2022-06-30,Grooming,organic_volume_growth,-2.0,percent / percentage-point contribution,2022-07-29,https://www.sec.gov/Archives/edgar/data/80424/000008042422000051/fy2122q4amj8-kexhibit991.htm,sources/release_2022-06-30_tables.json,"table 3, row 4 (zero-based)",Grooming | (3)% | (6)% | 6% | (1)% | 1% | (3)% | (2)% | 3%
2022-06-30,Grooming,organic_sales_growth,3.0,percent / percentage-point contribution,2022-07-29,https://www.sec.gov/Archives/edgar/data/80424/000008042422000051/fy2122q4amj8-kexhibit991.htm,sources/release_2022-06-30_tables.json,"table 3, row 4 (zero-based)",Grooming | (3)% | (6)% | 6% | (1)% | 1% | (3)% | (2)% | 3%
2022-06-30,Health Care,reported_volume_growth,0.0,percent / percentage-point contribution,2022-07-29,https://www.sec.gov/Archives/edgar/data/80424/000008042422000051/fy2122q4amj8-kexhibit991.htm,sources/release_2022-06-30_tables.json,"table 3, row 5 (zero-based)",Health Care | —% | (4)% | 5% | 4% | —% | 5% | —% | 9%
2022-06-30,Health Care,fx_contribution,-4.0,percent / percentage-point contribution,2022-07-29,https://www.sec.gov/Archives/edgar/data/80424/000008042422000051/fy2122q4amj8-kexhibit991.htm,sources/release_2022-06-30_tables.json,"table 3, row 5 (zero-based)",Health Care | —% | (4)% | 5% | 4% | —% | 5% | —% | 9%
2022-06-30,Health Care,price_contribution,5.0,percent / percentage-point contribution,2022-07-29,https://www.sec.gov/Archives/edgar/data/80424/000008042422000051/fy2122q4amj8-kexhibit991.htm,sources/release_2022-06-30_tables.json,"table 3, row 5 (zero-based)",Health Care | —% | (4)% | 5% | 4% | —% | 5% | —% | 9%
2022-06-30,Health Care,mix_contribution,4.0,percent / percentage-point contribution,2022-07-29,https://www.sec.gov/Archives/edgar/data/80424/000008042422000051/fy2122q4amj8-kexhibit991.htm,sources/release_2022-06-30_tables.json,"table 3, row 5 (zero-based)",Health Care | —% | (4)% | 5% | 4% | —% | 5% | —% | 9%
2022-06-30,Health Care,other_contribution,0.0,percent / percentage-point contribution,2022-07-29,https://www.sec.gov/Archives/edgar/data/80424/000008042422000051/fy2122q4amj8-kexhibit991.htm,sources/release_2022-06-30_tables.json,"table 3, row 5 (zero-based)",Health Care | —% | (4)% | 5% | 4% | —% | 5% | —% | 9%
2022-06-30,Health Care,reported_sales_growth,5.0,percent / percentage-point contribution,2022-07-29,https://www.sec.gov/Archives/edgar/data/80424/000008042422000051/fy2122q4amj8-kexhibit991.htm,sources/release_2022-06-30_tables.json,"table 3, row 5 (zero-based)",Health Care | —% | (4)% | 5% | 4% | —% | 5% | —% | 9%
2022-06-30,Health Care,organic_volume_growth,0.0,percent / percentage-point contribution,2022-07-29,https://www.sec.gov/Archives/edgar/data/80424/000008042422000051/fy2122q4amj8-kexhibit991.htm,sources/release_2022-06-30_tables.json,"table 3, row 5 (zero-based)",Health Care | —% | (4)% | 5% | 4% | —% | 5% | —% | 9%
2022-06-30,Health Care,organic_sales_growth,9.0,percent / percentage-point contribution,2022-07-29,https://www.sec.gov/Archives/edgar/data/80424/000008042422000051/fy2122q4amj8-kexhibit991.htm,sources/release_2022-06-30_tables.json,"table 3, row 5 (zero-based)",Health Care | —% | (4)% | 5% | 4% | —% | 5% | —% | 9%
2022-06-30,Fabric & Home Care,reported_volume_growth,-1.0,percent / percentage-point contribution,2022-07-29,https://www.sec.gov/Archives/edgar/data/80424/000008042422000051/fy2122q4amj8-kexhibit991.htm,sources/release_2022-06-30_tables.json,"table 3, row 6 (zero-based)",Fabric & Home Care | (1)% | (5)% | 10% | —% | —% | 4% | (1)% | 9%
2022-06-30,Fabric & Home Care,fx_contribution,-5.0,percent / percentage-point contribution,2022-07-29,https://www.sec.gov/Archives/edgar/data/80424/000008042422000051/fy2122q4amj8-kexhibit991.htm,sources/release_2022-06-30_tables.json,"table 3, row 6 (zero-based)",Fabric & Home Care | (1)% | (5)% | 10% | —% | —% | 4% | (1)% | 9%
2022-06-30,Fabric & Home Care,price_contribution,10.0,percent / percentage-point contribution,2022-07-29,https://www.sec.gov/Archives/edgar/data/80424/000008042422000051/fy2122q4amj8-kexhibit991.htm,sources/release_2022-06-30_tables.json,"table 3, row 6 (zero-based)",Fabric & Home Care | (1)% | (5)% | 10% | —% | —% | 4% | (1)% | 9%
2022-06-30,Fabric & Home Care,mix_contribution,0.0,percent / percentage-point contribution,2022-07-29,https://www.sec.gov/Archives/edgar/data/80424/000008042422000051/fy2122q4amj8-kexhibit991.htm,sources/release_2022-06-30_tables.json,"table 3, row 6 (zero-based)",Fabric & Home Care | (1)% | (5)% | 10% | —% | —% | 4% | (1)% | 9%
2022-06-30,Fabric & Home Care,other_contribution,0.0,percent / percentage-point contribution,2022-07-29,https://www.sec.gov/Archives/edgar/data/80424/000008042422000051/fy2122q4amj8-kexhibit991.htm,sources/release_2022-06-30_tables.json,"table 3, row 6 (zero-based)",Fabric & Home Care | (1)% | (5)% | 10% | —% | —% | 4% | (1)% | 9%
2022-06-30,Fabric & Home Care,reported_sales_growth,4.0,percent / percentage-point contribution,2022-07-29,https://www.sec.gov/Archives/edgar/data/80424/000008042422000051/fy2122q4amj8-kexhibit991.htm,sources/release_2022-06-30_tables.json,"table 3, row 6 (zero-based)",Fabric & Home Care | (1)% | (5)% | 10% | —% | —% | 4% | (1)% | 9%
2022-06-30,Fabric & Home Care,organic_volume_growth,-1.0,percent / percentage-point contribution,2022-07-29,https://www.sec.gov/Archives/edgar/data/80424/000008042422000051/fy2122q4amj8-kexhibit991.htm,sources/release_2022-06-30_tables.json,"table 3, row 6 (zero-based)",Fabric & Home Care | (1)% | (5)% | 10% | —% | —% | 4% | (1)% | 9%
2022-06-30,Fabric & Home Care,organic_sales_growth,9.0,percent / percentage-point contribution,2022-07-29,https://www.sec.gov/Archives/edgar/data/80424/000008042422000051/fy2122q4amj8-kexhibit991.htm,sources/release_2022-06-30_tables.json,"table 3, row 6 (zero-based)",Fabric & Home Care | (1)% | (5)% | 10% | —% | —% | 4% | (1)% | 9%
2022-06-30,"Baby, Feminine & Family Care",reported_volume_growth,0.0,percent / percentage-point contribution,2022-07-29,https://www.sec.gov/Archives/edgar/data/80424/000008042422000051/fy2122q4amj8-kexhibit991.htm,sources/release_2022-06-30_tables.json,"table 3, row 7 (zero-based)","Baby, Feminine & Family Care | —% | (3)% | 6% | 1% | (1)% | 3% | —% | 7%"
2022-06-30,"Baby, Feminine & Family Care",fx_contribution,-3.0,percent / percentage-point contribution,2022-07-29,https://www.sec.gov/Archives/edgar/data/80424/000008042422000051/fy2122q4amj8-kexhibit991.htm,sources/release_2022-06-30_tables.json,"table 3, row 7 (zero-based)","Baby, Feminine & Family Care | —% | (3)% | 6% | 1% | (1)% | 3% | —% | 7%"
2022-06-30,"Baby, Feminine & Family Care",price_contribution,6.0,percent / percentage-point contribution,2022-07-29,https://www.sec.gov/Archives/edgar/data/80424/000008042422000051/fy2122q4amj8-kexhibit991.htm,sources/release_2022-06-30_tables.json,"table 3, row 7 (zero-based)","Baby, Feminine & Family Care | —% | (3)% | 6% | 1% | (1)% | 3% | —% | 7%"
2022-06-30,"Baby, Feminine & Family Care",mix_contribution,1.0,percent / percentage-point contribution,2022-07-29,https://www.sec.gov/Archives/edgar/data/80424/000008042422000051/fy2122q4amj8-kexhibit991.htm,sources/release_2022-06-30_tables.json,"table 3, row 7 (zero-based)","Baby, Feminine & Family Care | —% | (3)% | 6% | 1% | (1)% | 3% | —% | 7%"
2022-06-30,"Baby, Feminine & Family Care",other_contribution,-1.0,percent / percentage-point contribution,2022-07-29,https://www.sec.gov/Archives/edgar/data/80424/000008042422000051/fy2122q4amj8-kexhibit991.htm,sources/release_2022-06-30_tables.json,"table 3, row 7 (zero-based)","Baby, Feminine & Family Care | —% | (3)% | 6% | 1% | (1)% | 3% | —% | 7%"
2022-06-30,"Baby, Feminine & Family Care",reported_sales_growth,3.0,percent / percentage-point contribution,2022-07-29,https://www.sec.gov/Archives/edgar/data/80424/000008042422000051/fy2122q4amj8-kexhibit991.htm,sources/release_2022-06-30_tables.json,"table 3, row 7 (zero-based)","Baby, Feminine & Family Care | —% | (3)% | 6% | 1% | (1)% | 3% | —% | 7%"
2022-06-30,"Baby, Feminine & Family Care",organic_volume_growth,0.0,percent / percentage-point contribution,2022-07-29,https://www.sec.gov/Archives/edgar/data/80424/000008042422000051/fy2122q4amj8-kexhibit991.htm,sources/release_2022-06-30_tables.json,"table 3, row 7 (zero-based)","Baby, Feminine & Family Care | —% | (3)% | 6% | 1% | (1)% | 3% | —% | 7%"
2022-06-30,"Baby, Feminine & Family Care",organic_sales_growth,7.0,percent / percentage-point contribution,2022-07-29,https://www.sec.gov/Archives/edgar/data/80424/000008042422000051/fy2122q4amj8-kexhibit991.htm,sources/release_2022-06-30_tables.json,"table 3, row 7 (zero-based)","Baby, Feminine & Family Care | —% | (3)% | 6% | 1% | (1)% | 3% | —% | 7%"
2022-06-30,Total Company,reported_volume_growth,-1.0,percent / percentage-point contribution,2022-07-29,https://www.sec.gov/Archives/edgar/data/80424/000008042422000051/fy2122q4amj8-kexhibit991.htm,sources/release_2022-06-30_tables.json,"table 3, row 8 (zero-based)",Total P&G | (1)% | (4)% | 8% | —% | —% | 3% | (1)% | 7%
2022-06-30,Total Company,fx_contribution,-4.0,percent / percentage-point contribution,2022-07-29,https://www.sec.gov/Archives/edgar/data/80424/000008042422000051/fy2122q4amj8-kexhibit991.htm,sources/release_2022-06-30_tables.json,"table 3, row 8 (zero-based)",Total P&G | (1)% | (4)% | 8% | —% | —% | 3% | (1)% | 7%
2022-06-30,Total Company,price_contribution,8.0,percent / percentage-point contribution,2022-07-29,https://www.sec.gov/Archives/edgar/data/80424/000008042422000051/fy2122q4amj8-kexhibit991.htm,sources/release_2022-06-30_tables.json,"table 3, row 8 (zero-based)",Total P&G | (1)% | (4)% | 8% | —% | —% | 3% | (1)% | 7%
2022-06-30,Total Company,mix_contribution,0.0,percent / percentage-point contribution,2022-07-29,https://www.sec.gov/Archives/edgar/data/80424/000008042422000051/fy2122q4amj8-kexhibit991.htm,sources/release_2022-06-30_tables.json,"table 3, row 8 (zero-based)",Total P&G | (1)% | (4)% | 8% | —% | —% | 3% | (1)% | 7%
2022-06-30,Total Company,other_contribution,0.0,percent / percentage-point contribution,2022-07-29,https://www.sec.gov/Archives/edgar/data/80424/000008042422000051/fy2122q4amj8-kexhibit991.htm,sources/release_2022-06-30_tables.json,"table 3, row 8 (zero-based)",Total P&G | (1)% | (4)% | 8% | —% | —% | 3% | (1)% | 7%
2022-06-30,Total Company,reported_sales_growth,3.0,percent / percentage-point contribution,2022-07-29,https://www.sec.gov/Archives/edgar/data/80424/000008042422000051/fy2122q4amj8-kexhibit991.htm,sources/release_2022-06-30_tables.json,"table 3, row 8 (zero-based)",Total P&G | (1)% | (4)% | 8% | —% | —% | 3% | (1)% | 7%
2022-06-30,Total Company,organic_volume_growth,-1.0,percent / percentage-point contribution,2022-07-29,https://www.sec.gov/Archives/edgar/data/80424/000008042422000051/fy2122q4amj8-kexhibit991.htm,sources/release_2022-06-30_tables.json,"table 3, row 8 (zero-based)",Total P&G | (1)% | (4)% | 8% | —% | —% | 3% | (1)% | 7%
2022-06-30,Total Company,organic_sales_growth,7.0,percent / percentage-point contribution,2022-07-29,https://www.sec.gov/Archives/edgar/data/80424/000008042422000051/fy2122q4amj8-kexhibit991.htm,sources/release_2022-06-30_tables.json,"table 3, row 8 (zero-based)",Total P&G | (1)% | (4)% | 8% | —% | —% | 3% | (1)% | 7%
2022-06-30,Beauty,net_sales,3461.0,USD million,2022-07-29,https://www.sec.gov/Archives/edgar/data/80424/000008042422000051/fy2122q4amj8-kexhibit991.htm,sources/release_2022-06-30_tables.json,"table 5, row 4 (zero-based)","Beauty | $3,461 | (1)% | $733 | (16)% | $578 | (18)%"
2022-06-30,Grooming,net_sales,1608.0,USD million,2022-07-29,https://www.sec.gov/Archives/edgar/data/80424/000008042422000051/fy2122q4amj8-kexhibit991.htm,sources/release_2022-06-30_tables.json,"table 5, row 5 (zero-based)","Grooming | 1,608 | (3)% | 388 | (14)% | 307 | (16)%"
2022-06-30,Health Care,net_sales,2510.0,USD million,2022-07-29,https://www.sec.gov/Archives/edgar/data/80424/000008042422000051/fy2122q4amj8-kexhibit991.htm,sources/release_2022-06-30_tables.json,"table 5, row 6 (zero-based)","Health Care | 2,510 | 5% | 393 | (3)% | 291 | (1)%"
2022-06-30,Fabric & Home Care,net_sales,6876.0,USD million,2022-07-29,https://www.sec.gov/Archives/edgar/data/80424/000008042422000051/fy2122q4amj8-kexhibit991.htm,sources/release_2022-06-30_tables.json,"table 5, row 7 (zero-based)","Fabric & Home Care | 6,876 | 4% | 1,445 | 11% | 1,089 | 9%"
2022-06-30,"Baby, Feminine & Family Care",net_sales,4821.0,USD million,2022-07-29,https://www.sec.gov/Archives/edgar/data/80424/000008042422000051/fy2122q4amj8-kexhibit991.htm,sources/release_2022-06-30_tables.json,"table 5, row 8 (zero-based)","Baby, Feminine & Family Care | 4,821 | 3% | 914 | (1)% | 690 | (2)%"
2022-06-30,Corporate,net_sales,239.0,USD million,2022-07-29,https://www.sec.gov/Archives/edgar/data/80424/000008042422000051/fy2122q4amj8-kexhibit991.htm,sources/release_2022-06-30_tables.json,"table 5, row 9 (zero-based)",Corporate | 239 | N/A | (223) | N/A | 103 | N/A
2022-06-30,Total Company,net_sales,19515.0,USD million,2022-07-29,https://www.sec.gov/Archives/edgar/data/80424/000008042422000051/fy2122q4amj8-kexhibit991.htm,sources/release_2022-06-30_tables.json,"table 5, row 10 (zero-based)","Total Company | $19,515 | 3% | $3,650 | 2% | $3,058 | 5%"
2022-09-30,Beauty,reported_volume_growth,-1.0,percent / percentage-point contribution,2022-10-19,https://www.sec.gov/Archives/edgar/data/80424/000008042422000102/pg-20220930.htm,sources/pg_2022-09-30_tables.json,"table 30, row 3 (zero-based)",Beauty | (1)% | (1)% | (6)% | 7% | (2)% | 2% | —%
2022-09-30,Beauty,organic_volume_growth,-1.0,percent / percentage-point contribution,2022-10-19,https://www.sec.gov/Archives/edgar/data/80424/000008042422000102/pg-20220930.htm,sources/pg_2022-09-30_tables.json,"table 30, row 3 (zero-based)",Beauty | (1)% | (1)% | (6)% | 7% | (2)% | 2% | —%
2022-09-30,Beauty,fx_contribution,-6.0,percent / percentage-point contribution,2022-10-19,https://www.sec.gov/Archives/edgar/data/80424/000008042422000102/pg-20220930.htm,sources/pg_2022-09-30_tables.json,"table 30, row 3 (zero-based)",Beauty | (1)% | (1)% | (6)% | 7% | (2)% | 2% | —%
2022-09-30,Beauty,price_contribution,7.0,percent / percentage-point contribution,2022-10-19,https://www.sec.gov/Archives/edgar/data/80424/000008042422000102/pg-20220930.htm,sources/pg_2022-09-30_tables.json,"table 30, row 3 (zero-based)",Beauty | (1)% | (1)% | (6)% | 7% | (2)% | 2% | —%
2022-09-30,Beauty,mix_contribution,-2.0,percent / percentage-point contribution,2022-10-19,https://www.sec.gov/Archives/edgar/data/80424/000008042422000102/pg-20220930.htm,sources/pg_2022-09-30_tables.json,"table 30, row 3 (zero-based)",Beauty | (1)% | (1)% | (6)% | 7% | (2)% | 2% | —%
2022-09-30,Beauty,other_contribution,2.0,percent / percentage-point contribution,2022-10-19,https://www.sec.gov/Archives/edgar/data/80424/000008042422000102/pg-20220930.htm,sources/pg_2022-09-30_tables.json,"table 30, row 3 (zero-based)",Beauty | (1)% | (1)% | (6)% | 7% | (2)% | 2% | —%
2022-09-30,Beauty,reported_sales_growth,0.0,percent / percentage-point contribution,2022-10-19,https://www.sec.gov/Archives/edgar/data/80424/000008042422000102/pg-20220930.htm,sources/pg_2022-09-30_tables.json,"table 30, row 3 (zero-based)",Beauty | (1)% | (1)% | (6)% | 7% | (2)% | 2% | —%
2022-09-30,Grooming,reported_volume_growth,0.0,percent / percentage-point contribution,2022-10-19,https://www.sec.gov/Archives/edgar/data/80424/000008042422000102/pg-20220930.htm,sources/pg_2022-09-30_tables.json,"table 30, row 4 (zero-based)",Grooming | —% | 1% | (8)% | 8% | (4)% | —% | (4)%
2022-09-30,Grooming,organic_volume_growth,1.0,percent / percentage-point contribution,2022-10-19,https://www.sec.gov/Archives/edgar/data/80424/000008042422000102/pg-20220930.htm,sources/pg_2022-09-30_tables.json,"table 30, row 4 (zero-based)",Grooming | —% | 1% | (8)% | 8% | (4)% | —% | (4)%
2022-09-30,Grooming,fx_contribution,-8.0,percent / percentage-point contribution,2022-10-19,https://www.sec.gov/Archives/edgar/data/80424/000008042422000102/pg-20220930.htm,sources/pg_2022-09-30_tables.json,"table 30, row 4 (zero-based)",Grooming | —% | 1% | (8)% | 8% | (4)% | —% | (4)%
2022-09-30,Grooming,price_contribution,8.0,percent / percentage-point contribution,2022-10-19,https://www.sec.gov/Archives/edgar/data/80424/000008042422000102/pg-20220930.htm,sources/pg_2022-09-30_tables.json,"table 30, row 4 (zero-based)",Grooming | —% | 1% | (8)% | 8% | (4)% | —% | (4)%
2022-09-30,Grooming,mix_contribution,-4.0,percent / percentage-point contribution,2022-10-19,https://www.sec.gov/Archives/edgar/data/80424/000008042422000102/pg-20220930.htm,sources/pg_2022-09-30_tables.json,"table 30, row 4 (zero-based)",Grooming | —% | 1% | (8)% | 8% | (4)% | —% | (4)%
2022-09-30,Grooming,other_contribution,0.0,percent / percentage-point contribution,2022-10-19,https://www.sec.gov/Archives/edgar/data/80424/000008042422000102/pg-20220930.htm,sources/pg_2022-09-30_tables.json,"table 30, row 4 (zero-based)",Grooming | —% | 1% | (8)% | 8% | (4)% | —% | (4)%
2022-09-30,Grooming,reported_sales_growth,-4.0,percent / percentage-point contribution,2022-10-19,https://www.sec.gov/Archives/edgar/data/80424/000008042422000102/pg-20220930.htm,sources/pg_2022-09-30_tables.json,"table 30, row 4 (zero-based)",Grooming | —% | 1% | (8)% | 8% | (4)% | —% | (4)%
2022-09-30,Health Care,reported_volume_growth,-2.0,percent / percentage-point contribution,2022-10-19,https://www.sec.gov/Archives/edgar/data/80424/000008042422000102/pg-20220930.htm,sources/pg_2022-09-30_tables.json,"table 30, row 5 (zero-based)",Health Care | (2)% | (2)% | (5)% | 6% | 4% | —% | 3%
2022-09-30,Health Care,organic_volume_growth,-2.0,percent / percentage-point contribution,2022-10-19,https://www.sec.gov/Archives/edgar/data/80424/000008042422000102/pg-20220930.htm,sources/pg_2022-09-30_tables.json,"table 30, row 5 (zero-based)",Health Care | (2)% | (2)% | (5)% | 6% | 4% | —% | 3%
2022-09-30,Health Care,fx_contribution,-5.0,percent / percentage-point contribution,2022-10-19,https://www.sec.gov/Archives/edgar/data/80424/000008042422000102/pg-20220930.htm,sources/pg_2022-09-30_tables.json,"table 30, row 5 (zero-based)",Health Care | (2)% | (2)% | (5)% | 6% | 4% | —% | 3%
2022-09-30,Health Care,price_contribution,6.0,percent / percentage-point contribution,2022-10-19,https://www.sec.gov/Archives/edgar/data/80424/000008042422000102/pg-20220930.htm,sources/pg_2022-09-30_tables.json,"table 30, row 5 (zero-based)",Health Care | (2)% | (2)% | (5)% | 6% | 4% | —% | 3%
2022-09-30,Health Care,mix_contribution,4.0,percent / percentage-point contribution,2022-10-19,https://www.sec.gov/Archives/edgar/data/80424/000008042422000102/pg-20220930.htm,sources/pg_2022-09-30_tables.json,"table 30, row 5 (zero-based)",Health Care | (2)% | (2)% | (5)% | 6% | 4% | —% | 3%
2022-09-30,Health Care,other_contribution,0.0,percent / percentage-point contribution,2022-10-19,https://www.sec.gov/Archives/edgar/data/80424/000008042422000102/pg-20220930.htm,sources/pg_2022-09-30_tables.json,"table 30, row 5 (zero-based)",Health Care | (2)% | (2)% | (5)% | 6% | 4% | —% | 3%
2022-09-30,Health Care,reported_sales_growth,3.0,percent / percentage-point contribution,2022-10-19,https://www.sec.gov/Archives/edgar/data/80424/000008042422000102/pg-20220930.htm,sources/pg_2022-09-30_tables.json,"table 30, row 5 (zero-based)",Health Care | (2)% | (2)% | (5)% | 6% | 4% | —% | 3%
2022-09-30,Fabric & Home Care,reported_volume_growth,-4.0,percent / percentage-point contribution,2022-10-19,https://www.sec.gov/Archives/edgar/data/80424/000008042422000102/pg-20220930.htm,sources/pg_2022-09-30_tables.json,"table 30, row 6 (zero-based)",Fabric & Home Care | (4)% | (4)% | (6)% | 11% | 1% | (1)% | 1%
2022-09-30,Fabric & Home Care,organic_volume_growth,-4.0,percent / percentage-point contribution,2022-10-19,https://www.sec.gov/Archives/edgar/data/80424/000008042422000102/pg-20220930.htm,sources/pg_2022-09-30_tables.json,"table 30, row 6 (zero-based)",Fabric & Home Care | (4)% | (4)% | (6)% | 11% | 1% | (1)% | 1%
2022-09-30,Fabric & Home Care,fx_contribution,-6.0,percent / percentage-point contribution,2022-10-19,https://www.sec.gov/Archives/edgar/data/80424/000008042422000102/pg-20220930.htm,sources/pg_2022-09-30_tables.json,"table 30, row 6 (zero-based)",Fabric & Home Care | (4)% | (4)% | (6)% | 11% | 1% | (1)% | 1%
2022-09-30,Fabric & Home Care,price_contribution,11.0,percent / percentage-point contribution,2022-10-19,https://www.sec.gov/Archives/edgar/data/80424/000008042422000102/pg-20220930.htm,sources/pg_2022-09-30_tables.json,"table 30, row 6 (zero-based)",Fabric & Home Care | (4)% | (4)% | (6)% | 11% | 1% | (1)% | 1%
2022-09-30,Fabric & Home Care,mix_contribution,1.0,percent / percentage-point contribution,2022-10-19,https://www.sec.gov/Archives/edgar/data/80424/000008042422000102/pg-20220930.htm,sources/pg_2022-09-30_tables.json,"table 30, row 6 (zero-based)",Fabric & Home Care | (4)% | (4)% | (6)% | 11% | 1% | (1)% | 1%
2022-09-30,Fabric & Home Care,other_contribution,-1.0,percent / percentage-point contribution,2022-10-19,https://www.sec.gov/Archives/edgar/data/80424/000008042422000102/pg-20220930.htm,sources/pg_2022-09-30_tables.json,"table 30, row 6 (zero-based)",Fabric & Home Care | (4)% | (4)% | (6)% | 11% | 1% | (1)% | 1%
2022-09-30,Fabric & Home Care,reported_sales_growth,1.0,percent / percentage-point contribution,2022-10-19,https://www.sec.gov/Archives/edgar/data/80424/000008042422000102/pg-20220930.htm,sources/pg_2022-09-30_tables.json,"table 30, row 6 (zero-based)",Fabric & Home Care | (4)% | (4)% | (6)% | 11% | 1% | (1)% | 1%
2022-09-30,"Baby, Feminine & Family Care",reported_volume_growth,-3.0,percent / percentage-point contribution,2022-10-19,https://www.sec.gov/Archives/edgar/data/80424/000008042422000102/pg-20220930.htm,sources/pg_2022-09-30_tables.json,"table 30, row 7 (zero-based)","Baby, Feminine & Family Care | (3)% | (3)% | (5)% | 8% | 1% | —% | 1%"
2022-09-30,"Baby, Feminine & Family Care",organic_volume_growth,-3.0,percent / percentage-point contribution,2022-10-19,https://www.sec.gov/Archives/edgar/data/80424/000008042422000102/pg-20220930.htm,sources/pg_2022-09-30_tables.json,"table 30, row 7 (zero-based)","Baby, Feminine & Family Care | (3)% | (3)% | (5)% | 8% | 1% | —% | 1%"
2022-09-30,"Baby, Feminine & Family Care",fx_contribution,-5.0,percent / percentage-point contribution,2022-10-19,https://www.sec.gov/Archives/edgar/data/80424/000008042422000102/pg-20220930.htm,sources/pg_2022-09-30_tables.json,"table 30, row 7 (zero-based)","Baby, Feminine & Family Care | (3)% | (3)% | (5)% | 8% | 1% | —% | 1%"
2022-09-30,"Baby, Feminine & Family Care",price_contribution,8.0,percent / percentage-point contribution,2022-10-19,https://www.sec.gov/Archives/edgar/data/80424/000008042422000102/pg-20220930.htm,sources/pg_2022-09-30_tables.json,"table 30, row 7 (zero-based)","Baby, Feminine & Family Care | (3)% | (3)% | (5)% | 8% | 1% | —% | 1%"
2022-09-30,"Baby, Feminine & Family Care",mix_contribution,1.0,percent / percentage-point contribution,2022-10-19,https://www.sec.gov/Archives/edgar/data/80424/000008042422000102/pg-20220930.htm,sources/pg_2022-09-30_tables.json,"table 30, row 7 (zero-based)","Baby, Feminine & Family Care | (3)% | (3)% | (5)% | 8% | 1% | —% | 1%"
2022-09-30,"Baby, Feminine & Family Care",other_contribution,0.0,percent / percentage-point contribution,2022-10-19,https://www.sec.gov/Archives/edgar/data/80424/000008042422000102/pg-20220930.htm,sources/pg_2022-09-30_tables.json,"table 30, row 7 (zero-based)","Baby, Feminine & Family Care | (3)% | (3)% | (5)% | 8% | 1% | —% | 1%"
2022-09-30,"Baby, Feminine & Family Care",reported_sales_growth,1.0,percent / percentage-point contribution,2022-10-19,https://www.sec.gov/Archives/edgar/data/80424/000008042422000102/pg-20220930.htm,sources/pg_2022-09-30_tables.json,"table 30, row 7 (zero-based)","Baby, Feminine & Family Care | (3)% | (3)% | (5)% | 8% | 1% | —% | 1%"
2022-09-30,Total Company,reported_volume_growth,-3.0,percent / percentage-point contribution,2022-10-19,https://www.sec.gov/Archives/edgar/data/80424/000008042422000102/pg-20220930.htm,sources/pg_2022-09-30_tables.json,"table 30, row 8 (zero-based)",Total Company | (3)% | (3)% | (6)% | 9% | 1% | —% | 1%
2022-09-30,Total Company,organic_volume_growth,-3.0,percent / percentage-point contribution,2022-10-19,https://www.sec.gov/Archives/edgar/data/80424/000008042422000102/pg-20220930.htm,sources/pg_2022-09-30_tables.json,"table 30, row 8 (zero-based)",Total Company | (3)% | (3)% | (6)% | 9% | 1% | —% | 1%
2022-09-30,Total Company,fx_contribution,-6.0,percent / percentage-point contribution,2022-10-19,https://www.sec.gov/Archives/edgar/data/80424/000008042422000102/pg-20220930.htm,sources/pg_2022-09-30_tables.json,"table 30, row 8 (zero-based)",Total Company | (3)% | (3)% | (6)% | 9% | 1% | —% | 1%
2022-09-30,Total Company,price_contribution,9.0,percent / percentage-point contribution,2022-10-19,https://www.sec.gov/Archives/edgar/data/80424/000008042422000102/pg-20220930.htm,sources/pg_2022-09-30_tables.json,"table 30, row 8 (zero-based)",Total Company | (3)% | (3)% | (6)% | 9% | 1% | —% | 1%
2022-09-30,Total Company,mix_contribution,1.0,percent / percentage-point contribution,2022-10-19,https://www.sec.gov/Archives/edgar/data/80424/000008042422000102/pg-20220930.htm,sources/pg_2022-09-30_tables.json,"table 30, row 8 (zero-based)",Total Company | (3)% | (3)% | (6)% | 9% | 1% | —% | 1%
2022-09-30,Total Company,other_contribution,0.0,percent / percentage-point contribution,2022-10-19,https://www.sec.gov/Archives/edgar/data/80424/000008042422000102/pg-20220930.htm,sources/pg_2022-09-30_tables.json,"table 30, row 8 (zero-based)",Total Company | (3)% | (3)% | (6)% | 9% | 1% | —% | 1%
2022-09-30,Total Company,reported_sales_growth,1.0,percent / percentage-point contribution,2022-10-19,https://www.sec.gov/Archives/edgar/data/80424/000008042422000102/pg-20220930.htm,sources/pg_2022-09-30_tables.json,"table 30, row 8 (zero-based)",Total Company | (3)% | (3)% | (6)% | 9% | 1% | —% | 1%
2022-09-30,Beauty,net_sales,3961.0,USD million,2022-10-19,https://www.sec.gov/Archives/edgar/data/80424/000008042422000102/pg-20220930.htm,sources/pg_2022-09-30_tables.json,"table 31, row 3 (zero-based)","Beauty | $ | 3,961 | — | % | $ | 1,271 | 2 | % | $ | 1,011 | 2 | %"
2022-09-30,Grooming,net_sales,1625.0,USD million,2022-10-19,https://www.sec.gov/Archives/edgar/data/80424/000008042422000102/pg-20220930.htm,sources/pg_2022-09-30_tables.json,"table 31, row 4 (zero-based)","Grooming | 1,625 | (4) | % | 503 | (3) | % | 404 | (3) | %"
2022-09-30,Health Care,net_sales,2757.0,USD million,2022-10-19,https://www.sec.gov/Archives/edgar/data/80424/000008042422000102/pg-20220930.htm,sources/pg_2022-09-30_tables.json,"table 31, row 5 (zero-based)","Health Care | 2,757 | 3 | % | 800 | 15 | % | 617 | 17 | %"
2022-09-30,Fabric & Home Care,net_sales,7082.0,USD million,2022-10-19,https://www.sec.gov/Archives/edgar/data/80424/000008042422000102/pg-20220930.htm,sources/pg_2022-09-30_tables.json,"table 31, row 6 (zero-based)","Fabric & Home Care | 7,082 | 1 | % | 1,543 | — | % | 1,172 | (2) | %"
2022-09-30,"Baby, Feminine & Family Care",net_sales,4934.0,USD million,2022-10-19,https://www.sec.gov/Archives/edgar/data/80424/000008042422000102/pg-20220930.htm,sources/pg_2022-09-30_tables.json,"table 31, row 7 (zero-based)","Baby, Feminine & Family Care | 4,934 | 1 | % | 1,055 | (2) | % | 805 | (3) | %"
2022-09-30,Corporate,net_sales,253.0,USD million,2022-10-19,https://www.sec.gov/Archives/edgar/data/80424/000008042422000102/pg-20220930.htm,sources/pg_2022-09-30_tables.json,"table 31, row 8 (zero-based)",Corporate | 253 | N/A | (175) | N/A | (46) | N/A
2022-09-30,Total Company,net_sales,20612.0,USD million,2022-10-19,https://www.sec.gov/Archives/edgar/data/80424/000008042422000102/pg-20220930.htm,sources/pg_2022-09-30_tables.json,"table 31, row 9 (zero-based)","Total Company | $ | 20,612 | 1 | % | $ | 4,997 | (1) | % | $ | 3,963 | (4) | %"
2022-09-30,Beauty,organic_sales_growth,4.0,percent / percentage-point contribution,2022-10-19,https://www.sec.gov/Archives/edgar/data/80424/000008042422000102/pg-20220930.htm,sources/pg_2022-09-30_tables.json,"table 32, row 2 (zero-based)",Beauty | —% | 6% | (2)% | 4%
2022-09-30,Grooming,organic_sales_growth,5.0,percent / percentage-point contribution,2022-10-19,https://www.sec.gov/Archives/edgar/data/80424/000008042422000102/pg-20220930.htm,sources/pg_2022-09-30_tables.json,"table 32, row 3 (zero-based)",Grooming | (4)% | 8% | 1% | 5%
2022-09-30,Health Care,organic_sales_growth,8.0,percent / percentage-point contribution,2022-10-19,https://www.sec.gov/Archives/edgar/data/80424/000008042422000102/pg-20220930.htm,sources/pg_2022-09-30_tables.json,"table 32, row 4 (zero-based)",Health Care | 3% | 5% | —% | 8%
2022-09-30,Fabric & Home Care,organic_sales_growth,8.0,percent / percentage-point contribution,2022-10-19,https://www.sec.gov/Archives/edgar/data/80424/000008042422000102/pg-20220930.htm,sources/pg_2022-09-30_tables.json,"table 32, row 5 (zero-based)",Fabric & Home Care | 1% | 6% | 1% | 8%
2022-09-30,"Baby, Feminine & Family Care",organic_sales_growth,6.0,percent / percentage-point contribution,2022-10-19,https://www.sec.gov/Archives/edgar/data/80424/000008042422000102/pg-20220930.htm,sources/pg_2022-09-30_tables.json,"table 32, row 6 (zero-based)","Baby, Feminine & Family Care | 1% | 5% | —% | 6%"
2022-09-30,Total Company,organic_sales_growth,7.0,percent / percentage-point contribution,2022-10-19,https://www.sec.gov/Archives/edgar/data/80424/000008042422000102/pg-20220930.htm,sources/pg_2022-09-30_tables.json,"table 32, row 7 (zero-based)",Total Company | 1% | 6% | —% | 7%
2022-12-31,Beauty,reported_volume_growth,-4.0,percent / percentage-point contribution,2023-01-19,https://www.sec.gov/Archives/edgar/data/80424/000008042423000014/pg-20221231.htm,sources/pg_2022-12-31_tables.json,"table 32, row 3 (zero-based)",Beauty | (4)% | (4)% | (8)% | 9% | (2)% | 2% | (3)%
2022-12-31,Beauty,organic_volume_growth,-4.0,percent / percentage-point contribution,2023-01-19,https://www.sec.gov/Archives/edgar/data/80424/000008042423000014/pg-20221231.htm,sources/pg_2022-12-31_tables.json,"table 32, row 3 (zero-based)",Beauty | (4)% | (4)% | (8)% | 9% | (2)% | 2% | (3)%
2022-12-31,Beauty,fx_contribution,-8.0,percent / percentage-point contribution,2023-01-19,https://www.sec.gov/Archives/edgar/data/80424/000008042423000014/pg-20221231.htm,sources/pg_2022-12-31_tables.json,"table 32, row 3 (zero-based)",Beauty | (4)% | (4)% | (8)% | 9% | (2)% | 2% | (3)%
2022-12-31,Beauty,price_contribution,9.0,percent / percentage-point contribution,2023-01-19,https://www.sec.gov/Archives/edgar/data/80424/000008042423000014/pg-20221231.htm,sources/pg_2022-12-31_tables.json,"table 32, row 3 (zero-based)",Beauty | (4)% | (4)% | (8)% | 9% | (2)% | 2% | (3)%
2022-12-31,Beauty,mix_contribution,-2.0,percent / percentage-point contribution,2023-01-19,https://www.sec.gov/Archives/edgar/data/80424/000008042423000014/pg-20221231.htm,sources/pg_2022-12-31_tables.json,"table 32, row 3 (zero-based)",Beauty | (4)% | (4)% | (8)% | 9% | (2)% | 2% | (3)%
2022-12-31,Beauty,other_contribution,2.0,percent / percentage-point contribution,2023-01-19,https://www.sec.gov/Archives/edgar/data/80424/000008042423000014/pg-20221231.htm,sources/pg_2022-12-31_tables.json,"table 32, row 3 (zero-based)",Beauty | (4)% | (4)% | (8)% | 9% | (2)% | 2% | (3)%
2022-12-31,Beauty,reported_sales_growth,-3.0,percent / percentage-point contribution,2023-01-19,https://www.sec.gov/Archives/edgar/data/80424/000008042423000014/pg-20221231.htm,sources/pg_2022-12-31_tables.json,"table 32, row 3 (zero-based)",Beauty | (4)% | (4)% | (8)% | 9% | (2)% | 2% | (3)%
2022-12-31,Grooming,reported_volume_growth,-8.0,percent / percentage-point contribution,2023-01-19,https://www.sec.gov/Archives/edgar/data/80424/000008042423000014/pg-20221231.htm,sources/pg_2022-12-31_tables.json,"table 32, row 4 (zero-based)",Grooming | (8)% | (8)% | (9)% | 11% | (3)% | —% | (9)%
2022-12-31,Grooming,organic_volume_growth,-8.0,percent / percentage-point contribution,2023-01-19,https://www.sec.gov/Archives/edgar/data/80424/000008042423000014/pg-20221231.htm,sources/pg_2022-12-31_tables.json,"table 32, row 4 (zero-based)",Grooming | (8)% | (8)% | (9)% | 11% | (3)% | —% | (9)%
2022-12-31,Grooming,fx_contribution,-9.0,percent / percentage-point contribution,2023-01-19,https://www.sec.gov/Archives/edgar/data/80424/000008042423000014/pg-20221231.htm,sources/pg_2022-12-31_tables.json,"table 32, row 4 (zero-based)",Grooming | (8)% | (8)% | (9)% | 11% | (3)% | —% | (9)%
2022-12-31,Grooming,price_contribution,11.0,percent / percentage-point contribution,2023-01-19,https://www.sec.gov/Archives/edgar/data/80424/000008042423000014/pg-20221231.htm,sources/pg_2022-12-31_tables.json,"table 32, row 4 (zero-based)",Grooming | (8)% | (8)% | (9)% | 11% | (3)% | —% | (9)%
2022-12-31,Grooming,mix_contribution,-3.0,percent / percentage-point contribution,2023-01-19,https://www.sec.gov/Archives/edgar/data/80424/000008042423000014/pg-20221231.htm,sources/pg_2022-12-31_tables.json,"table 32, row 4 (zero-based)",Grooming | (8)% | (8)% | (9)% | 11% | (3)% | —% | (9)%
2022-12-31,Grooming,other_contribution,0.0,percent / percentage-point contribution,2023-01-19,https://www.sec.gov/Archives/edgar/data/80424/000008042423000014/pg-20221231.htm,sources/pg_2022-12-31_tables.json,"table 32, row 4 (zero-based)",Grooming | (8)% | (8)% | (9)% | 11% | (3)% | —% | (9)%
2022-12-31,Grooming,reported_sales_growth,-9.0,percent / percentage-point contribution,2023-01-19,https://www.sec.gov/Archives/edgar/data/80424/000008042423000014/pg-20221231.htm,sources/pg_2022-12-31_tables.json,"table 32, row 4 (zero-based)",Grooming | (8)% | (8)% | (9)% | 11% | (3)% | —% | (9)%
2022-12-31,Health Care,reported_volume_growth,-1.0,percent / percentage-point contribution,2023-01-19,https://www.sec.gov/Archives/edgar/data/80424/000008042423000014/pg-20221231.htm,sources/pg_2022-12-31_tables.json,"table 32, row 5 (zero-based)",Health Care | (1)% | (1)% | (6)% | 5% | 4% | —% | 2%
2022-12-31,Health Care,organic_volume_growth,-1.0,percent / percentage-point contribution,2023-01-19,https://www.sec.gov/Archives/edgar/data/80424/000008042423000014/pg-20221231.htm,sources/pg_2022-12-31_tables.json,"table 32, row 5 (zero-based)",Health Care | (1)% | (1)% | (6)% | 5% | 4% | —% | 2%
2022-12-31,Health Care,fx_contribution,-6.0,percent / percentage-point contribution,2023-01-19,https://www.sec.gov/Archives/edgar/data/80424/000008042423000014/pg-20221231.htm,sources/pg_2022-12-31_tables.json,"table 32, row 5 (zero-based)",Health Care | (1)% | (1)% | (6)% | 5% | 4% | —% | 2%
2022-12-31,Health Care,price_contribution,5.0,percent / percentage-point contribution,2023-01-19,https://www.sec.gov/Archives/edgar/data/80424/000008042423000014/pg-20221231.htm,sources/pg_2022-12-31_tables.json,"table 32, row 5 (zero-based)",Health Care | (1)% | (1)% | (6)% | 5% | 4% | —% | 2%
2022-12-31,Health Care,mix_contribution,4.0,percent / percentage-point contribution,2023-01-19,https://www.sec.gov/Archives/edgar/data/80424/000008042423000014/pg-20221231.htm,sources/pg_2022-12-31_tables.json,"table 32, row 5 (zero-based)",Health Care | (1)% | (1)% | (6)% | 5% | 4% | —% | 2%
2022-12-31,Health Care,other_contribution,0.0,percent / percentage-point contribution,2023-01-19,https://www.sec.gov/Archives/edgar/data/80424/000008042423000014/pg-20221231.htm,sources/pg_2022-12-31_tables.json,"table 32, row 5 (zero-based)",Health Care | (1)% | (1)% | (6)% | 5% | 4% | —% | 2%
2022-12-31,Health Care,reported_sales_growth,2.0,percent / percentage-point contribution,2023-01-19,https://www.sec.gov/Archives/edgar/data/80424/000008042423000014/pg-20221231.htm,sources/pg_2022-12-31_tables.json,"table 32, row 5 (zero-based)",Health Care | (1)% | (1)% | (6)% | 5% | 4% | —% | 2%
2022-12-31,Fabric & Home Care,reported_volume_growth,-7.0,percent / percentage-point contribution,2023-01-19,https://www.sec.gov/Archives/edgar/data/80424/000008042423000014/pg-20221231.htm,sources/pg_2022-12-31_tables.json,"table 32, row 6 (zero-based)",Fabric & Home Care | (7)% | (7)% | (7)% | 13% | 2% | —% | 1%
2022-12-31,Fabric & Home Care,organic_volume_growth,-7.0,percent / percentage-point contribution,2023-01-19,https://www.sec.gov/Archives/edgar/data/80424/000008042423000014/pg-20221231.htm,sources/pg_2022-12-31_tables.json,"table 32, row 6 (zero-based)",Fabric & Home Care | (7)% | (7)% | (7)% | 13% | 2% | —% | 1%
2022-12-31,Fabric & Home Care,fx_contribution,-7.0,percent / percentage-point contribution,2023-01-19,https://www.sec.gov/Archives/edgar/data/80424/000008042423000014/pg-20221231.htm,sources/pg_2022-12-31_tables.json,"table 32, row 6 (zero-based)",Fabric & Home Care | (7)% | (7)% | (7)% | 13% | 2% | —% | 1%
2022-12-31,Fabric & Home Care,price_contribution,13.0,percent / percentage-point contribution,2023-01-19,https://www.sec.gov/Archives/edgar/data/80424/000008042423000014/pg-20221231.htm,sources/pg_2022-12-31_tables.json,"table 32, row 6 (zero-based)",Fabric & Home Care | (7)% | (7)% | (7)% | 13% | 2% | —% | 1%
2022-12-31,Fabric & Home Care,mix_contribution,2.0,percent / percentage-point contribution,2023-01-19,https://www.sec.gov/Archives/edgar/data/80424/000008042423000014/pg-20221231.htm,sources/pg_2022-12-31_tables.json,"table 32, row 6 (zero-based)",Fabric & Home Care | (7)% | (7)% | (7)% | 13% | 2% | —% | 1%
2022-12-31,Fabric & Home Care,other_contribution,0.0,percent / percentage-point contribution,2023-01-19,https://www.sec.gov/Archives/edgar/data/80424/000008042423000014/pg-20221231.htm,sources/pg_2022-12-31_tables.json,"table 32, row 6 (zero-based)",Fabric & Home Care | (7)% | (7)% | (7)% | 13% | 2% | —% | 1%
2022-12-31,Fabric & Home Care,reported_sales_growth,1.0,percent / percentage-point contribution,2023-01-19,https://www.sec.gov/Archives/edgar/data/80424/000008042423000014/pg-20221231.htm,sources/pg_2022-12-31_tables.json,"table 32, row 6 (zero-based)",Fabric & Home Care | (7)% | (7)% | (7)% | 13% | 2% | —% | 1%
2022-12-31,"Baby, Feminine & Family Care",reported_volume_growth,-6.0,percent / percentage-point contribution,2023-01-19,https://www.sec.gov/Archives/edgar/data/80424/000008042423000014/pg-20221231.htm,sources/pg_2022-12-31_tables.json,"table 32, row 7 (zero-based)","Baby, Feminine & Family Care | (6)% | (6)% | (5)% | 8% | 2% | —% | (1)%"
2022-12-31,"Baby, Feminine & Family Care",organic_volume_growth,-6.0,percent / percentage-point contribution,2023-01-19,https://www.sec.gov/Archives/edgar/data/80424/000008042423000014/pg-20221231.htm,sources/pg_2022-12-31_tables.json,"table 32, row 7 (zero-based)","Baby, Feminine & Family Care | (6)% | (6)% | (5)% | 8% | 2% | —% | (1)%"
2022-12-31,"Baby, Feminine & Family Care",fx_contribution,-5.0,percent / percentage-point contribution,2023-01-19,https://www.sec.gov/Archives/edgar/data/80424/000008042423000014/pg-20221231.htm,sources/pg_2022-12-31_tables.json,"table 32, row 7 (zero-based)","Baby, Feminine & Family Care | (6)% | (6)% | (5)% | 8% | 2% | —% | (1)%"
2022-12-31,"Baby, Feminine & Family Care",price_contribution,8.0,percent / percentage-point contribution,2023-01-19,https://www.sec.gov/Archives/edgar/data/80424/000008042423000014/pg-20221231.htm,sources/pg_2022-12-31_tables.json,"table 32, row 7 (zero-based)","Baby, Feminine & Family Care | (6)% | (6)% | (5)% | 8% | 2% | —% | (1)%"
2022-12-31,"Baby, Feminine & Family Care",mix_contribution,2.0,percent / percentage-point contribution,2023-01-19,https://www.sec.gov/Archives/edgar/data/80424/000008042423000014/pg-20221231.htm,sources/pg_2022-12-31_tables.json,"table 32, row 7 (zero-based)","Baby, Feminine & Family Care | (6)% | (6)% | (5)% | 8% | 2% | —% | (1)%"
2022-12-31,"Baby, Feminine & Family Care",other_contribution,0.0,percent / percentage-point contribution,2023-01-19,https://www.sec.gov/Archives/edgar/data/80424/000008042423000014/pg-20221231.htm,sources/pg_2022-12-31_tables.json,"table 32, row 7 (zero-based)","Baby, Feminine & Family Care | (6)% | (6)% | (5)% | 8% | 2% | —% | (1)%"
2022-12-31,"Baby, Feminine & Family Care",reported_sales_growth,-1.0,percent / percentage-point contribution,2023-01-19,https://www.sec.gov/Archives/edgar/data/80424/000008042423000014/pg-20221231.htm,sources/pg_2022-12-31_tables.json,"table 32, row 7 (zero-based)","Baby, Feminine & Family Care | (6)% | (6)% | (5)% | 8% | 2% | —% | (1)%"
2022-12-31,Total Company,reported_volume_growth,-6.0,percent / percentage-point contribution,2023-01-19,https://www.sec.gov/Archives/edgar/data/80424/000008042423000014/pg-20221231.htm,sources/pg_2022-12-31_tables.json,"table 32, row 8 (zero-based)",Total Company | (6)% | (6)% | (6)% | 10% | 1% | —% | (1)%
2022-12-31,Total Company,organic_volume_growth,-6.0,percent / percentage-point contribution,2023-01-19,https://www.sec.gov/Archives/edgar/data/80424/000008042423000014/pg-20221231.htm,sources/pg_2022-12-31_tables.json,"table 32, row 8 (zero-based)",Total Company | (6)% | (6)% | (6)% | 10% | 1% | —% | (1)%
2022-12-31,Total Company,fx_contribution,-6.0,percent / percentage-point contribution,2023-01-19,https://www.sec.gov/Archives/edgar/data/80424/000008042423000014/pg-20221231.htm,sources/pg_2022-12-31_tables.json,"table 32, row 8 (zero-based)",Total Company | (6)% | (6)% | (6)% | 10% | 1% | —% | (1)%
2022-12-31,Total Company,price_contribution,10.0,percent / percentage-point contribution,2023-01-19,https://www.sec.gov/Archives/edgar/data/80424/000008042423000014/pg-20221231.htm,sources/pg_2022-12-31_tables.json,"table 32, row 8 (zero-based)",Total Company | (6)% | (6)% | (6)% | 10% | 1% | —% | (1)%
2022-12-31,Total Company,mix_contribution,1.0,percent / percentage-point contribution,2023-01-19,https://www.sec.gov/Archives/edgar/data/80424/000008042423000014/pg-20221231.htm,sources/pg_2022-12-31_tables.json,"table 32, row 8 (zero-based)",Total Company | (6)% | (6)% | (6)% | 10% | 1% | —% | (1)%
2022-12-31,Total Company,other_contribution,0.0,percent / percentage-point contribution,2023-01-19,https://www.sec.gov/Archives/edgar/data/80424/000008042423000014/pg-20221231.htm,sources/pg_2022-12-31_tables.json,"table 32, row 8 (zero-based)",Total Company | (6)% | (6)% | (6)% | 10% | 1% | —% | (1)%
2022-12-31,Total Company,reported_sales_growth,-1.0,percent / percentage-point contribution,2023-01-19,https://www.sec.gov/Archives/edgar/data/80424/000008042423000014/pg-20221231.htm,sources/pg_2022-12-31_tables.json,"table 32, row 8 (zero-based)",Total Company | (6)% | (6)% | (6)% | 10% | 1% | —% | (1)%
2022-12-31,Beauty,net_sales,3807.0,USD million,2023-01-19,https://www.sec.gov/Archives/edgar/data/80424/000008042423000014/pg-20221231.htm,sources/pg_2022-12-31_tables.json,"table 35, row 3 (zero-based)","Beauty | $ | 3,807 | (3) | % | $ | 1,145 | (3) | % | $ | 911 | (4) | %"
2022-12-31,Grooming,net_sales,1643.0,USD million,2023-01-19,https://www.sec.gov/Archives/edgar/data/80424/000008042423000014/pg-20221231.htm,sources/pg_2022-12-31_tables.json,"table 35, row 4 (zero-based)","Grooming | 1,643 | (9) | % | 496 | (14) | % | 404 | (15) | %"
2022-12-31,Health Care,net_sales,3051.0,USD million,2023-01-19,https://www.sec.gov/Archives/edgar/data/80424/000008042423000014/pg-20221231.htm,sources/pg_2022-12-31_tables.json,"table 35, row 5 (zero-based)","Health Care | 3,051 | 2 | % | 887 | (2) | % | 686 | (2) | %"
2022-12-31,Fabric & Home Care,net_sales,7032.0,USD million,2023-01-19,https://www.sec.gov/Archives/edgar/data/80424/000008042423000014/pg-20221231.htm,sources/pg_2022-12-31_tables.json,"table 35, row 6 (zero-based)","Fabric & Home Care | 7,032 | 1 | % | 1,538 | 5 | % | 1,171 | 3 | %"
2022-12-31,"Baby, Feminine & Family Care",net_sales,5065.0,USD million,2023-01-19,https://www.sec.gov/Archives/edgar/data/80424/000008042423000014/pg-20221231.htm,sources/pg_2022-12-31_tables.json,"table 35, row 7 (zero-based)","Baby, Feminine & Family Care | 5,065 | (1) | % | 1,112 | (6) | % | 848 | (7) | %"
2022-12-31,Corporate,net_sales,175.0,USD million,2023-01-19,https://www.sec.gov/Archives/edgar/data/80424/000008042423000014/pg-20221231.htm,sources/pg_2022-12-31_tables.json,"table 35, row 8 (zero-based)",Corporate | 175 | N/A | (343) | N/A | (61) | N/A
2022-12-31,Total Company,net_sales,20773.0,USD million,2023-01-19,https://www.sec.gov/Archives/edgar/data/80424/000008042423000014/pg-20221231.htm,sources/pg_2022-12-31_tables.json,"table 35, row 9 (zero-based)","Total Company | $ | 20,773 | (1) | % | $ | 4,835 | (8) | % | $ | 3,959 | (7) | %"
2022-12-31,Beauty,organic_sales_growth,3.0,percent / percentage-point contribution,2023-01-19,https://www.sec.gov/Archives/edgar/data/80424/000008042423000014/pg-20221231.htm,sources/pg_2022-12-31_tables.json,"table 37, row 2 (zero-based)",Beauty | (3)% | 8% | (2)% | 3%
2022-12-31,Grooming,organic_sales_growth,0.0,percent / percentage-point contribution,2023-01-19,https://www.sec.gov/Archives/edgar/data/80424/000008042423000014/pg-20221231.htm,sources/pg_2022-12-31_tables.json,"table 37, row 3 (zero-based)",Grooming | (9)% | 9% | —% | —%
2022-12-31,Health Care,organic_sales_growth,8.0,percent / percentage-point contribution,2023-01-19,https://www.sec.gov/Archives/edgar/data/80424/000008042423000014/pg-20221231.htm,sources/pg_2022-12-31_tables.json,"table 37, row 4 (zero-based)",Health Care | 2% | 6% | —% | 8%
2022-12-31,Fabric & Home Care,organic_sales_growth,8.0,percent / percentage-point contribution,2023-01-19,https://www.sec.gov/Archives/edgar/data/80424/000008042423000014/pg-20221231.htm,sources/pg_2022-12-31_tables.json,"table 37, row 5 (zero-based)",Fabric & Home Care | 1% | 7% | —% | 8%
2022-12-31,"Baby, Feminine & Family Care",organic_sales_growth,4.0,percent / percentage-point contribution,2023-01-19,https://www.sec.gov/Archives/edgar/data/80424/000008042423000014/pg-20221231.htm,sources/pg_2022-12-31_tables.json,"table 37, row 6 (zero-based)","Baby, Feminine & Family Care | (1)% | 5% | —% | 4%"
2022-12-31,Total Company,organic_sales_growth,5.0,percent / percentage-point contribution,2023-01-19,https://www.sec.gov/Archives/edgar/data/80424/000008042423000014/pg-20221231.htm,sources/pg_2022-12-31_tables.json,"table 37, row 7 (zero-based)",Total Company | (1)% | 6% | —% | 5%
2023-03-31,Beauty,reported_volume_growth,1.0,percent / percentage-point contribution,2023-04-21,https://www.sec.gov/Archives/edgar/data/80424/000008042423000046/pg-20230331.htm,sources/pg_2023-03-31_tables.json,"table 32, row 3 (zero-based)",Beauty | 1% | —% | (5)% | 8% | (1)% | —% | 3%
2023-03-31,Beauty,organic_volume_growth,0.0,percent / percentage-point contribution,2023-04-21,https://www.sec.gov/Archives/edgar/data/80424/000008042423000046/pg-20230331.htm,sources/pg_2023-03-31_tables.json,"table 32, row 3 (zero-based)",Beauty | 1% | —% | (5)% | 8% | (1)% | —% | 3%
2023-03-31,Beauty,fx_contribution,-5.0,percent / percentage-point contribution,2023-04-21,https://www.sec.gov/Archives/edgar/data/80424/000008042423000046/pg-20230331.htm,sources/pg_2023-03-31_tables.json,"table 32, row 3 (zero-based)",Beauty | 1% | —% | (5)% | 8% | (1)% | —% | 3%
2023-03-31,Beauty,price_contribution,8.0,percent / percentage-point contribution,2023-04-21,https://www.sec.gov/Archives/edgar/data/80424/000008042423000046/pg-20230331.htm,sources/pg_2023-03-31_tables.json,"table 32, row 3 (zero-based)",Beauty | 1% | —% | (5)% | 8% | (1)% | —% | 3%
2023-03-31,Beauty,mix_contribution,-1.0,percent / percentage-point contribution,2023-04-21,https://www.sec.gov/Archives/edgar/data/80424/000008042423000046/pg-20230331.htm,sources/pg_2023-03-31_tables.json,"table 32, row 3 (zero-based)",Beauty | 1% | —% | (5)% | 8% | (1)% | —% | 3%
2023-03-31,Beauty,other_contribution,0.0,percent / percentage-point contribution,2023-04-21,https://www.sec.gov/Archives/edgar/data/80424/000008042423000046/pg-20230331.htm,sources/pg_2023-03-31_tables.json,"table 32, row 3 (zero-based)",Beauty | 1% | —% | (5)% | 8% | (1)% | —% | 3%
2023-03-31,Beauty,reported_sales_growth,3.0,percent / percentage-point contribution,2023-04-21,https://www.sec.gov/Archives/edgar/data/80424/000008042423000046/pg-20230331.htm,sources/pg_2023-03-31_tables.json,"table 32, row 3 (zero-based)",Beauty | 1% | —% | (5)% | 8% | (1)% | —% | 3%
2023-03-31,Grooming,reported_volume_growth,-1.0,percent / percentage-point contribution,2023-04-21,https://www.sec.gov/Archives/edgar/data/80424/000008042423000046/pg-20230331.htm,sources/pg_2023-03-31_tables.json,"table 32, row 4 (zero-based)",Grooming | (1)% | (1)% | (6)% | 10% | (2)% | —% | 1%
2023-03-31,Grooming,organic_volume_growth,-1.0,percent / percentage-point contribution,2023-04-21,https://www.sec.gov/Archives/edgar/data/80424/000008042423000046/pg-20230331.htm,sources/pg_2023-03-31_tables.json,"table 32, row 4 (zero-based)",Grooming | (1)% | (1)% | (6)% | 10% | (2)% | —% | 1%
2023-03-31,Grooming,fx_contribution,-6.0,percent / percentage-point contribution,2023-04-21,https://www.sec.gov/Archives/edgar/data/80424/000008042423000046/pg-20230331.htm,sources/pg_2023-03-31_tables.json,"table 32, row 4 (zero-based)",Grooming | (1)% | (1)% | (6)% | 10% | (2)% | —% | 1%
2023-03-31,Grooming,price_contribution,10.0,percent / percentage-point contribution,2023-04-21,https://www.sec.gov/Archives/edgar/data/80424/000008042423000046/pg-20230331.htm,sources/pg_2023-03-31_tables.json,"table 32, row 4 (zero-based)",Grooming | (1)% | (1)% | (6)% | 10% | (2)% | —% | 1%
2023-03-31,Grooming,mix_contribution,-2.0,percent / percentage-point contribution,2023-04-21,https://www.sec.gov/Archives/edgar/data/80424/000008042423000046/pg-20230331.htm,sources/pg_2023-03-31_tables.json,"table 32, row 4 (zero-based)",Grooming | (1)% | (1)% | (6)% | 10% | (2)% | —% | 1%
2023-03-31,Grooming,other_contribution,0.0,percent / percentage-point contribution,2023-04-21,https://www.sec.gov/Archives/edgar/data/80424/000008042423000046/pg-20230331.htm,sources/pg_2023-03-31_tables.json,"table 32, row 4 (zero-based)",Grooming | (1)% | (1)% | (6)% | 10% | (2)% | —% | 1%
2023-03-31,Grooming,reported_sales_growth,1.0,percent / percentage-point contribution,2023-04-21,https://www.sec.gov/Archives/edgar/data/80424/000008042423000046/pg-20230331.htm,sources/pg_2023-03-31_tables.json,"table 32, row 4 (zero-based)",Grooming | (1)% | (1)% | (6)% | 10% | (2)% | —% | 1%
2023-03-31,Health Care,reported_volume_growth,1.0,percent / percentage-point contribution,2023-04-21,https://www.sec.gov/Archives/edgar/data/80424/000008042423000046/pg-20230331.htm,sources/pg_2023-03-31_tables.json,"table 32, row 5 (zero-based)",Health Care | 1% | 1% | (3)% | 6% | 3% | (1)% | 6%
2023-03-31,Health Care,organic_volume_growth,1.0,percent / percentage-point contribution,2023-04-21,https://www.sec.gov/Archives/edgar/data/80424/000008042423000046/pg-20230331.htm,sources/pg_2023-03-31_tables.json,"table 32, row 5 (zero-based)",Health Care | 1% | 1% | (3)% | 6% | 3% | (1)% | 6%
2023-03-31,Health Care,fx_contribution,-3.0,percent / percentage-point contribution,2023-04-21,https://www.sec.gov/Archives/edgar/data/80424/000008042423000046/pg-20230331.htm,sources/pg_2023-03-31_tables.json,"table 32, row 5 (zero-based)",Health Care | 1% | 1% | (3)% | 6% | 3% | (1)% | 6%
2023-03-31,Health Care,price_contribution,6.0,percent / percentage-point contribution,2023-04-21,https://www.sec.gov/Archives/edgar/data/80424/000008042423000046/pg-20230331.htm,sources/pg_2023-03-31_tables.json,"table 32, row 5 (zero-based)",Health Care | 1% | 1% | (3)% | 6% | 3% | (1)% | 6%
2023-03-31,Health Care,mix_contribution,3.0,percent / percentage-point contribution,2023-04-21,https://www.sec.gov/Archives/edgar/data/80424/000008042423000046/pg-20230331.htm,sources/pg_2023-03-31_tables.json,"table 32, row 5 (zero-based)",Health Care | 1% | 1% | (3)% | 6% | 3% | (1)% | 6%
2023-03-31,Health Care,other_contribution,-1.0,percent / percentage-point contribution,2023-04-21,https://www.sec.gov/Archives/edgar/data/80424/000008042423000046/pg-20230331.htm,sources/pg_2023-03-31_tables.json,"table 32, row 5 (zero-based)",Health Care | 1% | 1% | (3)% | 6% | 3% | (1)% | 6%
2023-03-31,Health Care,reported_sales_growth,6.0,percent / percentage-point contribution,2023-04-21,https://www.sec.gov/Archives/edgar/data/80424/000008042423000046/pg-20230331.htm,sources/pg_2023-03-31_tables.json,"table 32, row 5 (zero-based)",Health Care | 1% | 1% | (3)% | 6% | 3% | (1)% | 6%
2023-03-31,Fabric & Home Care,reported_volume_growth,-5.0,percent / percentage-point contribution,2023-04-21,https://www.sec.gov/Archives/edgar/data/80424/000008042423000046/pg-20230331.htm,sources/pg_2023-03-31_tables.json,"table 32, row 6 (zero-based)",Fabric & Home Care | (5)% | (5)% | (4)% | 13% | 1% | —% | 5%
2023-03-31,Fabric & Home Care,organic_volume_growth,-5.0,percent / percentage-point contribution,2023-04-21,https://www.sec.gov/Archives/edgar/data/80424/000008042423000046/pg-20230331.htm,sources/pg_2023-03-31_tables.json,"table 32, row 6 (zero-based)",Fabric & Home Care | (5)% | (5)% | (4)% | 13% | 1% | —% | 5%
2023-03-31,Fabric & Home Care,fx_contribution,-4.0,percent / percentage-point contribution,2023-04-21,https://www.sec.gov/Archives/edgar/data/80424/000008042423000046/pg-20230331.htm,sources/pg_2023-03-31_tables.json,"table 32, row 6 (zero-based)",Fabric & Home Care | (5)% | (5)% | (4)% | 13% | 1% | —% | 5%
2023-03-31,Fabric & Home Care,price_contribution,13.0,percent / percentage-point contribution,2023-04-21,https://www.sec.gov/Archives/edgar/data/80424/000008042423000046/pg-20230331.htm,sources/pg_2023-03-31_tables.json,"table 32, row 6 (zero-based)",Fabric & Home Care | (5)% | (5)% | (4)% | 13% | 1% | —% | 5%
2023-03-31,Fabric & Home Care,mix_contribution,1.0,percent / percentage-point contribution,2023-04-21,https://www.sec.gov/Archives/edgar/data/80424/000008042423000046/pg-20230331.htm,sources/pg_2023-03-31_tables.json,"table 32, row 6 (zero-based)",Fabric & Home Care | (5)% | (5)% | (4)% | 13% | 1% | —% | 5%
2023-03-31,Fabric & Home Care,other_contribution,0.0,percent / percentage-point contribution,2023-04-21,https://www.sec.gov/Archives/edgar/data/80424/000008042423000046/pg-20230331.htm,sources/pg_2023-03-31_tables.json,"table 32, row 6 (zero-based)",Fabric & Home Care | (5)% | (5)% | (4)% | 13% | 1% | —% | 5%
2023-03-31,Fabric & Home Care,reported_sales_growth,5.0,percent / percentage-point contribution,2023-04-21,https://www.sec.gov/Archives/edgar/data/80424/000008042423000046/pg-20230331.htm,sources/pg_2023-03-31_tables.json,"table 32, row 6 (zero-based)",Fabric & Home Care | (5)% | (5)% | (4)% | 13% | 1% | —% | 5%
2023-03-31,"Baby, Feminine & Family Care",reported_volume_growth,-4.0,percent / percentage-point contribution,2023-04-21,https://www.sec.gov/Archives/edgar/data/80424/000008042423000046/pg-20230331.htm,sources/pg_2023-03-31_tables.json,"table 32, row 7 (zero-based)","Baby, Feminine & Family Care | (4)% | (4)% | (3)% | 8% | 2% | —% | 3%"
2023-03-31,"Baby, Feminine & Family Care",organic_volume_growth,-4.0,percent / percentage-point contribution,2023-04-21,https://www.sec.gov/Archives/edgar/data/80424/000008042423000046/pg-20230331.htm,sources/pg_2023-03-31_tables.json,"table 32, row 7 (zero-based)","Baby, Feminine & Family Care | (4)% | (4)% | (3)% | 8% | 2% | —% | 3%"
2023-03-31,"Baby, Feminine & Family Care",fx_contribution,-3.0,percent / percentage-point contribution,2023-04-21,https://www.sec.gov/Archives/edgar/data/80424/000008042423000046/pg-20230331.htm,sources/pg_2023-03-31_tables.json,"table 32, row 7 (zero-based)","Baby, Feminine & Family Care | (4)% | (4)% | (3)% | 8% | 2% | —% | 3%"
2023-03-31,"Baby, Feminine & Family Care",price_contribution,8.0,percent / percentage-point contribution,2023-04-21,https://www.sec.gov/Archives/edgar/data/80424/000008042423000046/pg-20230331.htm,sources/pg_2023-03-31_tables.json,"table 32, row 7 (zero-based)","Baby, Feminine & Family Care | (4)% | (4)% | (3)% | 8% | 2% | —% | 3%"
2023-03-31,"Baby, Feminine & Family Care",mix_contribution,2.0,percent / percentage-point contribution,2023-04-21,https://www.sec.gov/Archives/edgar/data/80424/000008042423000046/pg-20230331.htm,sources/pg_2023-03-31_tables.json,"table 32, row 7 (zero-based)","Baby, Feminine & Family Care | (4)% | (4)% | (3)% | 8% | 2% | —% | 3%"
2023-03-31,"Baby, Feminine & Family Care",other_contribution,0.0,percent / percentage-point contribution,2023-04-21,https://www.sec.gov/Archives/edgar/data/80424/000008042423000046/pg-20230331.htm,sources/pg_2023-03-31_tables.json,"table 32, row 7 (zero-based)","Baby, Feminine & Family Care | (4)% | (4)% | (3)% | 8% | 2% | —% | 3%"
2023-03-31,"Baby, Feminine & Family Care",reported_sales_growth,3.0,percent / percentage-point contribution,2023-04-21,https://www.sec.gov/Archives/edgar/data/80424/000008042423000046/pg-20230331.htm,sources/pg_2023-03-31_tables.json,"table 32, row 7 (zero-based)","Baby, Feminine & Family Care | (4)% | (4)% | (3)% | 8% | 2% | —% | 3%"
2023-03-31,Total Company,reported_volume_growth,-3.0,percent / percentage-point contribution,2023-04-21,https://www.sec.gov/Archives/edgar/data/80424/000008042423000046/pg-20230331.htm,sources/pg_2023-03-31_tables.json,"table 32, row 8 (zero-based)",Total Company | (3)% | (3)% | (4)% | 10% | 1% | —% | 4%
2023-03-31,Total Company,organic_volume_growth,-3.0,percent / percentage-point contribution,2023-04-21,https://www.sec.gov/Archives/edgar/data/80424/000008042423000046/pg-20230331.htm,sources/pg_2023-03-31_tables.json,"table 32, row 8 (zero-based)",Total Company | (3)% | (3)% | (4)% | 10% | 1% | —% | 4%
2023-03-31,Total Company,fx_contribution,-4.0,percent / percentage-point contribution,2023-04-21,https://www.sec.gov/Archives/edgar/data/80424/000008042423000046/pg-20230331.htm,sources/pg_2023-03-31_tables.json,"table 32, row 8 (zero-based)",Total Company | (3)% | (3)% | (4)% | 10% | 1% | —% | 4%
2023-03-31,Total Company,price_contribution,10.0,percent / percentage-point contribution,2023-04-21,https://www.sec.gov/Archives/edgar/data/80424/000008042423000046/pg-20230331.htm,sources/pg_2023-03-31_tables.json,"table 32, row 8 (zero-based)",Total Company | (3)% | (3)% | (4)% | 10% | 1% | —% | 4%
2023-03-31,Total Company,mix_contribution,1.0,percent / percentage-point contribution,2023-04-21,https://www.sec.gov/Archives/edgar/data/80424/000008042423000046/pg-20230331.htm,sources/pg_2023-03-31_tables.json,"table 32, row 8 (zero-based)",Total Company | (3)% | (3)% | (4)% | 10% | 1% | —% | 4%
2023-03-31,Total Company,other_contribution,0.0,percent / percentage-point contribution,2023-04-21,https://www.sec.gov/Archives/edgar/data/80424/000008042423000046/pg-20230331.htm,sources/pg_2023-03-31_tables.json,"table 32, row 8 (zero-based)",Total Company | (3)% | (3)% | (4)% | 10% | 1% | —% | 4%
2023-03-31,Total Company,reported_sales_growth,4.0,percent / percentage-point contribution,2023-04-21,https://www.sec.gov/Archives/edgar/data/80424/000008042423000046/pg-20230331.htm,sources/pg_2023-03-31_tables.json,"table 32, row 8 (zero-based)",Total Company | (3)% | (3)% | (4)% | 10% | 1% | —% | 4%
2023-03-31,Beauty,net_sales,3494.0,USD million,2023-04-21,https://www.sec.gov/Archives/edgar/data/80424/000008042423000046/pg-20230331.htm,sources/pg_2023-03-31_tables.json,"table 35, row 3 (zero-based)","Beauty | $ | 3,494 | 3 | % | $ | 763 | (4) | % | $ | 608 | (6) | %"
2023-03-31,Grooming,net_sales,1495.0,USD million,2023-04-21,https://www.sec.gov/Archives/edgar/data/80424/000008042423000046/pg-20230331.htm,sources/pg_2023-03-31_tables.json,"table 35, row 4 (zero-based)","Grooming | 1,495 | 1 | % | 382 | 8 | % | 308 | 6 | %"
2023-03-31,Health Care,net_sales,2828.0,USD million,2023-04-21,https://www.sec.gov/Archives/edgar/data/80424/000008042423000046/pg-20230331.htm,sources/pg_2023-03-31_tables.json,"table 35, row 5 (zero-based)","Health Care | 2,828 | 6 | % | 667 | 7 | % | 523 | 8 | %"
2023-03-31,Fabric & Home Care,net_sales,7016.0,USD million,2023-04-21,https://www.sec.gov/Archives/edgar/data/80424/000008042423000046/pg-20230331.htm,sources/pg_2023-03-31_tables.json,"table 35, row 6 (zero-based)","Fabric & Home Care | 7,016 | 5 | % | 1,538 | 21 | % | 1,174 | 21 | %"
2023-03-31,"Baby, Feminine & Family Care",net_sales,5062.0,USD million,2023-04-21,https://www.sec.gov/Archives/edgar/data/80424/000008042423000046/pg-20230331.htm,sources/pg_2023-03-31_tables.json,"table 35, row 7 (zero-based)","Baby, Feminine & Family Care | 5,062 | 3 | % | 1,206 | 11 | % | 925 | 11 | %"
2023-03-31,Corporate,net_sales,173.0,USD million,2023-04-21,https://www.sec.gov/Archives/edgar/data/80424/000008042423000046/pg-20230331.htm,sources/pg_2023-03-31_tables.json,"table 35, row 8 (zero-based)",Corporate | 173 | N/A | (268) | N/A | (114) | N/A
2023-03-31,Total Company,net_sales,20068.0,USD million,2023-04-21,https://www.sec.gov/Archives/edgar/data/80424/000008042423000046/pg-20230331.htm,sources/pg_2023-03-31_tables.json,"table 35, row 9 (zero-based)","Total Company | $ | 20,068 | 4 | % | $ | 4,288 | 5 | % | $ | 3,424 | 2 | %"
2023-03-31,Beauty,organic_sales_growth,7.0,percent / percentage-point contribution,2023-04-21,https://www.sec.gov/Archives/edgar/data/80424/000008042423000046/pg-20230331.htm,sources/pg_2023-03-31_tables.json,"table 37, row 2 (zero-based)",Beauty | 3% | 5% | (1)% | 7%
2023-03-31,Grooming,organic_sales_growth,7.0,percent / percentage-point contribution,2023-04-21,https://www.sec.gov/Archives/edgar/data/80424/000008042423000046/pg-20230331.htm,sources/pg_2023-03-31_tables.json,"table 37, row 3 (zero-based)",Grooming | 1% | 6% | —% | 7%
2023-03-31,Health Care,organic_sales_growth,9.0,percent / percentage-point contribution,2023-04-21,https://www.sec.gov/Archives/edgar/data/80424/000008042423000046/pg-20230331.htm,sources/pg_2023-03-31_tables.json,"table 37, row 4 (zero-based)",Health Care | 6% | 3% | —% | 9%
2023-03-31,Fabric & Home Care,organic_sales_growth,9.0,percent / percentage-point contribution,2023-04-21,https://www.sec.gov/Archives/edgar/data/80424/000008042423000046/pg-20230331.htm,sources/pg_2023-03-31_tables.json,"table 37, row 5 (zero-based)",Fabric & Home Care | 5% | 4% | —% | 9%
2023-03-31,"Baby, Feminine & Family Care",organic_sales_growth,6.0,percent / percentage-point contribution,2023-04-21,https://www.sec.gov/Archives/edgar/data/80424/000008042423000046/pg-20230331.htm,sources/pg_2023-03-31_tables.json,"table 37, row 6 (zero-based)","Baby, Feminine & Family Care | 3% | 3% | —% | 6%"
2023-03-31,Total Company,organic_sales_growth,7.0,percent / percentage-point contribution,2023-04-21,https://www.sec.gov/Archives/edgar/data/80424/000008042423000046/pg-20230331.htm,sources/pg_2023-03-31_tables.json,"table 37, row 7 (zero-based)",Total Company | 4% | 4% | (1)% | 7%
2023-06-30,Beauty,reported_volume_growth,0.0,percent / percentage-point contribution,2023-07-28,https://www.sec.gov/Archives/edgar/data/80424/000008042423000059/fy2223q4amj8-kexhibit991.htm,sources/release_2023-06-30_tables.json,"table 3, row 3 (zero-based)",Beauty | —% | (4)% | 8% | 4% | —% | 8% | (1)% | 11%
2023-06-30,Beauty,fx_contribution,-4.0,percent / percentage-point contribution,2023-07-28,https://www.sec.gov/Archives/edgar/data/80424/000008042423000059/fy2223q4amj8-kexhibit991.htm,sources/release_2023-06-30_tables.json,"table 3, row 3 (zero-based)",Beauty | —% | (4)% | 8% | 4% | —% | 8% | (1)% | 11%
2023-06-30,Beauty,price_contribution,8.0,percent / percentage-point contribution,2023-07-28,https://www.sec.gov/Archives/edgar/data/80424/000008042423000059/fy2223q4amj8-kexhibit991.htm,sources/release_2023-06-30_tables.json,"table 3, row 3 (zero-based)",Beauty | —% | (4)% | 8% | 4% | —% | 8% | (1)% | 11%
2023-06-30,Beauty,mix_contribution,4.0,percent / percentage-point contribution,2023-07-28,https://www.sec.gov/Archives/edgar/data/80424/000008042423000059/fy2223q4amj8-kexhibit991.htm,sources/release_2023-06-30_tables.json,"table 3, row 3 (zero-based)",Beauty | —% | (4)% | 8% | 4% | —% | 8% | (1)% | 11%
2023-06-30,Beauty,other_contribution,0.0,percent / percentage-point contribution,2023-07-28,https://www.sec.gov/Archives/edgar/data/80424/000008042423000059/fy2223q4amj8-kexhibit991.htm,sources/release_2023-06-30_tables.json,"table 3, row 3 (zero-based)",Beauty | —% | (4)% | 8% | 4% | —% | 8% | (1)% | 11%
2023-06-30,Beauty,reported_sales_growth,8.0,percent / percentage-point contribution,2023-07-28,https://www.sec.gov/Archives/edgar/data/80424/000008042423000059/fy2223q4amj8-kexhibit991.htm,sources/release_2023-06-30_tables.json,"table 3, row 3 (zero-based)",Beauty | —% | (4)% | 8% | 4% | —% | 8% | (1)% | 11%
2023-06-30,Beauty,organic_volume_growth,-1.0,percent / percentage-point contribution,2023-07-28,https://www.sec.gov/Archives/edgar/data/80424/000008042423000059/fy2223q4amj8-kexhibit991.htm,sources/release_2023-06-30_tables.json,"table 3, row 3 (zero-based)",Beauty | —% | (4)% | 8% | 4% | —% | 8% | (1)% | 11%
2023-06-30,Beauty,organic_sales_growth,11.0,percent / percentage-point contribution,2023-07-28,https://www.sec.gov/Archives/edgar/data/80424/000008042423000059/fy2223q4amj8-kexhibit991.htm,sources/release_2023-06-30_tables.json,"table 3, row 3 (zero-based)",Beauty | —% | (4)% | 8% | 4% | —% | 8% | (1)% | 11%
2023-06-30,Grooming,reported_volume_growth,-1.0,percent / percentage-point contribution,2023-07-28,https://www.sec.gov/Archives/edgar/data/80424/000008042423000059/fy2223q4amj8-kexhibit991.htm,sources/release_2023-06-30_tables.json,"table 3, row 4 (zero-based)",Grooming | (1)% | (5)% | 9% | —% | —% | 3% | (1)% | 8%
2023-06-30,Grooming,fx_contribution,-5.0,percent / percentage-point contribution,2023-07-28,https://www.sec.gov/Archives/edgar/data/80424/000008042423000059/fy2223q4amj8-kexhibit991.htm,sources/release_2023-06-30_tables.json,"table 3, row 4 (zero-based)",Grooming | (1)% | (5)% | 9% | —% | —% | 3% | (1)% | 8%
2023-06-30,Grooming,price_contribution,9.0,percent / percentage-point contribution,2023-07-28,https://www.sec.gov/Archives/edgar/data/80424/000008042423000059/fy2223q4amj8-kexhibit991.htm,sources/release_2023-06-30_tables.json,"table 3, row 4 (zero-based)",Grooming | (1)% | (5)% | 9% | —% | —% | 3% | (1)% | 8%
2023-06-30,Grooming,mix_contribution,0.0,percent / percentage-point contribution,2023-07-28,https://www.sec.gov/Archives/edgar/data/80424/000008042423000059/fy2223q4amj8-kexhibit991.htm,sources/release_2023-06-30_tables.json,"table 3, row 4 (zero-based)",Grooming | (1)% | (5)% | 9% | —% | —% | 3% | (1)% | 8%
2023-06-30,Grooming,other_contribution,0.0,percent / percentage-point contribution,2023-07-28,https://www.sec.gov/Archives/edgar/data/80424/000008042423000059/fy2223q4amj8-kexhibit991.htm,sources/release_2023-06-30_tables.json,"table 3, row 4 (zero-based)",Grooming | (1)% | (5)% | 9% | —% | —% | 3% | (1)% | 8%
2023-06-30,Grooming,reported_sales_growth,3.0,percent / percentage-point contribution,2023-07-28,https://www.sec.gov/Archives/edgar/data/80424/000008042423000059/fy2223q4amj8-kexhibit991.htm,sources/release_2023-06-30_tables.json,"table 3, row 4 (zero-based)",Grooming | (1)% | (5)% | 9% | —% | —% | 3% | (1)% | 8%
2023-06-30,Grooming,organic_volume_growth,-1.0,percent / percentage-point contribution,2023-07-28,https://www.sec.gov/Archives/edgar/data/80424/000008042423000059/fy2223q4amj8-kexhibit991.htm,sources/release_2023-06-30_tables.json,"table 3, row 4 (zero-based)",Grooming | (1)% | (5)% | 9% | —% | —% | 3% | (1)% | 8%
2023-06-30,Grooming,organic_sales_growth,8.0,percent / percentage-point contribution,2023-07-28,https://www.sec.gov/Archives/edgar/data/80424/000008042423000059/fy2223q4amj8-kexhibit991.htm,sources/release_2023-06-30_tables.json,"table 3, row 4 (zero-based)",Grooming | (1)% | (5)% | 9% | —% | —% | 3% | (1)% | 8%
2023-06-30,Health Care,reported_volume_growth,-3.0,percent / percentage-point contribution,2023-07-28,https://www.sec.gov/Archives/edgar/data/80424/000008042423000059/fy2223q4amj8-kexhibit991.htm,sources/release_2023-06-30_tables.json,"table 3, row 5 (zero-based)",Health Care | (3)% | (2)% | 6% | 2% | —% | 3% | (3)% | 5%
2023-06-30,Health Care,fx_contribution,-2.0,percent / percentage-point contribution,2023-07-28,https://www.sec.gov/Archives/edgar/data/80424/000008042423000059/fy2223q4amj8-kexhibit991.htm,sources/release_2023-06-30_tables.json,"table 3, row 5 (zero-based)",Health Care | (3)% | (2)% | 6% | 2% | —% | 3% | (3)% | 5%
2023-06-30,Health Care,price_contribution,6.0,percent / percentage-point contribution,2023-07-28,https://www.sec.gov/Archives/edgar/data/80424/000008042423000059/fy2223q4amj8-kexhibit991.htm,sources/release_2023-06-30_tables.json,"table 3, row 5 (zero-based)",Health Care | (3)% | (2)% | 6% | 2% | —% | 3% | (3)% | 5%
2023-06-30,Health Care,mix_contribution,2.0,percent / percentage-point contribution,2023-07-28,https://www.sec.gov/Archives/edgar/data/80424/000008042423000059/fy2223q4amj8-kexhibit991.htm,sources/release_2023-06-30_tables.json,"table 3, row 5 (zero-based)",Health Care | (3)% | (2)% | 6% | 2% | —% | 3% | (3)% | 5%
2023-06-30,Health Care,other_contribution,0.0,percent / percentage-point contribution,2023-07-28,https://www.sec.gov/Archives/edgar/data/80424/000008042423000059/fy2223q4amj8-kexhibit991.htm,sources/release_2023-06-30_tables.json,"table 3, row 5 (zero-based)",Health Care | (3)% | (2)% | 6% | 2% | —% | 3% | (3)% | 5%
2023-06-30,Health Care,reported_sales_growth,3.0,percent / percentage-point contribution,2023-07-28,https://www.sec.gov/Archives/edgar/data/80424/000008042423000059/fy2223q4amj8-kexhibit991.htm,sources/release_2023-06-30_tables.json,"table 3, row 5 (zero-based)",Health Care | (3)% | (2)% | 6% | 2% | —% | 3% | (3)% | 5%
2023-06-30,Health Care,organic_volume_growth,-3.0,percent / percentage-point contribution,2023-07-28,https://www.sec.gov/Archives/edgar/data/80424/000008042423000059/fy2223q4amj8-kexhibit991.htm,sources/release_2023-06-30_tables.json,"table 3, row 5 (zero-based)",Health Care | (3)% | (2)% | 6% | 2% | —% | 3% | (3)% | 5%
2023-06-30,Health Care,organic_sales_growth,5.0,percent / percentage-point contribution,2023-07-28,https://www.sec.gov/Archives/edgar/data/80424/000008042423000059/fy2223q4amj8-kexhibit991.htm,sources/release_2023-06-30_tables.json,"table 3, row 5 (zero-based)",Health Care | (3)% | (2)% | 6% | 2% | —% | 3% | (3)% | 5%
2023-06-30,Fabric & Home Care,reported_volume_growth,-2.0,percent / percentage-point contribution,2023-07-28,https://www.sec.gov/Archives/edgar/data/80424/000008042423000059/fy2223q4amj8-kexhibit991.htm,sources/release_2023-06-30_tables.json,"table 3, row 6 (zero-based)",Fabric & Home Care | (2)% | (2)% | 6% | 3% | —% | 5% | (2)% | 8%
2023-06-30,Fabric & Home Care,fx_contribution,-2.0,percent / percentage-point contribution,2023-07-28,https://www.sec.gov/Archives/edgar/data/80424/000008042423000059/fy2223q4amj8-kexhibit991.htm,sources/release_2023-06-30_tables.json,"table 3, row 6 (zero-based)",Fabric & Home Care | (2)% | (2)% | 6% | 3% | —% | 5% | (2)% | 8%
2023-06-30,Fabric & Home Care,price_contribution,6.0,percent / percentage-point contribution,2023-07-28,https://www.sec.gov/Archives/edgar/data/80424/000008042423000059/fy2223q4amj8-kexhibit991.htm,sources/release_2023-06-30_tables.json,"table 3, row 6 (zero-based)",Fabric & Home Care | (2)% | (2)% | 6% | 3% | —% | 5% | (2)% | 8%
2023-06-30,Fabric & Home Care,mix_contribution,3.0,percent / percentage-point contribution,2023-07-28,https://www.sec.gov/Archives/edgar/data/80424/000008042423000059/fy2223q4amj8-kexhibit991.htm,sources/release_2023-06-30_tables.json,"table 3, row 6 (zero-based)",Fabric & Home Care | (2)% | (2)% | 6% | 3% | —% | 5% | (2)% | 8%
2023-06-30,Fabric & Home Care,other_contribution,0.0,percent / percentage-point contribution,2023-07-28,https://www.sec.gov/Archives/edgar/data/80424/000008042423000059/fy2223q4amj8-kexhibit991.htm,sources/release_2023-06-30_tables.json,"table 3, row 6 (zero-based)",Fabric & Home Care | (2)% | (2)% | 6% | 3% | —% | 5% | (2)% | 8%
2023-06-30,Fabric & Home Care,reported_sales_growth,5.0,percent / percentage-point contribution,2023-07-28,https://www.sec.gov/Archives/edgar/data/80424/000008042423000059/fy2223q4amj8-kexhibit991.htm,sources/release_2023-06-30_tables.json,"table 3, row 6 (zero-based)",Fabric & Home Care | (2)% | (2)% | 6% | 3% | —% | 5% | (2)% | 8%
2023-06-30,Fabric & Home Care,organic_volume_growth,-2.0,percent / percentage-point contribution,2023-07-28,https://www.sec.gov/Archives/edgar/data/80424/000008042423000059/fy2223q4amj8-kexhibit991.htm,sources/release_2023-06-30_tables.json,"table 3, row 6 (zero-based)",Fabric & Home Care | (2)% | (2)% | 6% | 3% | —% | 5% | (2)% | 8%
2023-06-30,Fabric & Home Care,organic_sales_growth,8.0,percent / percentage-point contribution,2023-07-28,https://www.sec.gov/Archives/edgar/data/80424/000008042423000059/fy2223q4amj8-kexhibit991.htm,sources/release_2023-06-30_tables.json,"table 3, row 6 (zero-based)",Fabric & Home Care | (2)% | (2)% | 6% | 3% | —% | 5% | (2)% | 8%
2023-06-30,"Baby, Feminine & Family Care",reported_volume_growth,0.0,percent / percentage-point contribution,2023-07-28,https://www.sec.gov/Archives/edgar/data/80424/000008042423000059/fy2223q4amj8-kexhibit991.htm,sources/release_2023-06-30_tables.json,"table 3, row 7 (zero-based)","Baby, Feminine & Family Care | —% | (3)% | 8% | 2% | —% | 7% | —% | 9%"
2023-06-30,"Baby, Feminine & Family Care",fx_contribution,-3.0,percent / percentage-point contribution,2023-07-28,https://www.sec.gov/Archives/edgar/data/80424/000008042423000059/fy2223q4amj8-kexhibit991.htm,sources/release_2023-06-30_tables.json,"table 3, row 7 (zero-based)","Baby, Feminine & Family Care | —% | (3)% | 8% | 2% | —% | 7% | —% | 9%"
2023-06-30,"Baby, Feminine & Family Care",price_contribution,8.0,percent / percentage-point contribution,2023-07-28,https://www.sec.gov/Archives/edgar/data/80424/000008042423000059/fy2223q4amj8-kexhibit991.htm,sources/release_2023-06-30_tables.json,"table 3, row 7 (zero-based)","Baby, Feminine & Family Care | —% | (3)% | 8% | 2% | —% | 7% | —% | 9%"
2023-06-30,"Baby, Feminine & Family Care",mix_contribution,2.0,percent / percentage-point contribution,2023-07-28,https://www.sec.gov/Archives/edgar/data/80424/000008042423000059/fy2223q4amj8-kexhibit991.htm,sources/release_2023-06-30_tables.json,"table 3, row 7 (zero-based)","Baby, Feminine & Family Care | —% | (3)% | 8% | 2% | —% | 7% | —% | 9%"
2023-06-30,"Baby, Feminine & Family Care",other_contribution,0.0,percent / percentage-point contribution,2023-07-28,https://www.sec.gov/Archives/edgar/data/80424/000008042423000059/fy2223q4amj8-kexhibit991.htm,sources/release_2023-06-30_tables.json,"table 3, row 7 (zero-based)","Baby, Feminine & Family Care | —% | (3)% | 8% | 2% | —% | 7% | —% | 9%"
2023-06-30,"Baby, Feminine & Family Care",reported_sales_growth,7.0,percent / percentage-point contribution,2023-07-28,https://www.sec.gov/Archives/edgar/data/80424/000008042423000059/fy2223q4amj8-kexhibit991.htm,sources/release_2023-06-30_tables.json,"table 3, row 7 (zero-based)","Baby, Feminine & Family Care | —% | (3)% | 8% | 2% | —% | 7% | —% | 9%"
2023-06-30,"Baby, Feminine & Family Care",organic_volume_growth,0.0,percent / percentage-point contribution,2023-07-28,https://www.sec.gov/Archives/edgar/data/80424/000008042423000059/fy2223q4amj8-kexhibit991.htm,sources/release_2023-06-30_tables.json,"table 3, row 7 (zero-based)","Baby, Feminine & Family Care | —% | (3)% | 8% | 2% | —% | 7% | —% | 9%"
2023-06-30,"Baby, Feminine & Family Care",organic_sales_growth,9.0,percent / percentage-point contribution,2023-07-28,https://www.sec.gov/Archives/edgar/data/80424/000008042423000059/fy2223q4amj8-kexhibit991.htm,sources/release_2023-06-30_tables.json,"table 3, row 7 (zero-based)","Baby, Feminine & Family Care | —% | (3)% | 8% | 2% | —% | 7% | —% | 9%"
2023-06-30,Total Company,reported_volume_growth,-1.0,percent / percentage-point contribution,2023-07-28,https://www.sec.gov/Archives/edgar/data/80424/000008042423000059/fy2223q4amj8-kexhibit991.htm,sources/release_2023-06-30_tables.json,"table 3, row 8 (zero-based)",Total P&G | (1)% | (3)% | 7% | 2% | —% | 5% | (1)% | 8%
2023-06-30,Total Company,fx_contribution,-3.0,percent / percentage-point contribution,2023-07-28,https://www.sec.gov/Archives/edgar/data/80424/000008042423000059/fy2223q4amj8-kexhibit991.htm,sources/release_2023-06-30_tables.json,"table 3, row 8 (zero-based)",Total P&G | (1)% | (3)% | 7% | 2% | —% | 5% | (1)% | 8%
2023-06-30,Total Company,price_contribution,7.0,percent / percentage-point contribution,2023-07-28,https://www.sec.gov/Archives/edgar/data/80424/000008042423000059/fy2223q4amj8-kexhibit991.htm,sources/release_2023-06-30_tables.json,"table 3, row 8 (zero-based)",Total P&G | (1)% | (3)% | 7% | 2% | —% | 5% | (1)% | 8%
2023-06-30,Total Company,mix_contribution,2.0,percent / percentage-point contribution,2023-07-28,https://www.sec.gov/Archives/edgar/data/80424/000008042423000059/fy2223q4amj8-kexhibit991.htm,sources/release_2023-06-30_tables.json,"table 3, row 8 (zero-based)",Total P&G | (1)% | (3)% | 7% | 2% | —% | 5% | (1)% | 8%
2023-06-30,Total Company,other_contribution,0.0,percent / percentage-point contribution,2023-07-28,https://www.sec.gov/Archives/edgar/data/80424/000008042423000059/fy2223q4amj8-kexhibit991.htm,sources/release_2023-06-30_tables.json,"table 3, row 8 (zero-based)",Total P&G | (1)% | (3)% | 7% | 2% | —% | 5% | (1)% | 8%
2023-06-30,Total Company,reported_sales_growth,5.0,percent / percentage-point contribution,2023-07-28,https://www.sec.gov/Archives/edgar/data/80424/000008042423000059/fy2223q4amj8-kexhibit991.htm,sources/release_2023-06-30_tables.json,"table 3, row 8 (zero-based)",Total P&G | (1)% | (3)% | 7% | 2% | —% | 5% | (1)% | 8%
2023-06-30,Total Company,organic_volume_growth,-1.0,percent / percentage-point contribution,2023-07-28,https://www.sec.gov/Archives/edgar/data/80424/000008042423000059/fy2223q4amj8-kexhibit991.htm,sources/release_2023-06-30_tables.json,"table 3, row 8 (zero-based)",Total P&G | (1)% | (3)% | 7% | 2% | —% | 5% | (1)% | 8%
2023-06-30,Total Company,organic_sales_growth,8.0,percent / percentage-point contribution,2023-07-28,https://www.sec.gov/Archives/edgar/data/80424/000008042423000059/fy2223q4amj8-kexhibit991.htm,sources/release_2023-06-30_tables.json,"table 3, row 8 (zero-based)",Total P&G | (1)% | (3)% | 7% | 2% | —% | 5% | (1)% | 8%
2023-06-30,Beauty,net_sales,3746.0,USD million,2023-07-28,https://www.sec.gov/Archives/edgar/data/80424/000008042423000059/fy2223q4amj8-kexhibit991.htm,sources/release_2023-06-30_tables.json,"table 5, row 4 (zero-based)","Beauty | $3,746 | 8% | $830 | 13% | $648 | 12%"
2023-06-30,Grooming,net_sales,1656.0,USD million,2023-07-28,https://www.sec.gov/Archives/edgar/data/80424/000008042423000059/fy2223q4amj8-kexhibit991.htm,sources/release_2023-06-30_tables.json,"table 5, row 5 (zero-based)","Grooming | 1,656 | 3% | 425 | 10% | 345 | 12%"
2023-06-30,Health Care,net_sales,2590.0,USD million,2023-07-28,https://www.sec.gov/Archives/edgar/data/80424/000008042423000059/fy2223q4amj8-kexhibit991.htm,sources/release_2023-06-30_tables.json,"table 5, row 6 (zero-based)","Health Care | 2,590 | 3% | 405 | 3% | 299 | 3%"
2023-06-30,Fabric & Home Care,net_sales,7241.0,USD million,2023-07-28,https://www.sec.gov/Archives/edgar/data/80424/000008042423000059/fy2223q4amj8-kexhibit991.htm,sources/release_2023-06-30_tables.json,"table 5, row 7 (zero-based)","Fabric & Home Care | 7,241 | 5% | 1,684 | 17% | 1,311 | 20%"
2023-06-30,"Baby, Feminine & Family Care",net_sales,5156.0,USD million,2023-07-28,https://www.sec.gov/Archives/edgar/data/80424/000008042423000059/fy2223q4amj8-kexhibit991.htm,sources/release_2023-06-30_tables.json,"table 5, row 8 (zero-based)","Baby, Feminine & Family Care | 5,156 | 7% | 1,250 | 37% | 967 | 40%"
2023-06-30,Corporate,net_sales,164.0,USD million,2023-07-28,https://www.sec.gov/Archives/edgar/data/80424/000008042423000059/fy2223q4amj8-kexhibit991.htm,sources/release_2023-06-30_tables.json,"table 5, row 9 (zero-based)",Corporate | 164 | N/A | (361) | N/A | (178) | N/A
2023-06-30,Total Company,net_sales,20553.0,USD million,2023-07-28,https://www.sec.gov/Archives/edgar/data/80424/000008042423000059/fy2223q4amj8-kexhibit991.htm,sources/release_2023-06-30_tables.json,"table 5, row 10 (zero-based)","Total Company | $20,553 | 5% | $4,233 | 16% | $3,392 | 11%"
2023-09-30,Beauty,reported_volume_growth,0.0,percent / percentage-point contribution,2023-10-18,https://www.sec.gov/Archives/edgar/data/80424/000008042423000103/pg-20230930.htm,sources/pg_2023-09-30_tables.json,"table 31, row 3 (zero-based)",Beauty | — | % | — | % | (3) | % | 7 | % | (2) | % | 1 | % | 3 | %
2023-09-30,Beauty,organic_volume_growth,0.0,percent / percentage-point contribution,2023-10-18,https://www.sec.gov/Archives/edgar/data/80424/000008042423000103/pg-20230930.htm,sources/pg_2023-09-30_tables.json,"table 31, row 3 (zero-based)",Beauty | — | % | — | % | (3) | % | 7 | % | (2) | % | 1 | % | 3 | %
2023-09-30,Beauty,fx_contribution,-3.0,percent / percentage-point contribution,2023-10-18,https://www.sec.gov/Archives/edgar/data/80424/000008042423000103/pg-20230930.htm,sources/pg_2023-09-30_tables.json,"table 31, row 3 (zero-based)",Beauty | — | % | — | % | (3) | % | 7 | % | (2) | % | 1 | % | 3 | %
2023-09-30,Beauty,price_contribution,7.0,percent / percentage-point contribution,2023-10-18,https://www.sec.gov/Archives/edgar/data/80424/000008042423000103/pg-20230930.htm,sources/pg_2023-09-30_tables.json,"table 31, row 3 (zero-based)",Beauty | — | % | — | % | (3) | % | 7 | % | (2) | % | 1 | % | 3 | %
2023-09-30,Beauty,mix_contribution,-2.0,percent / percentage-point contribution,2023-10-18,https://www.sec.gov/Archives/edgar/data/80424/000008042423000103/pg-20230930.htm,sources/pg_2023-09-30_tables.json,"table 31, row 3 (zero-based)",Beauty | — | % | — | % | (3) | % | 7 | % | (2) | % | 1 | % | 3 | %
2023-09-30,Beauty,other_contribution,1.0,percent / percentage-point contribution,2023-10-18,https://www.sec.gov/Archives/edgar/data/80424/000008042423000103/pg-20230930.htm,sources/pg_2023-09-30_tables.json,"table 31, row 3 (zero-based)",Beauty | — | % | — | % | (3) | % | 7 | % | (2) | % | 1 | % | 3 | %
2023-09-30,Beauty,reported_sales_growth,3.0,percent / percentage-point contribution,2023-10-18,https://www.sec.gov/Archives/edgar/data/80424/000008042423000103/pg-20230930.htm,sources/pg_2023-09-30_tables.json,"table 31, row 3 (zero-based)",Beauty | — | % | — | % | (3) | % | 7 | % | (2) | % | 1 | % | 3 | %
2023-09-30,Grooming,reported_volume_growth,-2.0,percent / percentage-point contribution,2023-10-18,https://www.sec.gov/Archives/edgar/data/80424/000008042423000103/pg-20230930.htm,sources/pg_2023-09-30_tables.json,"table 31, row 4 (zero-based)",Grooming | (2) | % | (2) | % | (3) | % | 9 | % | 1 | % | 1 | % | 6 | %
2023-09-30,Grooming,organic_volume_growth,-2.0,percent / percentage-point contribution,2023-10-18,https://www.sec.gov/Archives/edgar/data/80424/000008042423000103/pg-20230930.htm,sources/pg_2023-09-30_tables.json,"table 31, row 4 (zero-based)",Grooming | (2) | % | (2) | % | (3) | % | 9 | % | 1 | % | 1 | % | 6 | %
2023-09-30,Grooming,fx_contribution,-3.0,percent / percentage-point contribution,2023-10-18,https://www.sec.gov/Archives/edgar/data/80424/000008042423000103/pg-20230930.htm,sources/pg_2023-09-30_tables.json,"table 31, row 4 (zero-based)",Grooming | (2) | % | (2) | % | (3) | % | 9 | % | 1 | % | 1 | % | 6 | %
2023-09-30,Grooming,price_contribution,9.0,percent / percentage-point contribution,2023-10-18,https://www.sec.gov/Archives/edgar/data/80424/000008042423000103/pg-20230930.htm,sources/pg_2023-09-30_tables.json,"table 31, row 4 (zero-based)",Grooming | (2) | % | (2) | % | (3) | % | 9 | % | 1 | % | 1 | % | 6 | %
2023-09-30,Grooming,mix_contribution,1.0,percent / percentage-point contribution,2023-10-18,https://www.sec.gov/Archives/edgar/data/80424/000008042423000103/pg-20230930.htm,sources/pg_2023-09-30_tables.json,"table 31, row 4 (zero-based)",Grooming | (2) | % | (2) | % | (3) | % | 9 | % | 1 | % | 1 | % | 6 | %
2023-09-30,Grooming,other_contribution,1.0,percent / percentage-point contribution,2023-10-18,https://www.sec.gov/Archives/edgar/data/80424/000008042423000103/pg-20230930.htm,sources/pg_2023-09-30_tables.json,"table 31, row 4 (zero-based)",Grooming | (2) | % | (2) | % | (3) | % | 9 | % | 1 | % | 1 | % | 6 | %
2023-09-30,Grooming,reported_sales_growth,6.0,percent / percentage-point contribution,2023-10-18,https://www.sec.gov/Archives/edgar/data/80424/000008042423000103/pg-20230930.htm,sources/pg_2023-09-30_tables.json,"table 31, row 4 (zero-based)",Grooming | (2) | % | (2) | % | (3) | % | 9 | % | 1 | % | 1 | % | 6 | %
2023-09-30,Health Care,reported_volume_growth,2.0,percent / percentage-point contribution,2023-10-18,https://www.sec.gov/Archives/edgar/data/80424/000008042423000103/pg-20230930.htm,sources/pg_2023-09-30_tables.json,"table 31, row 5 (zero-based)",Health Care | 2 | % | 2 | % | 1 | % | 6 | % | 2 | % | — | % | 11 | %
2023-09-30,Health Care,organic_volume_growth,2.0,percent / percentage-point contribution,2023-10-18,https://www.sec.gov/Archives/edgar/data/80424/000008042423000103/pg-20230930.htm,sources/pg_2023-09-30_tables.json,"table 31, row 5 (zero-based)",Health Care | 2 | % | 2 | % | 1 | % | 6 | % | 2 | % | — | % | 11 | %
2023-09-30,Health Care,fx_contribution,1.0,percent / percentage-point contribution,2023-10-18,https://www.sec.gov/Archives/edgar/data/80424/000008042423000103/pg-20230930.htm,sources/pg_2023-09-30_tables.json,"table 31, row 5 (zero-based)",Health Care | 2 | % | 2 | % | 1 | % | 6 | % | 2 | % | — | % | 11 | %
2023-09-30,Health Care,price_contribution,6.0,percent / percentage-point contribution,2023-10-18,https://www.sec.gov/Archives/edgar/data/80424/000008042423000103/pg-20230930.htm,sources/pg_2023-09-30_tables.json,"table 31, row 5 (zero-based)",Health Care | 2 | % | 2 | % | 1 | % | 6 | % | 2 | % | — | % | 11 | %
2023-09-30,Health Care,mix_contribution,2.0,percent / percentage-point contribution,2023-10-18,https://www.sec.gov/Archives/edgar/data/80424/000008042423000103/pg-20230930.htm,sources/pg_2023-09-30_tables.json,"table 31, row 5 (zero-based)",Health Care | 2 | % | 2 | % | 1 | % | 6 | % | 2 | % | — | % | 11 | %
2023-09-30,Health Care,other_contribution,0.0,percent / percentage-point contribution,2023-10-18,https://www.sec.gov/Archives/edgar/data/80424/000008042423000103/pg-20230930.htm,sources/pg_2023-09-30_tables.json,"table 31, row 5 (zero-based)",Health Care | 2 | % | 2 | % | 1 | % | 6 | % | 2 | % | — | % | 11 | %
2023-09-30,Health Care,reported_sales_growth,11.0,percent / percentage-point contribution,2023-10-18,https://www.sec.gov/Archives/edgar/data/80424/000008042423000103/pg-20230930.htm,sources/pg_2023-09-30_tables.json,"table 31, row 5 (zero-based)",Health Care | 2 | % | 2 | % | 1 | % | 6 | % | 2 | % | — | % | 11 | %
2023-09-30,Fabric & Home Care,reported_volume_growth,-1.0,percent / percentage-point contribution,2023-10-18,https://www.sec.gov/Archives/edgar/data/80424/000008042423000103/pg-20230930.htm,sources/pg_2023-09-30_tables.json,"table 31, row 6 (zero-based)",Fabric & Home Care | (1) | % | — | % | (1) | % | 8 | % | 1 | % | 1 | % | 8 | %
2023-09-30,Fabric & Home Care,organic_volume_growth,0.0,percent / percentage-point contribution,2023-10-18,https://www.sec.gov/Archives/edgar/data/80424/000008042423000103/pg-20230930.htm,sources/pg_2023-09-30_tables.json,"table 31, row 6 (zero-based)",Fabric & Home Care | (1) | % | — | % | (1) | % | 8 | % | 1 | % | 1 | % | 8 | %
2023-09-30,Fabric & Home Care,fx_contribution,-1.0,percent / percentage-point contribution,2023-10-18,https://www.sec.gov/Archives/edgar/data/80424/000008042423000103/pg-20230930.htm,sources/pg_2023-09-30_tables.json,"table 31, row 6 (zero-based)",Fabric & Home Care | (1) | % | — | % | (1) | % | 8 | % | 1 | % | 1 | % | 8 | %
2023-09-30,Fabric & Home Care,price_contribution,8.0,percent / percentage-point contribution,2023-10-18,https://www.sec.gov/Archives/edgar/data/80424/000008042423000103/pg-20230930.htm,sources/pg_2023-09-30_tables.json,"table 31, row 6 (zero-based)",Fabric & Home Care | (1) | % | — | % | (1) | % | 8 | % | 1 | % | 1 | % | 8 | %
2023-09-30,Fabric & Home Care,mix_contribution,1.0,percent / percentage-point contribution,2023-10-18,https://www.sec.gov/Archives/edgar/data/80424/000008042423000103/pg-20230930.htm,sources/pg_2023-09-30_tables.json,"table 31, row 6 (zero-based)",Fabric & Home Care | (1) | % | — | % | (1) | % | 8 | % | 1 | % | 1 | % | 8 | %
2023-09-30,Fabric & Home Care,other_contribution,1.0,percent / percentage-point contribution,2023-10-18,https://www.sec.gov/Archives/edgar/data/80424/000008042423000103/pg-20230930.htm,sources/pg_2023-09-30_tables.json,"table 31, row 6 (zero-based)",Fabric & Home Care | (1) | % | — | % | (1) | % | 8 | % | 1 | % | 1 | % | 8 | %
2023-09-30,Fabric & Home Care,reported_sales_growth,8.0,percent / percentage-point contribution,2023-10-18,https://www.sec.gov/Archives/edgar/data/80424/000008042423000103/pg-20230930.htm,sources/pg_2023-09-30_tables.json,"table 31, row 6 (zero-based)",Fabric & Home Care | (1) | % | — | % | (1) | % | 8 | % | 1 | % | 1 | % | 8 | %
2023-09-30,"Baby, Feminine & Family Care",reported_volume_growth,-3.0,percent / percentage-point contribution,2023-10-18,https://www.sec.gov/Archives/edgar/data/80424/000008042423000103/pg-20230930.htm,sources/pg_2023-09-30_tables.json,"table 31, row 7 (zero-based)","Baby, Feminine & Family Care | (3) | % | (3) | % | (2) | % | 8 | % | 2 | % | — | % | 5 | %"
2023-09-30,"Baby, Feminine & Family Care",organic_volume_growth,-3.0,percent / percentage-point contribution,2023-10-18,https://www.sec.gov/Archives/edgar/data/80424/000008042423000103/pg-20230930.htm,sources/pg_2023-09-30_tables.json,"table 31, row 7 (zero-based)","Baby, Feminine & Family Care | (3) | % | (3) | % | (2) | % | 8 | % | 2 | % | — | % | 5 | %"
2023-09-30,"Baby, Feminine & Family Care",fx_contribution,-2.0,percent / percentage-point contribution,2023-10-18,https://www.sec.gov/Archives/edgar/data/80424/000008042423000103/pg-20230930.htm,sources/pg_2023-09-30_tables.json,"table 31, row 7 (zero-based)","Baby, Feminine & Family Care | (3) | % | (3) | % | (2) | % | 8 | % | 2 | % | — | % | 5 | %"
2023-09-30,"Baby, Feminine & Family Care",price_contribution,8.0,percent / percentage-point contribution,2023-10-18,https://www.sec.gov/Archives/edgar/data/80424/000008042423000103/pg-20230930.htm,sources/pg_2023-09-30_tables.json,"table 31, row 7 (zero-based)","Baby, Feminine & Family Care | (3) | % | (3) | % | (2) | % | 8 | % | 2 | % | — | % | 5 | %"
2023-09-30,"Baby, Feminine & Family Care",mix_contribution,2.0,percent / percentage-point contribution,2023-10-18,https://www.sec.gov/Archives/edgar/data/80424/000008042423000103/pg-20230930.htm,sources/pg_2023-09-30_tables.json,"table 31, row 7 (zero-based)","Baby, Feminine & Family Care | (3) | % | (3) | % | (2) | % | 8 | % | 2 | % | — | % | 5 | %"
2023-09-30,"Baby, Feminine & Family Care",other_contribution,0.0,percent / percentage-point contribution,2023-10-18,https://www.sec.gov/Archives/edgar/data/80424/000008042423000103/pg-20230930.htm,sources/pg_2023-09-30_tables.json,"table 31, row 7 (zero-based)","Baby, Feminine & Family Care | (3) | % | (3) | % | (2) | % | 8 | % | 2 | % | — | % | 5 | %"
2023-09-30,"Baby, Feminine & Family Care",reported_sales_growth,5.0,percent / percentage-point contribution,2023-10-18,https://www.sec.gov/Archives/edgar/data/80424/000008042423000103/pg-20230930.htm,sources/pg_2023-09-30_tables.json,"table 31, row 7 (zero-based)","Baby, Feminine & Family Care | (3) | % | (3) | % | (2) | % | 8 | % | 2 | % | — | % | 5 | %"
2023-09-30,Total Company,reported_volume_growth,-1.0,percent / percentage-point contribution,2023-10-18,https://www.sec.gov/Archives/edgar/data/80424/000008042423000103/pg-20230930.htm,sources/pg_2023-09-30_tables.json,"table 31, row 8 (zero-based)",Total Company | (1) | % | (1) | % | (1) | % | 7 | % | 1 | % | — | % | 6 | %
2023-09-30,Total Company,organic_volume_growth,-1.0,percent / percentage-point contribution,2023-10-18,https://www.sec.gov/Archives/edgar/data/80424/000008042423000103/pg-20230930.htm,sources/pg_2023-09-30_tables.json,"table 31, row 8 (zero-based)",Total Company | (1) | % | (1) | % | (1) | % | 7 | % | 1 | % | — | % | 6 | %
2023-09-30,Total Company,fx_contribution,-1.0,percent / percentage-point contribution,2023-10-18,https://www.sec.gov/Archives/edgar/data/80424/000008042423000103/pg-20230930.htm,sources/pg_2023-09-30_tables.json,"table 31, row 8 (zero-based)",Total Company | (1) | % | (1) | % | (1) | % | 7 | % | 1 | % | — | % | 6 | %
2023-09-30,Total Company,price_contribution,7.0,percent / percentage-point contribution,2023-10-18,https://www.sec.gov/Archives/edgar/data/80424/000008042423000103/pg-20230930.htm,sources/pg_2023-09-30_tables.json,"table 31, row 8 (zero-based)",Total Company | (1) | % | (1) | % | (1) | % | 7 | % | 1 | % | — | % | 6 | %
2023-09-30,Total Company,mix_contribution,1.0,percent / percentage-point contribution,2023-10-18,https://www.sec.gov/Archives/edgar/data/80424/000008042423000103/pg-20230930.htm,sources/pg_2023-09-30_tables.json,"table 31, row 8 (zero-based)",Total Company | (1) | % | (1) | % | (1) | % | 7 | % | 1 | % | — | % | 6 | %
2023-09-30,Total Company,other_contribution,0.0,percent / percentage-point contribution,2023-10-18,https://www.sec.gov/Archives/edgar/data/80424/000008042423000103/pg-20230930.htm,sources/pg_2023-09-30_tables.json,"table 31, row 8 (zero-based)",Total Company | (1) | % | (1) | % | (1) | % | 7 | % | 1 | % | — | % | 6 | %
2023-09-30,Total Company,reported_sales_growth,6.0,percent / percentage-point contribution,2023-10-18,https://www.sec.gov/Archives/edgar/data/80424/000008042423000103/pg-20230930.htm,sources/pg_2023-09-30_tables.json,"table 31, row 8 (zero-based)",Total Company | (1) | % | (1) | % | (1) | % | 7 | % | 1 | % | — | % | 6 | %
2023-09-30,Beauty,net_sales,4097.0,USD million,2023-10-18,https://www.sec.gov/Archives/edgar/data/80424/000008042423000103/pg-20230930.htm,sources/pg_2023-09-30_tables.json,"table 32, row 3 (zero-based)","Beauty | $ | 4,097 | 3 | % | $ | 1,249 | (2) | % | $ | 971 | (4) | %"
2023-09-30,Grooming,net_sales,1724.0,USD million,2023-10-18,https://www.sec.gov/Archives/edgar/data/80424/000008042423000103/pg-20230930.htm,sources/pg_2023-09-30_tables.json,"table 32, row 4 (zero-based)","Grooming | 1,724 | 6 | % | 533 | 6 | % | 421 | 4 | %"
2023-09-30,Health Care,net_sales,3074.0,USD million,2023-10-18,https://www.sec.gov/Archives/edgar/data/80424/000008042423000103/pg-20230930.htm,sources/pg_2023-09-30_tables.json,"table 32, row 5 (zero-based)","Health Care | 3,074 | 11 | % | 889 | 11 | % | 689 | 12 | %"
2023-09-30,Fabric & Home Care,net_sales,7646.0,USD million,2023-10-18,https://www.sec.gov/Archives/edgar/data/80424/000008042423000103/pg-20230930.htm,sources/pg_2023-09-30_tables.json,"table 32, row 6 (zero-based)","Fabric & Home Care | 7,646 | 8 | % | 2,031 | 32 | % | 1,569 | 34 | %"
2023-09-30,"Baby, Feminine & Family Care",net_sales,5186.0,USD million,2023-10-18,https://www.sec.gov/Archives/edgar/data/80424/000008042423000103/pg-20230930.htm,sources/pg_2023-09-30_tables.json,"table 32, row 7 (zero-based)","Baby, Feminine & Family Care | 5,186 | 5 | % | 1,408 | 33 | % | 1,075 | 34 | %"
2023-09-30,Corporate,net_sales,144.0,USD million,2023-10-18,https://www.sec.gov/Archives/edgar/data/80424/000008042423000103/pg-20230930.htm,sources/pg_2023-09-30_tables.json,"table 32, row 8 (zero-based)",Corporate | 144 | N/A | (308) | N/A | (168) | N/A
2023-09-30,Total Company,net_sales,21871.0,USD million,2023-10-18,https://www.sec.gov/Archives/edgar/data/80424/000008042423000103/pg-20230930.htm,sources/pg_2023-09-30_tables.json,"table 32, row 9 (zero-based)","Total Company | $ | 21,871 | 6 | % | $ | 5,802 | 16 | % | $ | 4,556 | 15 | %"
2023-09-30,Beauty,organic_sales_growth,5.0,percent / percentage-point contribution,2023-10-18,https://www.sec.gov/Archives/edgar/data/80424/000008042423000103/pg-20230930.htm,sources/pg_2023-09-30_tables.json,"table 33, row 2 (zero-based)",Beauty | 3 | % | 3 | % | (1) | % | 5 | %
2023-09-30,Grooming,organic_sales_growth,9.0,percent / percentage-point contribution,2023-10-18,https://www.sec.gov/Archives/edgar/data/80424/000008042423000103/pg-20230930.htm,sources/pg_2023-09-30_tables.json,"table 33, row 3 (zero-based)",Grooming | 6 | % | 3 | % | — | % | 9 | %
2023-09-30,Health Care,organic_sales_growth,10.0,percent / percentage-point contribution,2023-10-18,https://www.sec.gov/Archives/edgar/data/80424/000008042423000103/pg-20230930.htm,sources/pg_2023-09-30_tables.json,"table 33, row 4 (zero-based)",Health Care | 11 | % | (1) | % | — | % | 10 | %
2023-09-30,Fabric & Home Care,organic_sales_growth,9.0,percent / percentage-point contribution,2023-10-18,https://www.sec.gov/Archives/edgar/data/80424/000008042423000103/pg-20230930.htm,sources/pg_2023-09-30_tables.json,"table 33, row 5 (zero-based)",Fabric & Home Care | 8 | % | 1 | % | — | % | 9 | %
2023-09-30,"Baby, Feminine & Family Care",organic_sales_growth,7.0,percent / percentage-point contribution,2023-10-18,https://www.sec.gov/Archives/edgar/data/80424/000008042423000103/pg-20230930.htm,sources/pg_2023-09-30_tables.json,"table 33, row 6 (zero-based)","Baby, Feminine & Family Care | 5 | % | 2 | % | — | % | 7 | %"
2023-09-30,Total Company,organic_sales_growth,7.0,percent / percentage-point contribution,2023-10-18,https://www.sec.gov/Archives/edgar/data/80424/000008042423000103/pg-20230930.htm,sources/pg_2023-09-30_tables.json,"table 33, row 7 (zero-based)",Total Company | 6 | % | 1 | % | — | % | 7 | %
2023-12-31,Beauty,reported_volume_growth,0.0,percent / percentage-point contribution,2024-01-23,https://www.sec.gov/Archives/edgar/data/80424/000008042424000018/pg-20231231.htm,sources/pg_2023-12-31_tables.json,"table 34, row 3 (zero-based)",Beauty | — | % | (1) | % | (1) | % | 4 | % | (3) | % | 1 | % | 1 | %
2023-12-31,Beauty,organic_volume_growth,-1.0,percent / percentage-point contribution,2024-01-23,https://www.sec.gov/Archives/edgar/data/80424/000008042424000018/pg-20231231.htm,sources/pg_2023-12-31_tables.json,"table 34, row 3 (zero-based)",Beauty | — | % | (1) | % | (1) | % | 4 | % | (3) | % | 1 | % | 1 | %
2023-12-31,Beauty,fx_contribution,-1.0,percent / percentage-point contribution,2024-01-23,https://www.sec.gov/Archives/edgar/data/80424/000008042424000018/pg-20231231.htm,sources/pg_2023-12-31_tables.json,"table 34, row 3 (zero-based)",Beauty | — | % | (1) | % | (1) | % | 4 | % | (3) | % | 1 | % | 1 | %
2023-12-31,Beauty,price_contribution,4.0,percent / percentage-point contribution,2024-01-23,https://www.sec.gov/Archives/edgar/data/80424/000008042424000018/pg-20231231.htm,sources/pg_2023-12-31_tables.json,"table 34, row 3 (zero-based)",Beauty | — | % | (1) | % | (1) | % | 4 | % | (3) | % | 1 | % | 1 | %
2023-12-31,Beauty,mix_contribution,-3.0,percent / percentage-point contribution,2024-01-23,https://www.sec.gov/Archives/edgar/data/80424/000008042424000018/pg-20231231.htm,sources/pg_2023-12-31_tables.json,"table 34, row 3 (zero-based)",Beauty | — | % | (1) | % | (1) | % | 4 | % | (3) | % | 1 | % | 1 | %
2023-12-31,Beauty,other_contribution,1.0,percent / percentage-point contribution,2024-01-23,https://www.sec.gov/Archives/edgar/data/80424/000008042424000018/pg-20231231.htm,sources/pg_2023-12-31_tables.json,"table 34, row 3 (zero-based)",Beauty | — | % | (1) | % | (1) | % | 4 | % | (3) | % | 1 | % | 1 | %
2023-12-31,Beauty,reported_sales_growth,1.0,percent / percentage-point contribution,2024-01-23,https://www.sec.gov/Archives/edgar/data/80424/000008042424000018/pg-20231231.htm,sources/pg_2023-12-31_tables.json,"table 34, row 3 (zero-based)",Beauty | — | % | (1) | % | (1) | % | 4 | % | (3) | % | 1 | % | 1 | %
2023-12-31,Grooming,reported_volume_growth,1.0,percent / percentage-point contribution,2024-01-23,https://www.sec.gov/Archives/edgar/data/80424/000008042424000018/pg-20231231.htm,sources/pg_2023-12-31_tables.json,"table 34, row 4 (zero-based)",Grooming | 1 | % | 1 | % | (3) | % | 7 | % | 1 | % | — | % | 6 | %
2023-12-31,Grooming,organic_volume_growth,1.0,percent / percentage-point contribution,2024-01-23,https://www.sec.gov/Archives/edgar/data/80424/000008042424000018/pg-20231231.htm,sources/pg_2023-12-31_tables.json,"table 34, row 4 (zero-based)",Grooming | 1 | % | 1 | % | (3) | % | 7 | % | 1 | % | — | % | 6 | %
2023-12-31,Grooming,fx_contribution,-3.0,percent / percentage-point contribution,2024-01-23,https://www.sec.gov/Archives/edgar/data/80424/000008042424000018/pg-20231231.htm,sources/pg_2023-12-31_tables.json,"table 34, row 4 (zero-based)",Grooming | 1 | % | 1 | % | (3) | % | 7 | % | 1 | % | — | % | 6 | %
2023-12-31,Grooming,price_contribution,7.0,percent / percentage-point contribution,2024-01-23,https://www.sec.gov/Archives/edgar/data/80424/000008042424000018/pg-20231231.htm,sources/pg_2023-12-31_tables.json,"table 34, row 4 (zero-based)",Grooming | 1 | % | 1 | % | (3) | % | 7 | % | 1 | % | — | % | 6 | %
2023-12-31,Grooming,mix_contribution,1.0,percent / percentage-point contribution,2024-01-23,https://www.sec.gov/Archives/edgar/data/80424/000008042424000018/pg-20231231.htm,sources/pg_2023-12-31_tables.json,"table 34, row 4 (zero-based)",Grooming | 1 | % | 1 | % | (3) | % | 7 | % | 1 | % | — | % | 6 | %
2023-12-31,Grooming,other_contribution,0.0,percent / percentage-point contribution,2024-01-23,https://www.sec.gov/Archives/edgar/data/80424/000008042424000018/pg-20231231.htm,sources/pg_2023-12-31_tables.json,"table 34, row 4 (zero-based)",Grooming | 1 | % | 1 | % | (3) | % | 7 | % | 1 | % | — | % | 6 | %
2023-12-31,Grooming,reported_sales_growth,6.0,percent / percentage-point contribution,2024-01-23,https://www.sec.gov/Archives/edgar/data/80424/000008042424000018/pg-20231231.htm,sources/pg_2023-12-31_tables.json,"table 34, row 4 (zero-based)",Grooming | 1 | % | 1 | % | (3) | % | 7 | % | 1 | % | — | % | 6 | %
2023-12-31,Health Care,reported_volume_growth,-3.0,percent / percentage-point contribution,2024-01-23,https://www.sec.gov/Archives/edgar/data/80424/000008042424000018/pg-20231231.htm,sources/pg_2023-12-31_tables.json,"table 34, row 5 (zero-based)",Health Care | (3) | % | (4) | % | 2 | % | 5 | % | 1 | % | (1) | % | 4 | %
2023-12-31,Health Care,organic_volume_growth,-4.0,percent / percentage-point contribution,2024-01-23,https://www.sec.gov/Archives/edgar/data/80424/000008042424000018/pg-20231231.htm,sources/pg_2023-12-31_tables.json,"table 34, row 5 (zero-based)",Health Care | (3) | % | (4) | % | 2 | % | 5 | % | 1 | % | (1) | % | 4 | %
2023-12-31,Health Care,fx_contribution,2.0,percent / percentage-point contribution,2024-01-23,https://www.sec.gov/Archives/edgar/data/80424/000008042424000018/pg-20231231.htm,sources/pg_2023-12-31_tables.json,"table 34, row 5 (zero-based)",Health Care | (3) | % | (4) | % | 2 | % | 5 | % | 1 | % | (1) | % | 4 | %
2023-12-31,Health Care,price_contribution,5.0,percent / percentage-point contribution,2024-01-23,https://www.sec.gov/Archives/edgar/data/80424/000008042424000018/pg-20231231.htm,sources/pg_2023-12-31_tables.json,"table 34, row 5 (zero-based)",Health Care | (3) | % | (4) | % | 2 | % | 5 | % | 1 | % | (1) | % | 4 | %
2023-12-31,Health Care,mix_contribution,1.0,percent / percentage-point contribution,2024-01-23,https://www.sec.gov/Archives/edgar/data/80424/000008042424000018/pg-20231231.htm,sources/pg_2023-12-31_tables.json,"table 34, row 5 (zero-based)",Health Care | (3) | % | (4) | % | 2 | % | 5 | % | 1 | % | (1) | % | 4 | %
2023-12-31,Health Care,other_contribution,-1.0,percent / percentage-point contribution,2024-01-23,https://www.sec.gov/Archives/edgar/data/80424/000008042424000018/pg-20231231.htm,sources/pg_2023-12-31_tables.json,"table 34, row 5 (zero-based)",Health Care | (3) | % | (4) | % | 2 | % | 5 | % | 1 | % | (1) | % | 4 | %
2023-12-31,Health Care,reported_sales_growth,4.0,percent / percentage-point contribution,2024-01-23,https://www.sec.gov/Archives/edgar/data/80424/000008042424000018/pg-20231231.htm,sources/pg_2023-12-31_tables.json,"table 34, row 5 (zero-based)",Health Care | (3) | % | (4) | % | 2 | % | 5 | % | 1 | % | (1) | % | 4 | %
2023-12-31,Fabric & Home Care,reported_volume_growth,0.0,percent / percentage-point contribution,2024-01-23,https://www.sec.gov/Archives/edgar/data/80424/000008042424000018/pg-20231231.htm,sources/pg_2023-12-31_tables.json,"table 34, row 6 (zero-based)",Fabric & Home Care | — | % | 1 | % | — | % | 4 | % | 1 | % | — | % | 5 | %
2023-12-31,Fabric & Home Care,organic_volume_growth,1.0,percent / percentage-point contribution,2024-01-23,https://www.sec.gov/Archives/edgar/data/80424/000008042424000018/pg-20231231.htm,sources/pg_2023-12-31_tables.json,"table 34, row 6 (zero-based)",Fabric & Home Care | — | % | 1 | % | — | % | 4 | % | 1 | % | — | % | 5 | %
2023-12-31,Fabric & Home Care,fx_contribution,0.0,percent / percentage-point contribution,2024-01-23,https://www.sec.gov/Archives/edgar/data/80424/000008042424000018/pg-20231231.htm,sources/pg_2023-12-31_tables.json,"table 34, row 6 (zero-based)",Fabric & Home Care | — | % | 1 | % | — | % | 4 | % | 1 | % | — | % | 5 | %
2023-12-31,Fabric & Home Care,price_contribution,4.0,percent / percentage-point contribution,2024-01-23,https://www.sec.gov/Archives/edgar/data/80424/000008042424000018/pg-20231231.htm,sources/pg_2023-12-31_tables.json,"table 34, row 6 (zero-based)",Fabric & Home Care | — | % | 1 | % | — | % | 4 | % | 1 | % | — | % | 5 | %
2023-12-31,Fabric & Home Care,mix_contribution,1.0,percent / percentage-point contribution,2024-01-23,https://www.sec.gov/Archives/edgar/data/80424/000008042424000018/pg-20231231.htm,sources/pg_2023-12-31_tables.json,"table 34, row 6 (zero-based)",Fabric & Home Care | — | % | 1 | % | — | % | 4 | % | 1 | % | — | % | 5 | %
2023-12-31,Fabric & Home Care,other_contribution,0.0,percent / percentage-point contribution,2024-01-23,https://www.sec.gov/Archives/edgar/data/80424/000008042424000018/pg-20231231.htm,sources/pg_2023-12-31_tables.json,"table 34, row 6 (zero-based)",Fabric & Home Care | — | % | 1 | % | — | % | 4 | % | 1 | % | — | % | 5 | %
2023-12-31,Fabric & Home Care,reported_sales_growth,5.0,percent / percentage-point contribution,2024-01-23,https://www.sec.gov/Archives/edgar/data/80424/000008042424000018/pg-20231231.htm,sources/pg_2023-12-31_tables.json,"table 34, row 6 (zero-based)",Fabric & Home Care | — | % | 1 | % | — | % | 4 | % | 1 | % | — | % | 5 | %
2023-12-31,"Baby, Feminine & Family Care",reported_volume_growth,-2.0,percent / percentage-point contribution,2024-01-23,https://www.sec.gov/Archives/edgar/data/80424/000008042424000018/pg-20231231.htm,sources/pg_2023-12-31_tables.json,"table 34, row 7 (zero-based)","Baby, Feminine & Family Care | (2) | % | (2) | % | (1) | % | 4 | % | 1 | % | — | % | 2 | %"
2023-12-31,"Baby, Feminine & Family Care",organic_volume_growth,-2.0,percent / percentage-point contribution,2024-01-23,https://www.sec.gov/Archives/edgar/data/80424/000008042424000018/pg-20231231.htm,sources/pg_2023-12-31_tables.json,"table 34, row 7 (zero-based)","Baby, Feminine & Family Care | (2) | % | (2) | % | (1) | % | 4 | % | 1 | % | — | % | 2 | %"
2023-12-31,"Baby, Feminine & Family Care",fx_contribution,-1.0,percent / percentage-point contribution,2024-01-23,https://www.sec.gov/Archives/edgar/data/80424/000008042424000018/pg-20231231.htm,sources/pg_2023-12-31_tables.json,"table 34, row 7 (zero-based)","Baby, Feminine & Family Care | (2) | % | (2) | % | (1) | % | 4 | % | 1 | % | — | % | 2 | %"
2023-12-31,"Baby, Feminine & Family Care",price_contribution,4.0,percent / percentage-point contribution,2024-01-23,https://www.sec.gov/Archives/edgar/data/80424/000008042424000018/pg-20231231.htm,sources/pg_2023-12-31_tables.json,"table 34, row 7 (zero-based)","Baby, Feminine & Family Care | (2) | % | (2) | % | (1) | % | 4 | % | 1 | % | — | % | 2 | %"
2023-12-31,"Baby, Feminine & Family Care",mix_contribution,1.0,percent / percentage-point contribution,2024-01-23,https://www.sec.gov/Archives/edgar/data/80424/000008042424000018/pg-20231231.htm,sources/pg_2023-12-31_tables.json,"table 34, row 7 (zero-based)","Baby, Feminine & Family Care | (2) | % | (2) | % | (1) | % | 4 | % | 1 | % | — | % | 2 | %"
2023-12-31,"Baby, Feminine & Family Care",other_contribution,0.0,percent / percentage-point contribution,2024-01-23,https://www.sec.gov/Archives/edgar/data/80424/000008042424000018/pg-20231231.htm,sources/pg_2023-12-31_tables.json,"table 34, row 7 (zero-based)","Baby, Feminine & Family Care | (2) | % | (2) | % | (1) | % | 4 | % | 1 | % | — | % | 2 | %"
2023-12-31,"Baby, Feminine & Family Care",reported_sales_growth,2.0,percent / percentage-point contribution,2024-01-23,https://www.sec.gov/Archives/edgar/data/80424/000008042424000018/pg-20231231.htm,sources/pg_2023-12-31_tables.json,"table 34, row 7 (zero-based)","Baby, Feminine & Family Care | (2) | % | (2) | % | (1) | % | 4 | % | 1 | % | — | % | 2 | %"
2023-12-31,Total Company,reported_volume_growth,0.0,percent / percentage-point contribution,2024-01-23,https://www.sec.gov/Archives/edgar/data/80424/000008042424000018/pg-20231231.htm,sources/pg_2023-12-31_tables.json,"table 34, row 8 (zero-based)",Total Company | — | % | (1) | % | (1) | % | 4 | % | — | % | — | % | 3 | %
2023-12-31,Total Company,organic_volume_growth,-1.0,percent / percentage-point contribution,2024-01-23,https://www.sec.gov/Archives/edgar/data/80424/000008042424000018/pg-20231231.htm,sources/pg_2023-12-31_tables.json,"table 34, row 8 (zero-based)",Total Company | — | % | (1) | % | (1) | % | 4 | % | — | % | — | % | 3 | %
2023-12-31,Total Company,fx_contribution,-1.0,percent / percentage-point contribution,2024-01-23,https://www.sec.gov/Archives/edgar/data/80424/000008042424000018/pg-20231231.htm,sources/pg_2023-12-31_tables.json,"table 34, row 8 (zero-based)",Total Company | — | % | (1) | % | (1) | % | 4 | % | — | % | — | % | 3 | %
2023-12-31,Total Company,price_contribution,4.0,percent / percentage-point contribution,2024-01-23,https://www.sec.gov/Archives/edgar/data/80424/000008042424000018/pg-20231231.htm,sources/pg_2023-12-31_tables.json,"table 34, row 8 (zero-based)",Total Company | — | % | (1) | % | (1) | % | 4 | % | — | % | — | % | 3 | %
2023-12-31,Total Company,mix_contribution,0.0,percent / percentage-point contribution,2024-01-23,https://www.sec.gov/Archives/edgar/data/80424/000008042424000018/pg-20231231.htm,sources/pg_2023-12-31_tables.json,"table 34, row 8 (zero-based)",Total Company | — | % | (1) | % | (1) | % | 4 | % | — | % | — | % | 3 | %
2023-12-31,Total Company,other_contribution,0.0,percent / percentage-point contribution,2024-01-23,https://www.sec.gov/Archives/edgar/data/80424/000008042424000018/pg-20231231.htm,sources/pg_2023-12-31_tables.json,"table 34, row 8 (zero-based)",Total Company | — | % | (1) | % | (1) | % | 4 | % | — | % | — | % | 3 | %
2023-12-31,Total Company,reported_sales_growth,3.0,percent / percentage-point contribution,2024-01-23,https://www.sec.gov/Archives/edgar/data/80424/000008042424000018/pg-20231231.htm,sources/pg_2023-12-31_tables.json,"table 34, row 8 (zero-based)",Total Company | — | % | (1) | % | (1) | % | 4 | % | — | % | — | % | 3 | %
2023-12-31,Beauty,net_sales,3849.0,USD million,2024-01-23,https://www.sec.gov/Archives/edgar/data/80424/000008042424000018/pg-20231231.htm,sources/pg_2023-12-31_tables.json,"table 38, row 3 (zero-based)","Beauty | $ | 3,849 | 1 | % | $ | 1,112 | (3) | % | $ | 868 | (5) | %"
2023-12-31,Grooming,net_sales,1734.0,USD million,2024-01-23,https://www.sec.gov/Archives/edgar/data/80424/000008042424000018/pg-20231231.htm,sources/pg_2023-12-31_tables.json,"table 38, row 4 (zero-based)","Grooming | 1,734 | 6 | % | 538 | 8 | % | 440 | 9 | %"
2023-12-31,Health Care,net_sales,3172.0,USD million,2024-01-23,https://www.sec.gov/Archives/edgar/data/80424/000008042424000018/pg-20231231.htm,sources/pg_2023-12-31_tables.json,"table 38, row 5 (zero-based)","Health Care | 3,172 | 4 | % | 932 | 5 | % | 719 | 5 | %"
2023-12-31,Fabric & Home Care,net_sales,7415.0,USD million,2024-01-23,https://www.sec.gov/Archives/edgar/data/80424/000008042424000018/pg-20231231.htm,sources/pg_2023-12-31_tables.json,"table 38, row 6 (zero-based)","Fabric & Home Care | 7,415 | 5 | % | 2,018 | 31 | % | 1,577 | 35 | %"
2023-12-31,"Baby, Feminine & Family Care",net_sales,5146.0,USD million,2024-01-23,https://www.sec.gov/Archives/edgar/data/80424/000008042424000018/pg-20231231.htm,sources/pg_2023-12-31_tables.json,"table 38, row 7 (zero-based)","Baby, Feminine & Family Care | 5,146 | 2 | % | 1,437 | 29 | % | 1,102 | 30 | %"
2023-12-31,Corporate,net_sales,126.0,USD million,2024-01-23,https://www.sec.gov/Archives/edgar/data/80424/000008042424000018/pg-20231231.htm,sources/pg_2023-12-31_tables.json,"table 38, row 8 (zero-based)","Corporate | 126 | N/A | (1,541) | N/A | (1,214) | N/A"
2023-12-31,Total Company,net_sales,21441.0,USD million,2024-01-23,https://www.sec.gov/Archives/edgar/data/80424/000008042424000018/pg-20231231.htm,sources/pg_2023-12-31_tables.json,"table 38, row 9 (zero-based)","Total Company | $ | 21,441 | 3 | % | $ | 4,496 | (7) | % | $ | 3,493 | (12) | %"
2023-12-31,Beauty,organic_sales_growth,1.0,percent / percentage-point contribution,2024-01-23,https://www.sec.gov/Archives/edgar/data/80424/000008042424000018/pg-20231231.htm,sources/pg_2023-12-31_tables.json,"table 39, row 2 (zero-based)",Beauty | 1 | % | 1 | % | (1) | % | 1 | %
2023-12-31,Grooming,organic_sales_growth,9.0,percent / percentage-point contribution,2024-01-23,https://www.sec.gov/Archives/edgar/data/80424/000008042424000018/pg-20231231.htm,sources/pg_2023-12-31_tables.json,"table 39, row 3 (zero-based)",Grooming | 6 | % | 3 | % | — | % | 9 | %
2023-12-31,Health Care,organic_sales_growth,2.0,percent / percentage-point contribution,2024-01-23,https://www.sec.gov/Archives/edgar/data/80424/000008042424000018/pg-20231231.htm,sources/pg_2023-12-31_tables.json,"table 39, row 4 (zero-based)",Health Care | 4 | % | (2) | % | — | % | 2 | %
2023-12-31,Fabric & Home Care,organic_sales_growth,6.0,percent / percentage-point contribution,2024-01-23,https://www.sec.gov/Archives/edgar/data/80424/000008042424000018/pg-20231231.htm,sources/pg_2023-12-31_tables.json,"table 39, row 5 (zero-based)",Fabric & Home Care | 5 | % | — | % | 1 | % | 6 | %
2023-12-31,"Baby, Feminine & Family Care",organic_sales_growth,3.0,percent / percentage-point contribution,2024-01-23,https://www.sec.gov/Archives/edgar/data/80424/000008042424000018/pg-20231231.htm,sources/pg_2023-12-31_tables.json,"table 39, row 6 (zero-based)","Baby, Feminine & Family Care | 2 | % | 1 | % | — | % | 3 | %"
2023-12-31,Total Company,organic_sales_growth,4.0,percent / percentage-point contribution,2024-01-23,https://www.sec.gov/Archives/edgar/data/80424/000008042424000018/pg-20231231.htm,sources/pg_2023-12-31_tables.json,"table 39, row 7 (zero-based)",Total Company | 3 | % | 1 | % | — | % | 4 | %
2024-03-31,Beauty,reported_volume_growth,1.0,percent / percentage-point contribution,2024-04-19,https://www.sec.gov/Archives/edgar/data/80424/000008042424000051/pg-20240331.htm,sources/pg_2024-03-31_tables.json,"table 34, row 3 (zero-based)",Beauty | 1 | % | 1 | % | (3) | % | 4 | % | (1) | % | 1 | % | 2 | %
2024-03-31,Beauty,organic_volume_growth,1.0,percent / percentage-point contribution,2024-04-19,https://www.sec.gov/Archives/edgar/data/80424/000008042424000051/pg-20240331.htm,sources/pg_2024-03-31_tables.json,"table 34, row 3 (zero-based)",Beauty | 1 | % | 1 | % | (3) | % | 4 | % | (1) | % | 1 | % | 2 | %
2024-03-31,Beauty,fx_contribution,-3.0,percent / percentage-point contribution,2024-04-19,https://www.sec.gov/Archives/edgar/data/80424/000008042424000051/pg-20240331.htm,sources/pg_2024-03-31_tables.json,"table 34, row 3 (zero-based)",Beauty | 1 | % | 1 | % | (3) | % | 4 | % | (1) | % | 1 | % | 2 | %
2024-03-31,Beauty,price_contribution,4.0,percent / percentage-point contribution,2024-04-19,https://www.sec.gov/Archives/edgar/data/80424/000008042424000051/pg-20240331.htm,sources/pg_2024-03-31_tables.json,"table 34, row 3 (zero-based)",Beauty | 1 | % | 1 | % | (3) | % | 4 | % | (1) | % | 1 | % | 2 | %
2024-03-31,Beauty,mix_contribution,-1.0,percent / percentage-point contribution,2024-04-19,https://www.sec.gov/Archives/edgar/data/80424/000008042424000051/pg-20240331.htm,sources/pg_2024-03-31_tables.json,"table 34, row 3 (zero-based)",Beauty | 1 | % | 1 | % | (3) | % | 4 | % | (1) | % | 1 | % | 2 | %
2024-03-31,Beauty,other_contribution,1.0,percent / percentage-point contribution,2024-04-19,https://www.sec.gov/Archives/edgar/data/80424/000008042424000051/pg-20240331.htm,sources/pg_2024-03-31_tables.json,"table 34, row 3 (zero-based)",Beauty | 1 | % | 1 | % | (3) | % | 4 | % | (1) | % | 1 | % | 2 | %
2024-03-31,Beauty,reported_sales_growth,2.0,percent / percentage-point contribution,2024-04-19,https://www.sec.gov/Archives/edgar/data/80424/000008042424000051/pg-20240331.htm,sources/pg_2024-03-31_tables.json,"table 34, row 3 (zero-based)",Beauty | 1 | % | 1 | % | (3) | % | 4 | % | (1) | % | 1 | % | 2 | %
2024-03-31,Grooming,reported_volume_growth,2.0,percent / percentage-point contribution,2024-04-19,https://www.sec.gov/Archives/edgar/data/80424/000008042424000051/pg-20240331.htm,sources/pg_2024-03-31_tables.json,"table 34, row 4 (zero-based)",Grooming | 2 | % | 2 | % | (7) | % | 10 | % | (1) | % | (1) | % | 3 | %
2024-03-31,Grooming,organic_volume_growth,2.0,percent / percentage-point contribution,2024-04-19,https://www.sec.gov/Archives/edgar/data/80424/000008042424000051/pg-20240331.htm,sources/pg_2024-03-31_tables.json,"table 34, row 4 (zero-based)",Grooming | 2 | % | 2 | % | (7) | % | 10 | % | (1) | % | (1) | % | 3 | %
2024-03-31,Grooming,fx_contribution,-7.0,percent / percentage-point contribution,2024-04-19,https://www.sec.gov/Archives/edgar/data/80424/000008042424000051/pg-20240331.htm,sources/pg_2024-03-31_tables.json,"table 34, row 4 (zero-based)",Grooming | 2 | % | 2 | % | (7) | % | 10 | % | (1) | % | (1) | % | 3 | %
2024-03-31,Grooming,price_contribution,10.0,percent / percentage-point contribution,2024-04-19,https://www.sec.gov/Archives/edgar/data/80424/000008042424000051/pg-20240331.htm,sources/pg_2024-03-31_tables.json,"table 34, row 4 (zero-based)",Grooming | 2 | % | 2 | % | (7) | % | 10 | % | (1) | % | (1) | % | 3 | %
2024-03-31,Grooming,mix_contribution,-1.0,percent / percentage-point contribution,2024-04-19,https://www.sec.gov/Archives/edgar/data/80424/000008042424000051/pg-20240331.htm,sources/pg_2024-03-31_tables.json,"table 34, row 4 (zero-based)",Grooming | 2 | % | 2 | % | (7) | % | 10 | % | (1) | % | (1) | % | 3 | %
2024-03-31,Grooming,other_contribution,-1.0,percent / percentage-point contribution,2024-04-19,https://www.sec.gov/Archives/edgar/data/80424/000008042424000051/pg-20240331.htm,sources/pg_2024-03-31_tables.json,"table 34, row 4 (zero-based)",Grooming | 2 | % | 2 | % | (7) | % | 10 | % | (1) | % | (1) | % | 3 | %
2024-03-31,Grooming,reported_sales_growth,3.0,percent / percentage-point contribution,2024-04-19,https://www.sec.gov/Archives/edgar/data/80424/000008042424000051/pg-20240331.htm,sources/pg_2024-03-31_tables.json,"table 34, row 4 (zero-based)",Grooming | 2 | % | 2 | % | (7) | % | 10 | % | (1) | % | (1) | % | 3 | %
2024-03-31,Health Care,reported_volume_growth,-4.0,percent / percentage-point contribution,2024-04-19,https://www.sec.gov/Archives/edgar/data/80424/000008042424000051/pg-20240331.htm,sources/pg_2024-03-31_tables.json,"table 34, row 5 (zero-based)",Health Care | (4) | % | (4) | % | (1) | % | 4 | % | 3 | % | — | % | 2 | %
2024-03-31,Health Care,organic_volume_growth,-4.0,percent / percentage-point contribution,2024-04-19,https://www.sec.gov/Archives/edgar/data/80424/000008042424000051/pg-20240331.htm,sources/pg_2024-03-31_tables.json,"table 34, row 5 (zero-based)",Health Care | (4) | % | (4) | % | (1) | % | 4 | % | 3 | % | — | % | 2 | %
2024-03-31,Health Care,fx_contribution,-1.0,percent / percentage-point contribution,2024-04-19,https://www.sec.gov/Archives/edgar/data/80424/000008042424000051/pg-20240331.htm,sources/pg_2024-03-31_tables.json,"table 34, row 5 (zero-based)",Health Care | (4) | % | (4) | % | (1) | % | 4 | % | 3 | % | — | % | 2 | %
2024-03-31,Health Care,price_contribution,4.0,percent / percentage-point contribution,2024-04-19,https://www.sec.gov/Archives/edgar/data/80424/000008042424000051/pg-20240331.htm,sources/pg_2024-03-31_tables.json,"table 34, row 5 (zero-based)",Health Care | (4) | % | (4) | % | (1) | % | 4 | % | 3 | % | — | % | 2 | %
2024-03-31,Health Care,mix_contribution,3.0,percent / percentage-point contribution,2024-04-19,https://www.sec.gov/Archives/edgar/data/80424/000008042424000051/pg-20240331.htm,sources/pg_2024-03-31_tables.json,"table 34, row 5 (zero-based)",Health Care | (4) | % | (4) | % | (1) | % | 4 | % | 3 | % | — | % | 2 | %
2024-03-31,Health Care,other_contribution,0.0,percent / percentage-point contribution,2024-04-19,https://www.sec.gov/Archives/edgar/data/80424/000008042424000051/pg-20240331.htm,sources/pg_2024-03-31_tables.json,"table 34, row 5 (zero-based)",Health Care | (4) | % | (4) | % | (1) | % | 4 | % | 3 | % | — | % | 2 | %
2024-03-31,Health Care,reported_sales_growth,2.0,percent / percentage-point contribution,2024-04-19,https://www.sec.gov/Archives/edgar/data/80424/000008042424000051/pg-20240331.htm,sources/pg_2024-03-31_tables.json,"table 34, row 5 (zero-based)",Health Care | (4) | % | (4) | % | (1) | % | 4 | % | 3 | % | — | % | 2 | %
2024-03-31,Fabric & Home Care,reported_volume_growth,1.0,percent / percentage-point contribution,2024-04-19,https://www.sec.gov/Archives/edgar/data/80424/000008042424000051/pg-20240331.htm,sources/pg_2024-03-31_tables.json,"table 34, row 6 (zero-based)",Fabric & Home Care | 1 | % | 1 | % | (1) | % | 2 | % | — | % | — | % | 2 | %
2024-03-31,Fabric & Home Care,organic_volume_growth,1.0,percent / percentage-point contribution,2024-04-19,https://www.sec.gov/Archives/edgar/data/80424/000008042424000051/pg-20240331.htm,sources/pg_2024-03-31_tables.json,"table 34, row 6 (zero-based)",Fabric & Home Care | 1 | % | 1 | % | (1) | % | 2 | % | — | % | — | % | 2 | %
2024-03-31,Fabric & Home Care,fx_contribution,-1.0,percent / percentage-point contribution,2024-04-19,https://www.sec.gov/Archives/edgar/data/80424/000008042424000051/pg-20240331.htm,sources/pg_2024-03-31_tables.json,"table 34, row 6 (zero-based)",Fabric & Home Care | 1 | % | 1 | % | (1) | % | 2 | % | — | % | — | % | 2 | %
2024-03-31,Fabric & Home Care,price_contribution,2.0,percent / percentage-point contribution,2024-04-19,https://www.sec.gov/Archives/edgar/data/80424/000008042424000051/pg-20240331.htm,sources/pg_2024-03-31_tables.json,"table 34, row 6 (zero-based)",Fabric & Home Care | 1 | % | 1 | % | (1) | % | 2 | % | — | % | — | % | 2 | %
2024-03-31,Fabric & Home Care,mix_contribution,0.0,percent / percentage-point contribution,2024-04-19,https://www.sec.gov/Archives/edgar/data/80424/000008042424000051/pg-20240331.htm,sources/pg_2024-03-31_tables.json,"table 34, row 6 (zero-based)",Fabric & Home Care | 1 | % | 1 | % | (1) | % | 2 | % | — | % | — | % | 2 | %
2024-03-31,Fabric & Home Care,other_contribution,0.0,percent / percentage-point contribution,2024-04-19,https://www.sec.gov/Archives/edgar/data/80424/000008042424000051/pg-20240331.htm,sources/pg_2024-03-31_tables.json,"table 34, row 6 (zero-based)",Fabric & Home Care | 1 | % | 1 | % | (1) | % | 2 | % | — | % | — | % | 2 | %
2024-03-31,Fabric & Home Care,reported_sales_growth,2.0,percent / percentage-point contribution,2024-04-19,https://www.sec.gov/Archives/edgar/data/80424/000008042424000051/pg-20240331.htm,sources/pg_2024-03-31_tables.json,"table 34, row 6 (zero-based)",Fabric & Home Care | 1 | % | 1 | % | (1) | % | 2 | % | — | % | — | % | 2 | %
2024-03-31,"Baby, Feminine & Family Care",reported_volume_growth,-3.0,percent / percentage-point contribution,2024-04-19,https://www.sec.gov/Archives/edgar/data/80424/000008042424000051/pg-20240331.htm,sources/pg_2024-03-31_tables.json,"table 34, row 7 (zero-based)","Baby, Feminine & Family Care | (3) | % | (3) | % | (2) | % | 2 | % | 1 | % | — | % | (2) | %"
2024-03-31,"Baby, Feminine & Family Care",organic_volume_growth,-3.0,percent / percentage-point contribution,2024-04-19,https://www.sec.gov/Archives/edgar/data/80424/000008042424000051/pg-20240331.htm,sources/pg_2024-03-31_tables.json,"table 34, row 7 (zero-based)","Baby, Feminine & Family Care | (3) | % | (3) | % | (2) | % | 2 | % | 1 | % | — | % | (2) | %"
2024-03-31,"Baby, Feminine & Family Care",fx_contribution,-2.0,percent / percentage-point contribution,2024-04-19,https://www.sec.gov/Archives/edgar/data/80424/000008042424000051/pg-20240331.htm,sources/pg_2024-03-31_tables.json,"table 34, row 7 (zero-based)","Baby, Feminine & Family Care | (3) | % | (3) | % | (2) | % | 2 | % | 1 | % | — | % | (2) | %"
2024-03-31,"Baby, Feminine & Family Care",price_contribution,2.0,percent / percentage-point contribution,2024-04-19,https://www.sec.gov/Archives/edgar/data/80424/000008042424000051/pg-20240331.htm,sources/pg_2024-03-31_tables.json,"table 34, row 7 (zero-based)","Baby, Feminine & Family Care | (3) | % | (3) | % | (2) | % | 2 | % | 1 | % | — | % | (2) | %"
2024-03-31,"Baby, Feminine & Family Care",mix_contribution,1.0,percent / percentage-point contribution,2024-04-19,https://www.sec.gov/Archives/edgar/data/80424/000008042424000051/pg-20240331.htm,sources/pg_2024-03-31_tables.json,"table 34, row 7 (zero-based)","Baby, Feminine & Family Care | (3) | % | (3) | % | (2) | % | 2 | % | 1 | % | — | % | (2) | %"
2024-03-31,"Baby, Feminine & Family Care",other_contribution,0.0,percent / percentage-point contribution,2024-04-19,https://www.sec.gov/Archives/edgar/data/80424/000008042424000051/pg-20240331.htm,sources/pg_2024-03-31_tables.json,"table 34, row 7 (zero-based)","Baby, Feminine & Family Care | (3) | % | (3) | % | (2) | % | 2 | % | 1 | % | — | % | (2) | %"
2024-03-31,"Baby, Feminine & Family Care",reported_sales_growth,-2.0,percent / percentage-point contribution,2024-04-19,https://www.sec.gov/Archives/edgar/data/80424/000008042424000051/pg-20240331.htm,sources/pg_2024-03-31_tables.json,"table 34, row 7 (zero-based)","Baby, Feminine & Family Care | (3) | % | (3) | % | (2) | % | 2 | % | 1 | % | — | % | (2) | %"
2024-03-31,Total Company,reported_volume_growth,0.0,percent / percentage-point contribution,2024-04-19,https://www.sec.gov/Archives/edgar/data/80424/000008042424000051/pg-20240331.htm,sources/pg_2024-03-31_tables.json,"table 34, row 8 (zero-based)",Total Company | — | % | — | % | (2) | % | 3 | % | — | % | — | % | 1 | %
2024-03-31,Total Company,organic_volume_growth,0.0,percent / percentage-point contribution,2024-04-19,https://www.sec.gov/Archives/edgar/data/80424/000008042424000051/pg-20240331.htm,sources/pg_2024-03-31_tables.json,"table 34, row 8 (zero-based)",Total Company | — | % | — | % | (2) | % | 3 | % | — | % | — | % | 1 | %
2024-03-31,Total Company,fx_contribution,-2.0,percent / percentage-point contribution,2024-04-19,https://www.sec.gov/Archives/edgar/data/80424/000008042424000051/pg-20240331.htm,sources/pg_2024-03-31_tables.json,"table 34, row 8 (zero-based)",Total Company | — | % | — | % | (2) | % | 3 | % | — | % | — | % | 1 | %
2024-03-31,Total Company,price_contribution,3.0,percent / percentage-point contribution,2024-04-19,https://www.sec.gov/Archives/edgar/data/80424/000008042424000051/pg-20240331.htm,sources/pg_2024-03-31_tables.json,"table 34, row 8 (zero-based)",Total Company | — | % | — | % | (2) | % | 3 | % | — | % | — | % | 1 | %
2024-03-31,Total Company,mix_contribution,0.0,percent / percentage-point contribution,2024-04-19,https://www.sec.gov/Archives/edgar/data/80424/000008042424000051/pg-20240331.htm,sources/pg_2024-03-31_tables.json,"table 34, row 8 (zero-based)",Total Company | — | % | — | % | (2) | % | 3 | % | — | % | — | % | 1 | %
2024-03-31,Total Company,other_contribution,0.0,percent / percentage-point contribution,2024-04-19,https://www.sec.gov/Archives/edgar/data/80424/000008042424000051/pg-20240331.htm,sources/pg_2024-03-31_tables.json,"table 34, row 8 (zero-based)",Total Company | — | % | — | % | (2) | % | 3 | % | — | % | — | % | 1 | %
2024-03-31,Total Company,reported_sales_growth,1.0,percent / percentage-point contribution,2024-04-19,https://www.sec.gov/Archives/edgar/data/80424/000008042424000051/pg-20240331.htm,sources/pg_2024-03-31_tables.json,"table 34, row 8 (zero-based)",Total Company | — | % | — | % | (2) | % | 3 | % | — | % | — | % | 1 | %
2024-03-31,Beauty,net_sales,3550.0,USD million,2024-04-19,https://www.sec.gov/Archives/edgar/data/80424/000008042424000051/pg-20240331.htm,sources/pg_2024-03-31_tables.json,"table 37, row 3 (zero-based)","Beauty | $ | 3,550 | 2 | % | $ | 753 | (1) | % | $ | 587 | (3) | %"
2024-03-31,Grooming,net_sales,1539.0,USD million,2024-04-19,https://www.sec.gov/Archives/edgar/data/80424/000008042424000051/pg-20240331.htm,sources/pg_2024-03-31_tables.json,"table 37, row 4 (zero-based)","Grooming | 1,539 | 3 | % | 379 | (1) | % | 303 | (2) | %"
2024-03-31,Health Care,net_sales,2873.0,USD million,2024-04-19,https://www.sec.gov/Archives/edgar/data/80424/000008042424000051/pg-20240331.htm,sources/pg_2024-03-31_tables.json,"table 37, row 5 (zero-based)","Health Care | 2,873 | 2 | % | 687 | 3 | % | 525 | — | %"
2024-03-31,Fabric & Home Care,net_sales,7169.0,USD million,2024-04-19,https://www.sec.gov/Archives/edgar/data/80424/000008042424000051/pg-20240331.htm,sources/pg_2024-03-31_tables.json,"table 37, row 6 (zero-based)","Fabric & Home Care | 7,169 | 2 | % | 1,692 | 10 | % | 1,301 | 11 | %"
2024-03-31,"Baby, Feminine & Family Care",net_sales,4936.0,USD million,2024-04-19,https://www.sec.gov/Archives/edgar/data/80424/000008042424000051/pg-20240331.htm,sources/pg_2024-03-31_tables.json,"table 37, row 7 (zero-based)","Baby, Feminine & Family Care | 4,936 | (2) | % | 1,299 | 8 | % | 997 | 8 | %"
2024-03-31,Corporate,net_sales,128.0,USD million,2024-04-19,https://www.sec.gov/Archives/edgar/data/80424/000008042424000051/pg-20240331.htm,sources/pg_2024-03-31_tables.json,"table 37, row 8 (zero-based)",Corporate | 128 | N/A | (218) | N/A | 68 | N/A
2024-03-31,Total Company,net_sales,20195.0,USD million,2024-04-19,https://www.sec.gov/Archives/edgar/data/80424/000008042424000051/pg-20240331.htm,sources/pg_2024-03-31_tables.json,"table 37, row 9 (zero-based)","Total Company | $ | 20,195 | 1 | % | $ | 4,592 | 7 | % | $ | 3,781 | 10 | %"
2024-03-31,Beauty,organic_sales_growth,3.0,percent / percentage-point contribution,2024-04-19,https://www.sec.gov/Archives/edgar/data/80424/000008042424000051/pg-20240331.htm,sources/pg_2024-03-31_tables.json,"table 38, row 2 (zero-based)",Beauty | 2 | % | 3 | % | (2) | % | 3 | %
2024-03-31,Grooming,organic_sales_growth,10.0,percent / percentage-point contribution,2024-04-19,https://www.sec.gov/Archives/edgar/data/80424/000008042424000051/pg-20240331.htm,sources/pg_2024-03-31_tables.json,"table 38, row 3 (zero-based)",Grooming | 3 | % | 7 | % | — | % | 10 | %
2024-03-31,Health Care,organic_sales_growth,2.0,percent / percentage-point contribution,2024-04-19,https://www.sec.gov/Archives/edgar/data/80424/000008042424000051/pg-20240331.htm,sources/pg_2024-03-31_tables.json,"table 38, row 4 (zero-based)",Health Care | 2 | % | 1 | % | (1) | % | 2 | %
2024-03-31,Fabric & Home Care,organic_sales_growth,3.0,percent / percentage-point contribution,2024-04-19,https://www.sec.gov/Archives/edgar/data/80424/000008042424000051/pg-20240331.htm,sources/pg_2024-03-31_tables.json,"table 38, row 5 (zero-based)",Fabric & Home Care | 2 | % | 1 | % | — | % | 3 | %
2024-03-31,"Baby, Feminine & Family Care",organic_sales_growth,0.0,percent / percentage-point contribution,2024-04-19,https://www.sec.gov/Archives/edgar/data/80424/000008042424000051/pg-20240331.htm,sources/pg_2024-03-31_tables.json,"table 38, row 6 (zero-based)","Baby, Feminine & Family Care | (2) | % | 2 | % | — | % | — | %"
2024-03-31,Total Company,organic_sales_growth,3.0,percent / percentage-point contribution,2024-04-19,https://www.sec.gov/Archives/edgar/data/80424/000008042424000051/pg-20240331.htm,sources/pg_2024-03-31_tables.json,"table 38, row 7 (zero-based)",Total Company | 1 | % | 2 | % | — | % | 3 | %
2024-06-30,Beauty,reported_volume_growth,-1.0,percent / percentage-point contribution,2024-07-30,https://www.sec.gov/Archives/edgar/data/80424/000008042424000071/fy2324q4amj8-kexhibit991.htm,sources/release_2024-06-30_tables.json,"table 3, row 3 (zero-based)",Beauty | (1)% | (3)% | 3% | —% | —% | (1)% | 1% | 3%
2024-06-30,Beauty,fx_contribution,-3.0,percent / percentage-point contribution,2024-07-30,https://www.sec.gov/Archives/edgar/data/80424/000008042424000071/fy2324q4amj8-kexhibit991.htm,sources/release_2024-06-30_tables.json,"table 3, row 3 (zero-based)",Beauty | (1)% | (3)% | 3% | —% | —% | (1)% | 1% | 3%
2024-06-30,Beauty,price_contribution,3.0,percent / percentage-point contribution,2024-07-30,https://www.sec.gov/Archives/edgar/data/80424/000008042424000071/fy2324q4amj8-kexhibit991.htm,sources/release_2024-06-30_tables.json,"table 3, row 3 (zero-based)",Beauty | (1)% | (3)% | 3% | —% | —% | (1)% | 1% | 3%
2024-06-30,Beauty,mix_contribution,0.0,percent / percentage-point contribution,2024-07-30,https://www.sec.gov/Archives/edgar/data/80424/000008042424000071/fy2324q4amj8-kexhibit991.htm,sources/release_2024-06-30_tables.json,"table 3, row 3 (zero-based)",Beauty | (1)% | (3)% | 3% | —% | —% | (1)% | 1% | 3%
2024-06-30,Beauty,other_contribution,0.0,percent / percentage-point contribution,2024-07-30,https://www.sec.gov/Archives/edgar/data/80424/000008042424000071/fy2324q4amj8-kexhibit991.htm,sources/release_2024-06-30_tables.json,"table 3, row 3 (zero-based)",Beauty | (1)% | (3)% | 3% | —% | —% | (1)% | 1% | 3%
2024-06-30,Beauty,reported_sales_growth,-1.0,percent / percentage-point contribution,2024-07-30,https://www.sec.gov/Archives/edgar/data/80424/000008042424000071/fy2324q4amj8-kexhibit991.htm,sources/release_2024-06-30_tables.json,"table 3, row 3 (zero-based)",Beauty | (1)% | (3)% | 3% | —% | —% | (1)% | 1% | 3%
2024-06-30,Beauty,organic_volume_growth,1.0,percent / percentage-point contribution,2024-07-30,https://www.sec.gov/Archives/edgar/data/80424/000008042424000071/fy2324q4amj8-kexhibit991.htm,sources/release_2024-06-30_tables.json,"table 3, row 3 (zero-based)",Beauty | (1)% | (3)% | 3% | —% | —% | (1)% | 1% | 3%
2024-06-30,Beauty,organic_sales_growth,3.0,percent / percentage-point contribution,2024-07-30,https://www.sec.gov/Archives/edgar/data/80424/000008042424000071/fy2324q4amj8-kexhibit991.htm,sources/release_2024-06-30_tables.json,"table 3, row 3 (zero-based)",Beauty | (1)% | (3)% | 3% | —% | —% | (1)% | 1% | 3%
2024-06-30,Grooming,reported_volume_growth,2.0,percent / percentage-point contribution,2024-07-30,https://www.sec.gov/Archives/edgar/data/80424/000008042424000071/fy2324q4amj8-kexhibit991.htm,sources/release_2024-06-30_tables.json,"table 3, row 4 (zero-based)",Grooming | 2% | (7)% | 5% | —% | —% | —% | 2% | 7%
2024-06-30,Grooming,fx_contribution,-7.0,percent / percentage-point contribution,2024-07-30,https://www.sec.gov/Archives/edgar/data/80424/000008042424000071/fy2324q4amj8-kexhibit991.htm,sources/release_2024-06-30_tables.json,"table 3, row 4 (zero-based)",Grooming | 2% | (7)% | 5% | —% | —% | —% | 2% | 7%
2024-06-30,Grooming,price_contribution,5.0,percent / percentage-point contribution,2024-07-30,https://www.sec.gov/Archives/edgar/data/80424/000008042424000071/fy2324q4amj8-kexhibit991.htm,sources/release_2024-06-30_tables.json,"table 3, row 4 (zero-based)",Grooming | 2% | (7)% | 5% | —% | —% | —% | 2% | 7%
2024-06-30,Grooming,mix_contribution,0.0,percent / percentage-point contribution,2024-07-30,https://www.sec.gov/Archives/edgar/data/80424/000008042424000071/fy2324q4amj8-kexhibit991.htm,sources/release_2024-06-30_tables.json,"table 3, row 4 (zero-based)",Grooming | 2% | (7)% | 5% | —% | —% | —% | 2% | 7%
2024-06-30,Grooming,other_contribution,0.0,percent / percentage-point contribution,2024-07-30,https://www.sec.gov/Archives/edgar/data/80424/000008042424000071/fy2324q4amj8-kexhibit991.htm,sources/release_2024-06-30_tables.json,"table 3, row 4 (zero-based)",Grooming | 2% | (7)% | 5% | —% | —% | —% | 2% | 7%
2024-06-30,Grooming,reported_sales_growth,0.0,percent / percentage-point contribution,2024-07-30,https://www.sec.gov/Archives/edgar/data/80424/000008042424000071/fy2324q4amj8-kexhibit991.htm,sources/release_2024-06-30_tables.json,"table 3, row 4 (zero-based)",Grooming | 2% | (7)% | 5% | —% | —% | —% | 2% | 7%
2024-06-30,Grooming,organic_volume_growth,2.0,percent / percentage-point contribution,2024-07-30,https://www.sec.gov/Archives/edgar/data/80424/000008042424000071/fy2324q4amj8-kexhibit991.htm,sources/release_2024-06-30_tables.json,"table 3, row 4 (zero-based)",Grooming | 2% | (7)% | 5% | —% | —% | —% | 2% | 7%
2024-06-30,Grooming,organic_sales_growth,7.0,percent / percentage-point contribution,2024-07-30,https://www.sec.gov/Archives/edgar/data/80424/000008042424000071/fy2324q4amj8-kexhibit991.htm,sources/release_2024-06-30_tables.json,"table 3, row 4 (zero-based)",Grooming | 2% | (7)% | 5% | —% | —% | —% | 2% | 7%
2024-06-30,Health Care,reported_volume_growth,2.0,percent / percentage-point contribution,2024-07-30,https://www.sec.gov/Archives/edgar/data/80424/000008042424000071/fy2324q4amj8-kexhibit991.htm,sources/release_2024-06-30_tables.json,"table 3, row 5 (zero-based)",Health Care | 2% | (1)% | 2% | 1% | (1)% | 3% | 1% | 4%
2024-06-30,Health Care,fx_contribution,-1.0,percent / percentage-point contribution,2024-07-30,https://www.sec.gov/Archives/edgar/data/80424/000008042424000071/fy2324q4amj8-kexhibit991.htm,sources/release_2024-06-30_tables.json,"table 3, row 5 (zero-based)",Health Care | 2% | (1)% | 2% | 1% | (1)% | 3% | 1% | 4%
2024-06-30,Health Care,price_contribution,2.0,percent / percentage-point contribution,2024-07-30,https://www.sec.gov/Archives/edgar/data/80424/000008042424000071/fy2324q4amj8-kexhibit991.htm,sources/release_2024-06-30_tables.json,"table 3, row 5 (zero-based)",Health Care | 2% | (1)% | 2% | 1% | (1)% | 3% | 1% | 4%
2024-06-30,Health Care,mix_contribution,1.0,percent / percentage-point contribution,2024-07-30,https://www.sec.gov/Archives/edgar/data/80424/000008042424000071/fy2324q4amj8-kexhibit991.htm,sources/release_2024-06-30_tables.json,"table 3, row 5 (zero-based)",Health Care | 2% | (1)% | 2% | 1% | (1)% | 3% | 1% | 4%
2024-06-30,Health Care,other_contribution,-1.0,percent / percentage-point contribution,2024-07-30,https://www.sec.gov/Archives/edgar/data/80424/000008042424000071/fy2324q4amj8-kexhibit991.htm,sources/release_2024-06-30_tables.json,"table 3, row 5 (zero-based)",Health Care | 2% | (1)% | 2% | 1% | (1)% | 3% | 1% | 4%
2024-06-30,Health Care,reported_sales_growth,3.0,percent / percentage-point contribution,2024-07-30,https://www.sec.gov/Archives/edgar/data/80424/000008042424000071/fy2324q4amj8-kexhibit991.htm,sources/release_2024-06-30_tables.json,"table 3, row 5 (zero-based)",Health Care | 2% | (1)% | 2% | 1% | (1)% | 3% | 1% | 4%
2024-06-30,Health Care,organic_volume_growth,1.0,percent / percentage-point contribution,2024-07-30,https://www.sec.gov/Archives/edgar/data/80424/000008042424000071/fy2324q4amj8-kexhibit991.htm,sources/release_2024-06-30_tables.json,"table 3, row 5 (zero-based)",Health Care | 2% | (1)% | 2% | 1% | (1)% | 3% | 1% | 4%
2024-06-30,Health Care,organic_sales_growth,4.0,percent / percentage-point contribution,2024-07-30,https://www.sec.gov/Archives/edgar/data/80424/000008042424000071/fy2324q4amj8-kexhibit991.htm,sources/release_2024-06-30_tables.json,"table 3, row 5 (zero-based)",Health Care | 2% | (1)% | 2% | 1% | (1)% | 3% | 1% | 4%
2024-06-30,Fabric & Home Care,reported_volume_growth,2.0,percent / percentage-point contribution,2024-07-30,https://www.sec.gov/Archives/edgar/data/80424/000008042424000071/fy2324q4amj8-kexhibit991.htm,sources/release_2024-06-30_tables.json,"table 3, row 6 (zero-based)",Fabric & Home Care | 2% | (1)% | (1)% | 1% | (1)% | —% | 3% | 2%
2024-06-30,Fabric & Home Care,fx_contribution,-1.0,percent / percentage-point contribution,2024-07-30,https://www.sec.gov/Archives/edgar/data/80424/000008042424000071/fy2324q4amj8-kexhibit991.htm,sources/release_2024-06-30_tables.json,"table 3, row 6 (zero-based)",Fabric & Home Care | 2% | (1)% | (1)% | 1% | (1)% | —% | 3% | 2%
2024-06-30,Fabric & Home Care,price_contribution,-1.0,percent / percentage-point contribution,2024-07-30,https://www.sec.gov/Archives/edgar/data/80424/000008042424000071/fy2324q4amj8-kexhibit991.htm,sources/release_2024-06-30_tables.json,"table 3, row 6 (zero-based)",Fabric & Home Care | 2% | (1)% | (1)% | 1% | (1)% | —% | 3% | 2%
2024-06-30,Fabric & Home Care,mix_contribution,1.0,percent / percentage-point contribution,2024-07-30,https://www.sec.gov/Archives/edgar/data/80424/000008042424000071/fy2324q4amj8-kexhibit991.htm,sources/release_2024-06-30_tables.json,"table 3, row 6 (zero-based)",Fabric & Home Care | 2% | (1)% | (1)% | 1% | (1)% | —% | 3% | 2%
2024-06-30,Fabric & Home Care,other_contribution,-1.0,percent / percentage-point contribution,2024-07-30,https://www.sec.gov/Archives/edgar/data/80424/000008042424000071/fy2324q4amj8-kexhibit991.htm,sources/release_2024-06-30_tables.json,"table 3, row 6 (zero-based)",Fabric & Home Care | 2% | (1)% | (1)% | 1% | (1)% | —% | 3% | 2%
2024-06-30,Fabric & Home Care,reported_sales_growth,0.0,percent / percentage-point contribution,2024-07-30,https://www.sec.gov/Archives/edgar/data/80424/000008042424000071/fy2324q4amj8-kexhibit991.htm,sources/release_2024-06-30_tables.json,"table 3, row 6 (zero-based)",Fabric & Home Care | 2% | (1)% | (1)% | 1% | (1)% | —% | 3% | 2%
2024-06-30,Fabric & Home Care,organic_volume_growth,3.0,percent / percentage-point contribution,2024-07-30,https://www.sec.gov/Archives/edgar/data/80424/000008042424000071/fy2324q4amj8-kexhibit991.htm,sources/release_2024-06-30_tables.json,"table 3, row 6 (zero-based)",Fabric & Home Care | 2% | (1)% | (1)% | 1% | (1)% | —% | 3% | 2%
2024-06-30,Fabric & Home Care,organic_sales_growth,2.0,percent / percentage-point contribution,2024-07-30,https://www.sec.gov/Archives/edgar/data/80424/000008042424000071/fy2324q4amj8-kexhibit991.htm,sources/release_2024-06-30_tables.json,"table 3, row 6 (zero-based)",Fabric & Home Care | 2% | (1)% | (1)% | 1% | (1)% | —% | 3% | 2%
2024-06-30,"Baby, Feminine & Family Care",reported_volume_growth,-1.0,percent / percentage-point contribution,2024-07-30,https://www.sec.gov/Archives/edgar/data/80424/000008042424000071/fy2324q4amj8-kexhibit991.htm,sources/release_2024-06-30_tables.json,"table 3, row 7 (zero-based)","Baby, Feminine & Family Care | (1)% | (2)% | —% | —% | —% | (3)% | (1)% | (1)%"
2024-06-30,"Baby, Feminine & Family Care",fx_contribution,-2.0,percent / percentage-point contribution,2024-07-30,https://www.sec.gov/Archives/edgar/data/80424/000008042424000071/fy2324q4amj8-kexhibit991.htm,sources/release_2024-06-30_tables.json,"table 3, row 7 (zero-based)","Baby, Feminine & Family Care | (1)% | (2)% | —% | —% | —% | (3)% | (1)% | (1)%"
2024-06-30,"Baby, Feminine & Family Care",price_contribution,0.0,percent / percentage-point contribution,2024-07-30,https://www.sec.gov/Archives/edgar/data/80424/000008042424000071/fy2324q4amj8-kexhibit991.htm,sources/release_2024-06-30_tables.json,"table 3, row 7 (zero-based)","Baby, Feminine & Family Care | (1)% | (2)% | —% | —% | —% | (3)% | (1)% | (1)%"
2024-06-30,"Baby, Feminine & Family Care",mix_contribution,0.0,percent / percentage-point contribution,2024-07-30,https://www.sec.gov/Archives/edgar/data/80424/000008042424000071/fy2324q4amj8-kexhibit991.htm,sources/release_2024-06-30_tables.json,"table 3, row 7 (zero-based)","Baby, Feminine & Family Care | (1)% | (2)% | —% | —% | —% | (3)% | (1)% | (1)%"
2024-06-30,"Baby, Feminine & Family Care",other_contribution,0.0,percent / percentage-point contribution,2024-07-30,https://www.sec.gov/Archives/edgar/data/80424/000008042424000071/fy2324q4amj8-kexhibit991.htm,sources/release_2024-06-30_tables.json,"table 3, row 7 (zero-based)","Baby, Feminine & Family Care | (1)% | (2)% | —% | —% | —% | (3)% | (1)% | (1)%"
2024-06-30,"Baby, Feminine & Family Care",reported_sales_growth,-3.0,percent / percentage-point contribution,2024-07-30,https://www.sec.gov/Archives/edgar/data/80424/000008042424000071/fy2324q4amj8-kexhibit991.htm,sources/release_2024-06-30_tables.json,"table 3, row 7 (zero-based)","Baby, Feminine & Family Care | (1)% | (2)% | —% | —% | —% | (3)% | (1)% | (1)%"
2024-06-30,"Baby, Feminine & Family Care",organic_volume_growth,-1.0,percent / percentage-point contribution,2024-07-30,https://www.sec.gov/Archives/edgar/data/80424/000008042424000071/fy2324q4amj8-kexhibit991.htm,sources/release_2024-06-30_tables.json,"table 3, row 7 (zero-based)","Baby, Feminine & Family Care | (1)% | (2)% | —% | —% | —% | (3)% | (1)% | (1)%"
2024-06-30,"Baby, Feminine & Family Care",organic_sales_growth,-1.0,percent / percentage-point contribution,2024-07-30,https://www.sec.gov/Archives/edgar/data/80424/000008042424000071/fy2324q4amj8-kexhibit991.htm,sources/release_2024-06-30_tables.json,"table 3, row 7 (zero-based)","Baby, Feminine & Family Care | (1)% | (2)% | —% | —% | —% | (3)% | (1)% | (1)%"
2024-06-30,Total Company,reported_volume_growth,1.0,percent / percentage-point contribution,2024-07-30,https://www.sec.gov/Archives/edgar/data/80424/000008042424000071/fy2324q4amj8-kexhibit991.htm,sources/release_2024-06-30_tables.json,"table 3, row 8 (zero-based)",Total P&G | 1% | (2)% | 1% | —% | —% | —% | 2% | 2%
2024-06-30,Total Company,fx_contribution,-2.0,percent / percentage-point contribution,2024-07-30,https://www.sec.gov/Archives/edgar/data/80424/000008042424000071/fy2324q4amj8-kexhibit991.htm,sources/release_2024-06-30_tables.json,"table 3, row 8 (zero-based)",Total P&G | 1% | (2)% | 1% | —% | —% | —% | 2% | 2%
2024-06-30,Total Company,price_contribution,1.0,percent / percentage-point contribution,2024-07-30,https://www.sec.gov/Archives/edgar/data/80424/000008042424000071/fy2324q4amj8-kexhibit991.htm,sources/release_2024-06-30_tables.json,"table 3, row 8 (zero-based)",Total P&G | 1% | (2)% | 1% | —% | —% | —% | 2% | 2%
2024-06-30,Total Company,mix_contribution,0.0,percent / percentage-point contribution,2024-07-30,https://www.sec.gov/Archives/edgar/data/80424/000008042424000071/fy2324q4amj8-kexhibit991.htm,sources/release_2024-06-30_tables.json,"table 3, row 8 (zero-based)",Total P&G | 1% | (2)% | 1% | —% | —% | —% | 2% | 2%
2024-06-30,Total Company,other_contribution,0.0,percent / percentage-point contribution,2024-07-30,https://www.sec.gov/Archives/edgar/data/80424/000008042424000071/fy2324q4amj8-kexhibit991.htm,sources/release_2024-06-30_tables.json,"table 3, row 8 (zero-based)",Total P&G | 1% | (2)% | 1% | —% | —% | —% | 2% | 2%
2024-06-30,Total Company,reported_sales_growth,0.0,percent / percentage-point contribution,2024-07-30,https://www.sec.gov/Archives/edgar/data/80424/000008042424000071/fy2324q4amj8-kexhibit991.htm,sources/release_2024-06-30_tables.json,"table 3, row 8 (zero-based)",Total P&G | 1% | (2)% | 1% | —% | —% | —% | 2% | 2%
2024-06-30,Total Company,organic_volume_growth,2.0,percent / percentage-point contribution,2024-07-30,https://www.sec.gov/Archives/edgar/data/80424/000008042424000071/fy2324q4amj8-kexhibit991.htm,sources/release_2024-06-30_tables.json,"table 3, row 8 (zero-based)",Total P&G | 1% | (2)% | 1% | —% | —% | —% | 2% | 2%
2024-06-30,Total Company,organic_sales_growth,2.0,percent / percentage-point contribution,2024-07-30,https://www.sec.gov/Archives/edgar/data/80424/000008042424000071/fy2324q4amj8-kexhibit991.htm,sources/release_2024-06-30_tables.json,"table 3, row 8 (zero-based)",Total P&G | 1% | (2)% | 1% | —% | —% | —% | 2% | 2%
2024-06-30,Beauty,net_sales,3724.0,USD million,2024-07-30,https://www.sec.gov/Archives/edgar/data/80424/000008042424000071/fy2324q4amj8-kexhibit991.htm,sources/release_2024-06-30_tables.json,"table 5, row 4 (zero-based)","Beauty | $3,724 | (1)% | $690 | (17)% | $536 | (17)%"
2024-06-30,Grooming,net_sales,1657.0,USD million,2024-07-30,https://www.sec.gov/Archives/edgar/data/80424/000008042424000071/fy2324q4amj8-kexhibit991.htm,sources/release_2024-06-30_tables.json,"table 5, row 5 (zero-based)","Grooming | 1,657 | —% | 395 | (7)% | 311 | (10)%"
2024-06-30,Health Care,net_sales,2674.0,USD million,2024-07-30,https://www.sec.gov/Archives/edgar/data/80424/000008042424000071/fy2324q4amj8-kexhibit991.htm,sources/release_2024-06-30_tables.json,"table 5, row 6 (zero-based)","Health Care | 2,674 | 3% | 433 | 7% | 325 | 9%"
2024-06-30,Fabric & Home Care,net_sales,7265.0,USD million,2024-07-30,https://www.sec.gov/Archives/edgar/data/80424/000008042424000071/fy2324q4amj8-kexhibit991.htm,sources/release_2024-06-30_tables.json,"table 5, row 7 (zero-based)","Fabric & Home Care | 7,265 | —% | 1,598 | (5)% | 1,240 | (5)%"
2024-06-30,"Baby, Feminine & Family Care",net_sales,5009.0,USD million,2024-07-30,https://www.sec.gov/Archives/edgar/data/80424/000008042424000071/fy2324q4amj8-kexhibit991.htm,sources/release_2024-06-30_tables.json,"table 5, row 8 (zero-based)","Baby, Feminine & Family Care | 5,009 | (3)% | 1,109 | (11)% | 847 | (12)%"
2024-06-30,Corporate,net_sales,202.0,USD million,2024-07-30,https://www.sec.gov/Archives/edgar/data/80424/000008042424000071/fy2324q4amj8-kexhibit991.htm,sources/release_2024-06-30_tables.json,"table 5, row 9 (zero-based)",Corporate | 202 | N/A | (355) | N/A | (116) | N/A
2024-06-30,Total Company,net_sales,20532.0,USD million,2024-07-30,https://www.sec.gov/Archives/edgar/data/80424/000008042424000071/fy2324q4amj8-kexhibit991.htm,sources/release_2024-06-30_tables.json,"table 5, row 10 (zero-based)","TOTAL | $20,532 | —% | $3,870 | (9)% | $3,144 | (7)%"
2024-09-30,Beauty,reported_volume_growth,-2.0,percent / percentage-point contribution,2024-10-18,https://www.sec.gov/Archives/edgar/data/80424/000008042424000113/pg-20240930.htm,sources/pg_2024-09-30_tables.json,"table 32, row 3 (zero-based)",Beauty | (2) | % | — | % | (1) | % | 1 | % | (3) | % | — | % | (5) | %
2024-09-30,Beauty,organic_volume_growth,0.0,percent / percentage-point contribution,2024-10-18,https://www.sec.gov/Archives/edgar/data/80424/000008042424000113/pg-20240930.htm,sources/pg_2024-09-30_tables.json,"table 32, row 3 (zero-based)",Beauty | (2) | % | — | % | (1) | % | 1 | % | (3) | % | — | % | (5) | %
2024-09-30,Beauty,fx_contribution,-1.0,percent / percentage-point contribution,2024-10-18,https://www.sec.gov/Archives/edgar/data/80424/000008042424000113/pg-20240930.htm,sources/pg_2024-09-30_tables.json,"table 32, row 3 (zero-based)",Beauty | (2) | % | — | % | (1) | % | 1 | % | (3) | % | — | % | (5) | %
2024-09-30,Beauty,price_contribution,1.0,percent / percentage-point contribution,2024-10-18,https://www.sec.gov/Archives/edgar/data/80424/000008042424000113/pg-20240930.htm,sources/pg_2024-09-30_tables.json,"table 32, row 3 (zero-based)",Beauty | (2) | % | — | % | (1) | % | 1 | % | (3) | % | — | % | (5) | %
2024-09-30,Beauty,mix_contribution,-3.0,percent / percentage-point contribution,2024-10-18,https://www.sec.gov/Archives/edgar/data/80424/000008042424000113/pg-20240930.htm,sources/pg_2024-09-30_tables.json,"table 32, row 3 (zero-based)",Beauty | (2) | % | — | % | (1) | % | 1 | % | (3) | % | — | % | (5) | %
2024-09-30,Beauty,other_contribution,0.0,percent / percentage-point contribution,2024-10-18,https://www.sec.gov/Archives/edgar/data/80424/000008042424000113/pg-20240930.htm,sources/pg_2024-09-30_tables.json,"table 32, row 3 (zero-based)",Beauty | (2) | % | — | % | (1) | % | 1 | % | (3) | % | — | % | (5) | %
2024-09-30,Beauty,reported_sales_growth,-5.0,percent / percentage-point contribution,2024-10-18,https://www.sec.gov/Archives/edgar/data/80424/000008042424000113/pg-20240930.htm,sources/pg_2024-09-30_tables.json,"table 32, row 3 (zero-based)",Beauty | (2) | % | — | % | (1) | % | 1 | % | (3) | % | — | % | (5) | %
2024-09-30,Grooming,reported_volume_growth,4.0,percent / percentage-point contribution,2024-10-18,https://www.sec.gov/Archives/edgar/data/80424/000008042424000113/pg-20240930.htm,sources/pg_2024-09-30_tables.json,"table 32, row 4 (zero-based)",Grooming | 4 | % | 5 | % | (2) | % | 1 | % | (3) | % | — | % | — | %
2024-09-30,Grooming,organic_volume_growth,5.0,percent / percentage-point contribution,2024-10-18,https://www.sec.gov/Archives/edgar/data/80424/000008042424000113/pg-20240930.htm,sources/pg_2024-09-30_tables.json,"table 32, row 4 (zero-based)",Grooming | 4 | % | 5 | % | (2) | % | 1 | % | (3) | % | — | % | — | %
2024-09-30,Grooming,fx_contribution,-2.0,percent / percentage-point contribution,2024-10-18,https://www.sec.gov/Archives/edgar/data/80424/000008042424000113/pg-20240930.htm,sources/pg_2024-09-30_tables.json,"table 32, row 4 (zero-based)",Grooming | 4 | % | 5 | % | (2) | % | 1 | % | (3) | % | — | % | — | %
2024-09-30,Grooming,price_contribution,1.0,percent / percentage-point contribution,2024-10-18,https://www.sec.gov/Archives/edgar/data/80424/000008042424000113/pg-20240930.htm,sources/pg_2024-09-30_tables.json,"table 32, row 4 (zero-based)",Grooming | 4 | % | 5 | % | (2) | % | 1 | % | (3) | % | — | % | — | %
2024-09-30,Grooming,mix_contribution,-3.0,percent / percentage-point contribution,2024-10-18,https://www.sec.gov/Archives/edgar/data/80424/000008042424000113/pg-20240930.htm,sources/pg_2024-09-30_tables.json,"table 32, row 4 (zero-based)",Grooming | 4 | % | 5 | % | (2) | % | 1 | % | (3) | % | — | % | — | %
2024-09-30,Grooming,other_contribution,0.0,percent / percentage-point contribution,2024-10-18,https://www.sec.gov/Archives/edgar/data/80424/000008042424000113/pg-20240930.htm,sources/pg_2024-09-30_tables.json,"table 32, row 4 (zero-based)",Grooming | 4 | % | 5 | % | (2) | % | 1 | % | (3) | % | — | % | — | %
2024-09-30,Grooming,reported_sales_growth,0.0,percent / percentage-point contribution,2024-10-18,https://www.sec.gov/Archives/edgar/data/80424/000008042424000113/pg-20240930.htm,sources/pg_2024-09-30_tables.json,"table 32, row 4 (zero-based)",Grooming | 4 | % | 5 | % | (2) | % | 1 | % | (3) | % | — | % | — | %
2024-09-30,Health Care,reported_volume_growth,-1.0,percent / percentage-point contribution,2024-10-18,https://www.sec.gov/Archives/edgar/data/80424/000008042424000113/pg-20240930.htm,sources/pg_2024-09-30_tables.json,"table 32, row 5 (zero-based)",Health Care | (1) | % | (1) | % | (1) | % | 1 | % | 4 | % | (1) | % | 2 | %
2024-09-30,Health Care,organic_volume_growth,-1.0,percent / percentage-point contribution,2024-10-18,https://www.sec.gov/Archives/edgar/data/80424/000008042424000113/pg-20240930.htm,sources/pg_2024-09-30_tables.json,"table 32, row 5 (zero-based)",Health Care | (1) | % | (1) | % | (1) | % | 1 | % | 4 | % | (1) | % | 2 | %
2024-09-30,Health Care,fx_contribution,-1.0,percent / percentage-point contribution,2024-10-18,https://www.sec.gov/Archives/edgar/data/80424/000008042424000113/pg-20240930.htm,sources/pg_2024-09-30_tables.json,"table 32, row 5 (zero-based)",Health Care | (1) | % | (1) | % | (1) | % | 1 | % | 4 | % | (1) | % | 2 | %
2024-09-30,Health Care,price_contribution,1.0,percent / percentage-point contribution,2024-10-18,https://www.sec.gov/Archives/edgar/data/80424/000008042424000113/pg-20240930.htm,sources/pg_2024-09-30_tables.json,"table 32, row 5 (zero-based)",Health Care | (1) | % | (1) | % | (1) | % | 1 | % | 4 | % | (1) | % | 2 | %
2024-09-30,Health Care,mix_contribution,4.0,percent / percentage-point contribution,2024-10-18,https://www.sec.gov/Archives/edgar/data/80424/000008042424000113/pg-20240930.htm,sources/pg_2024-09-30_tables.json,"table 32, row 5 (zero-based)",Health Care | (1) | % | (1) | % | (1) | % | 1 | % | 4 | % | (1) | % | 2 | %
2024-09-30,Health Care,other_contribution,-1.0,percent / percentage-point contribution,2024-10-18,https://www.sec.gov/Archives/edgar/data/80424/000008042424000113/pg-20240930.htm,sources/pg_2024-09-30_tables.json,"table 32, row 5 (zero-based)",Health Care | (1) | % | (1) | % | (1) | % | 1 | % | 4 | % | (1) | % | 2 | %
2024-09-30,Health Care,reported_sales_growth,2.0,percent / percentage-point contribution,2024-10-18,https://www.sec.gov/Archives/edgar/data/80424/000008042424000113/pg-20240930.htm,sources/pg_2024-09-30_tables.json,"table 32, row 5 (zero-based)",Health Care | (1) | % | (1) | % | (1) | % | 1 | % | 4 | % | (1) | % | 2 | %
2024-09-30,Fabric & Home Care,reported_volume_growth,1.0,percent / percentage-point contribution,2024-10-18,https://www.sec.gov/Archives/edgar/data/80424/000008042424000113/pg-20240930.htm,sources/pg_2024-09-30_tables.json,"table 32, row 6 (zero-based)",Fabric & Home Care | 1 | % | 1 | % | (1) | % | — | % | 1 | % | — | % | 1 | %
2024-09-30,Fabric & Home Care,organic_volume_growth,1.0,percent / percentage-point contribution,2024-10-18,https://www.sec.gov/Archives/edgar/data/80424/000008042424000113/pg-20240930.htm,sources/pg_2024-09-30_tables.json,"table 32, row 6 (zero-based)",Fabric & Home Care | 1 | % | 1 | % | (1) | % | — | % | 1 | % | — | % | 1 | %
2024-09-30,Fabric & Home Care,fx_contribution,-1.0,percent / percentage-point contribution,2024-10-18,https://www.sec.gov/Archives/edgar/data/80424/000008042424000113/pg-20240930.htm,sources/pg_2024-09-30_tables.json,"table 32, row 6 (zero-based)",Fabric & Home Care | 1 | % | 1 | % | (1) | % | — | % | 1 | % | — | % | 1 | %
2024-09-30,Fabric & Home Care,price_contribution,0.0,percent / percentage-point contribution,2024-10-18,https://www.sec.gov/Archives/edgar/data/80424/000008042424000113/pg-20240930.htm,sources/pg_2024-09-30_tables.json,"table 32, row 6 (zero-based)",Fabric & Home Care | 1 | % | 1 | % | (1) | % | — | % | 1 | % | — | % | 1 | %
2024-09-30,Fabric & Home Care,mix_contribution,1.0,percent / percentage-point contribution,2024-10-18,https://www.sec.gov/Archives/edgar/data/80424/000008042424000113/pg-20240930.htm,sources/pg_2024-09-30_tables.json,"table 32, row 6 (zero-based)",Fabric & Home Care | 1 | % | 1 | % | (1) | % | — | % | 1 | % | — | % | 1 | %
2024-09-30,Fabric & Home Care,other_contribution,0.0,percent / percentage-point contribution,2024-10-18,https://www.sec.gov/Archives/edgar/data/80424/000008042424000113/pg-20240930.htm,sources/pg_2024-09-30_tables.json,"table 32, row 6 (zero-based)",Fabric & Home Care | 1 | % | 1 | % | (1) | % | — | % | 1 | % | — | % | 1 | %
2024-09-30,Fabric & Home Care,reported_sales_growth,1.0,percent / percentage-point contribution,2024-10-18,https://www.sec.gov/Archives/edgar/data/80424/000008042424000113/pg-20240930.htm,sources/pg_2024-09-30_tables.json,"table 32, row 6 (zero-based)",Fabric & Home Care | 1 | % | 1 | % | (1) | % | — | % | 1 | % | — | % | 1 | %
2024-09-30,"Baby, Feminine & Family Care",reported_volume_growth,-1.0,percent / percentage-point contribution,2024-10-18,https://www.sec.gov/Archives/edgar/data/80424/000008042424000113/pg-20240930.htm,sources/pg_2024-09-30_tables.json,"table 32, row 7 (zero-based)","Baby, Feminine & Family Care | (1) | % | (1) | % | (1) | % | — | % | — | % | — | % | (2) | %"
2024-09-30,"Baby, Feminine & Family Care",organic_volume_growth,-1.0,percent / percentage-point contribution,2024-10-18,https://www.sec.gov/Archives/edgar/data/80424/000008042424000113/pg-20240930.htm,sources/pg_2024-09-30_tables.json,"table 32, row 7 (zero-based)","Baby, Feminine & Family Care | (1) | % | (1) | % | (1) | % | — | % | — | % | — | % | (2) | %"
2024-09-30,"Baby, Feminine & Family Care",fx_contribution,-1.0,percent / percentage-point contribution,2024-10-18,https://www.sec.gov/Archives/edgar/data/80424/000008042424000113/pg-20240930.htm,sources/pg_2024-09-30_tables.json,"table 32, row 7 (zero-based)","Baby, Feminine & Family Care | (1) | % | (1) | % | (1) | % | — | % | — | % | — | % | (2) | %"
2024-09-30,"Baby, Feminine & Family Care",price_contribution,0.0,percent / percentage-point contribution,2024-10-18,https://www.sec.gov/Archives/edgar/data/80424/000008042424000113/pg-20240930.htm,sources/pg_2024-09-30_tables.json,"table 32, row 7 (zero-based)","Baby, Feminine & Family Care | (1) | % | (1) | % | (1) | % | — | % | — | % | — | % | (2) | %"
2024-09-30,"Baby, Feminine & Family Care",mix_contribution,0.0,percent / percentage-point contribution,2024-10-18,https://www.sec.gov/Archives/edgar/data/80424/000008042424000113/pg-20240930.htm,sources/pg_2024-09-30_tables.json,"table 32, row 7 (zero-based)","Baby, Feminine & Family Care | (1) | % | (1) | % | (1) | % | — | % | — | % | — | % | (2) | %"
2024-09-30,"Baby, Feminine & Family Care",other_contribution,0.0,percent / percentage-point contribution,2024-10-18,https://www.sec.gov/Archives/edgar/data/80424/000008042424000113/pg-20240930.htm,sources/pg_2024-09-30_tables.json,"table 32, row 7 (zero-based)","Baby, Feminine & Family Care | (1) | % | (1) | % | (1) | % | — | % | — | % | — | % | (2) | %"
2024-09-30,"Baby, Feminine & Family Care",reported_sales_growth,-2.0,percent / percentage-point contribution,2024-10-18,https://www.sec.gov/Archives/edgar/data/80424/000008042424000113/pg-20240930.htm,sources/pg_2024-09-30_tables.json,"table 32, row 7 (zero-based)","Baby, Feminine & Family Care | (1) | % | (1) | % | (1) | % | — | % | — | % | — | % | (2) | %"
2024-09-30,Total Company,reported_volume_growth,0.0,percent / percentage-point contribution,2024-10-18,https://www.sec.gov/Archives/edgar/data/80424/000008042424000113/pg-20240930.htm,sources/pg_2024-09-30_tables.json,"table 32, row 8 (zero-based)",Total Company | — | % | 1 | % | (1) | % | 1 | % | — | % | (1) | % | (1) | %
2024-09-30,Total Company,organic_volume_growth,1.0,percent / percentage-point contribution,2024-10-18,https://www.sec.gov/Archives/edgar/data/80424/000008042424000113/pg-20240930.htm,sources/pg_2024-09-30_tables.json,"table 32, row 8 (zero-based)",Total Company | — | % | 1 | % | (1) | % | 1 | % | — | % | (1) | % | (1) | %
2024-09-30,Total Company,fx_contribution,-1.0,percent / percentage-point contribution,2024-10-18,https://www.sec.gov/Archives/edgar/data/80424/000008042424000113/pg-20240930.htm,sources/pg_2024-09-30_tables.json,"table 32, row 8 (zero-based)",Total Company | — | % | 1 | % | (1) | % | 1 | % | — | % | (1) | % | (1) | %
2024-09-30,Total Company,price_contribution,1.0,percent / percentage-point contribution,2024-10-18,https://www.sec.gov/Archives/edgar/data/80424/000008042424000113/pg-20240930.htm,sources/pg_2024-09-30_tables.json,"table 32, row 8 (zero-based)",Total Company | — | % | 1 | % | (1) | % | 1 | % | — | % | (1) | % | (1) | %
2024-09-30,Total Company,mix_contribution,0.0,percent / percentage-point contribution,2024-10-18,https://www.sec.gov/Archives/edgar/data/80424/000008042424000113/pg-20240930.htm,sources/pg_2024-09-30_tables.json,"table 32, row 8 (zero-based)",Total Company | — | % | 1 | % | (1) | % | 1 | % | — | % | (1) | % | (1) | %
2024-09-30,Total Company,other_contribution,-1.0,percent / percentage-point contribution,2024-10-18,https://www.sec.gov/Archives/edgar/data/80424/000008042424000113/pg-20240930.htm,sources/pg_2024-09-30_tables.json,"table 32, row 8 (zero-based)",Total Company | — | % | 1 | % | (1) | % | 1 | % | — | % | (1) | % | (1) | %
2024-09-30,Total Company,reported_sales_growth,-1.0,percent / percentage-point contribution,2024-10-18,https://www.sec.gov/Archives/edgar/data/80424/000008042424000113/pg-20240930.htm,sources/pg_2024-09-30_tables.json,"table 32, row 8 (zero-based)",Total Company | — | % | 1 | % | (1) | % | 1 | % | — | % | (1) | % | (1) | %
2024-09-30,Beauty,net_sales,3892.0,USD million,2024-10-18,https://www.sec.gov/Archives/edgar/data/80424/000008042424000113/pg-20240930.htm,sources/pg_2024-09-30_tables.json,"table 33, row 3 (zero-based)","Beauty | $ | 3,892 | (5) | % | $ | 1,067 | (15) | % | $ | 840 | (13) | %"
2024-09-30,Grooming,net_sales,1723.0,USD million,2024-10-18,https://www.sec.gov/Archives/edgar/data/80424/000008042424000113/pg-20240930.htm,sources/pg_2024-09-30_tables.json,"table 33, row 4 (zero-based)","Grooming | 1,723 | — | % | 522 | (2) | % | 426 | 1 | %"
2024-09-30,Health Care,net_sales,3147.0,USD million,2024-10-18,https://www.sec.gov/Archives/edgar/data/80424/000008042424000113/pg-20240930.htm,sources/pg_2024-09-30_tables.json,"table 33, row 5 (zero-based)","Health Care | 3,147 | 2 | % | 953 | 7 | % | 741 | 8 | %"
2024-09-30,Fabric & Home Care,net_sales,7710.0,USD million,2024-10-18,https://www.sec.gov/Archives/edgar/data/80424/000008042424000113/pg-20240930.htm,sources/pg_2024-09-30_tables.json,"table 33, row 6 (zero-based)","Fabric & Home Care | 7,710 | 1 | % | 2,077 | 2 | % | 1,621 | 3 | %"
2024-09-30,"Baby, Feminine & Family Care",net_sales,5102.0,USD million,2024-10-18,https://www.sec.gov/Archives/edgar/data/80424/000008042424000113/pg-20240930.htm,sources/pg_2024-09-30_tables.json,"table 33, row 7 (zero-based)","Baby, Feminine & Family Care | 5,102 | (2) | % | 1,383 | (2) | % | 1,066 | (1) | %"
2024-09-30,Corporate,net_sales,163.0,USD million,2024-10-18,https://www.sec.gov/Archives/edgar/data/80424/000008042424000113/pg-20240930.htm,sources/pg_2024-09-30_tables.json,"table 33, row 8 (zero-based)",Corporate | 163 | N/A | (862) | N/A | (707) | N/A
2024-09-30,Total Company,net_sales,21737.0,USD million,2024-10-18,https://www.sec.gov/Archives/edgar/data/80424/000008042424000113/pg-20240930.htm,sources/pg_2024-09-30_tables.json,"table 33, row 9 (zero-based)","Total Company | $ | 21,737 | (1) | % | $ | 5,140 | (11) | % | $ | 3,987 | (12) | %"
2024-09-30,Beauty,organic_sales_growth,-2.0,percent / percentage-point contribution,2024-10-18,https://www.sec.gov/Archives/edgar/data/80424/000008042424000113/pg-20240930.htm,sources/pg_2024-09-30_tables.json,"table 34, row 2 (zero-based)",Beauty | (5) | % | 1 | % | 2 | % | (2) | %
2024-09-30,Grooming,organic_sales_growth,3.0,percent / percentage-point contribution,2024-10-18,https://www.sec.gov/Archives/edgar/data/80424/000008042424000113/pg-20240930.htm,sources/pg_2024-09-30_tables.json,"table 34, row 3 (zero-based)",Grooming | — | % | 2 | % | 1 | % | 3 | %
2024-09-30,Health Care,organic_sales_growth,4.0,percent / percentage-point contribution,2024-10-18,https://www.sec.gov/Archives/edgar/data/80424/000008042424000113/pg-20240930.htm,sources/pg_2024-09-30_tables.json,"table 34, row 4 (zero-based)",Health Care | 2 | % | 1 | % | 1 | % | 4 | %
2024-09-30,Fabric & Home Care,organic_sales_growth,3.0,percent / percentage-point contribution,2024-10-18,https://www.sec.gov/Archives/edgar/data/80424/000008042424000113/pg-20240930.htm,sources/pg_2024-09-30_tables.json,"table 34, row 5 (zero-based)",Fabric & Home Care | 1 | % | 1 | % | 1 | % | 3 | %
2024-09-30,"Baby, Feminine & Family Care",organic_sales_growth,0.0,percent / percentage-point contribution,2024-10-18,https://www.sec.gov/Archives/edgar/data/80424/000008042424000113/pg-20240930.htm,sources/pg_2024-09-30_tables.json,"table 34, row 6 (zero-based)","Baby, Feminine & Family Care | (2) | % | 1 | % | 1 | % | — | %"
2024-09-30,Total Company,organic_sales_growth,2.0,percent / percentage-point contribution,2024-10-18,https://www.sec.gov/Archives/edgar/data/80424/000008042424000113/pg-20240930.htm,sources/pg_2024-09-30_tables.json,"table 34, row 7 (zero-based)",Total Company | (1) | % | 1 | % | 2 | % | 2 | %
2024-12-31,Beauty,reported_volume_growth,-1.0,percent / percentage-point contribution,2025-01-22,https://www.sec.gov/Archives/edgar/data/80424/000008042425000013/pg-20241231.htm,sources/pg_2024-12-31_tables.json,"table 34, row 3 (zero-based)",Beauty | (1) | % | — | % | (1) | % | 2 | % | — | % | — | % | — | %
2024-12-31,Beauty,organic_volume_growth,0.0,percent / percentage-point contribution,2025-01-22,https://www.sec.gov/Archives/edgar/data/80424/000008042425000013/pg-20241231.htm,sources/pg_2024-12-31_tables.json,"table 34, row 3 (zero-based)",Beauty | (1) | % | — | % | (1) | % | 2 | % | — | % | — | % | — | %
2024-12-31,Beauty,fx_contribution,-1.0,percent / percentage-point contribution,2025-01-22,https://www.sec.gov/Archives/edgar/data/80424/000008042425000013/pg-20241231.htm,sources/pg_2024-12-31_tables.json,"table 34, row 3 (zero-based)",Beauty | (1) | % | — | % | (1) | % | 2 | % | — | % | — | % | — | %
2024-12-31,Beauty,price_contribution,2.0,percent / percentage-point contribution,2025-01-22,https://www.sec.gov/Archives/edgar/data/80424/000008042425000013/pg-20241231.htm,sources/pg_2024-12-31_tables.json,"table 34, row 3 (zero-based)",Beauty | (1) | % | — | % | (1) | % | 2 | % | — | % | — | % | — | %
2024-12-31,Beauty,mix_contribution,0.0,percent / percentage-point contribution,2025-01-22,https://www.sec.gov/Archives/edgar/data/80424/000008042425000013/pg-20241231.htm,sources/pg_2024-12-31_tables.json,"table 34, row 3 (zero-based)",Beauty | (1) | % | — | % | (1) | % | 2 | % | — | % | — | % | — | %
2024-12-31,Beauty,other_contribution,0.0,percent / percentage-point contribution,2025-01-22,https://www.sec.gov/Archives/edgar/data/80424/000008042425000013/pg-20241231.htm,sources/pg_2024-12-31_tables.json,"table 34, row 3 (zero-based)",Beauty | (1) | % | — | % | (1) | % | 2 | % | — | % | — | % | — | %
2024-12-31,Beauty,reported_sales_growth,0.0,percent / percentage-point contribution,2025-01-22,https://www.sec.gov/Archives/edgar/data/80424/000008042425000013/pg-20241231.htm,sources/pg_2024-12-31_tables.json,"table 34, row 3 (zero-based)",Beauty | (1) | % | — | % | (1) | % | 2 | % | — | % | — | % | — | %
2024-12-31,Grooming,reported_volume_growth,2.0,percent / percentage-point contribution,2025-01-22,https://www.sec.gov/Archives/edgar/data/80424/000008042425000013/pg-20241231.htm,sources/pg_2024-12-31_tables.json,"table 34, row 4 (zero-based)",Grooming | 2 | % | 2 | % | (1) | % | 1 | % | (1) | % | — | % | 1 | %
2024-12-31,Grooming,organic_volume_growth,2.0,percent / percentage-point contribution,2025-01-22,https://www.sec.gov/Archives/edgar/data/80424/000008042425000013/pg-20241231.htm,sources/pg_2024-12-31_tables.json,"table 34, row 4 (zero-based)",Grooming | 2 | % | 2 | % | (1) | % | 1 | % | (1) | % | — | % | 1 | %
2024-12-31,Grooming,fx_contribution,-1.0,percent / percentage-point contribution,2025-01-22,https://www.sec.gov/Archives/edgar/data/80424/000008042425000013/pg-20241231.htm,sources/pg_2024-12-31_tables.json,"table 34, row 4 (zero-based)",Grooming | 2 | % | 2 | % | (1) | % | 1 | % | (1) | % | — | % | 1 | %
2024-12-31,Grooming,price_contribution,1.0,percent / percentage-point contribution,2025-01-22,https://www.sec.gov/Archives/edgar/data/80424/000008042425000013/pg-20241231.htm,sources/pg_2024-12-31_tables.json,"table 34, row 4 (zero-based)",Grooming | 2 | % | 2 | % | (1) | % | 1 | % | (1) | % | — | % | 1 | %
2024-12-31,Grooming,mix_contribution,-1.0,percent / percentage-point contribution,2025-01-22,https://www.sec.gov/Archives/edgar/data/80424/000008042425000013/pg-20241231.htm,sources/pg_2024-12-31_tables.json,"table 34, row 4 (zero-based)",Grooming | 2 | % | 2 | % | (1) | % | 1 | % | (1) | % | — | % | 1 | %
2024-12-31,Grooming,other_contribution,0.0,percent / percentage-point contribution,2025-01-22,https://www.sec.gov/Archives/edgar/data/80424/000008042425000013/pg-20241231.htm,sources/pg_2024-12-31_tables.json,"table 34, row 4 (zero-based)",Grooming | 2 | % | 2 | % | (1) | % | 1 | % | (1) | % | — | % | 1 | %
2024-12-31,Grooming,reported_sales_growth,1.0,percent / percentage-point contribution,2025-01-22,https://www.sec.gov/Archives/edgar/data/80424/000008042425000013/pg-20241231.htm,sources/pg_2024-12-31_tables.json,"table 34, row 4 (zero-based)",Grooming | 2 | % | 2 | % | (1) | % | 1 | % | (1) | % | — | % | 1 | %
2024-12-31,Health Care,reported_volume_growth,0.0,percent / percentage-point contribution,2025-01-22,https://www.sec.gov/Archives/edgar/data/80424/000008042425000013/pg-20241231.htm,sources/pg_2024-12-31_tables.json,"table 34, row 5 (zero-based)",Health Care | — | % | — | % | — | % | 1 | % | 2 | % | (1) | % | 2 | %
2024-12-31,Health Care,organic_volume_growth,0.0,percent / percentage-point contribution,2025-01-22,https://www.sec.gov/Archives/edgar/data/80424/000008042425000013/pg-20241231.htm,sources/pg_2024-12-31_tables.json,"table 34, row 5 (zero-based)",Health Care | — | % | — | % | — | % | 1 | % | 2 | % | (1) | % | 2 | %
2024-12-31,Health Care,fx_contribution,0.0,percent / percentage-point contribution,2025-01-22,https://www.sec.gov/Archives/edgar/data/80424/000008042425000013/pg-20241231.htm,sources/pg_2024-12-31_tables.json,"table 34, row 5 (zero-based)",Health Care | — | % | — | % | — | % | 1 | % | 2 | % | (1) | % | 2 | %
2024-12-31,Health Care,price_contribution,1.0,percent / percentage-point contribution,2025-01-22,https://www.sec.gov/Archives/edgar/data/80424/000008042425000013/pg-20241231.htm,sources/pg_2024-12-31_tables.json,"table 34, row 5 (zero-based)",Health Care | — | % | — | % | — | % | 1 | % | 2 | % | (1) | % | 2 | %
2024-12-31,Health Care,mix_contribution,2.0,percent / percentage-point contribution,2025-01-22,https://www.sec.gov/Archives/edgar/data/80424/000008042425000013/pg-20241231.htm,sources/pg_2024-12-31_tables.json,"table 34, row 5 (zero-based)",Health Care | — | % | — | % | — | % | 1 | % | 2 | % | (1) | % | 2 | %
2024-12-31,Health Care,other_contribution,-1.0,percent / percentage-point contribution,2025-01-22,https://www.sec.gov/Archives/edgar/data/80424/000008042425000013/pg-20241231.htm,sources/pg_2024-12-31_tables.json,"table 34, row 5 (zero-based)",Health Care | — | % | — | % | — | % | 1 | % | 2 | % | (1) | % | 2 | %
2024-12-31,Health Care,reported_sales_growth,2.0,percent / percentage-point contribution,2025-01-22,https://www.sec.gov/Archives/edgar/data/80424/000008042425000013/pg-20241231.htm,sources/pg_2024-12-31_tables.json,"table 34, row 5 (zero-based)",Health Care | — | % | — | % | — | % | 1 | % | 2 | % | (1) | % | 2 | %
2024-12-31,Fabric & Home Care,reported_volume_growth,1.0,percent / percentage-point contribution,2025-01-22,https://www.sec.gov/Archives/edgar/data/80424/000008042425000013/pg-20241231.htm,sources/pg_2024-12-31_tables.json,"table 34, row 6 (zero-based)",Fabric & Home Care | 1 | % | 2 | % | — | % | — | % | 1 | % | — | % | 2 | %
2024-12-31,Fabric & Home Care,organic_volume_growth,2.0,percent / percentage-point contribution,2025-01-22,https://www.sec.gov/Archives/edgar/data/80424/000008042425000013/pg-20241231.htm,sources/pg_2024-12-31_tables.json,"table 34, row 6 (zero-based)",Fabric & Home Care | 1 | % | 2 | % | — | % | — | % | 1 | % | — | % | 2 | %
2024-12-31,Fabric & Home Care,fx_contribution,0.0,percent / percentage-point contribution,2025-01-22,https://www.sec.gov/Archives/edgar/data/80424/000008042425000013/pg-20241231.htm,sources/pg_2024-12-31_tables.json,"table 34, row 6 (zero-based)",Fabric & Home Care | 1 | % | 2 | % | — | % | — | % | 1 | % | — | % | 2 | %
2024-12-31,Fabric & Home Care,price_contribution,0.0,percent / percentage-point contribution,2025-01-22,https://www.sec.gov/Archives/edgar/data/80424/000008042425000013/pg-20241231.htm,sources/pg_2024-12-31_tables.json,"table 34, row 6 (zero-based)",Fabric & Home Care | 1 | % | 2 | % | — | % | — | % | 1 | % | — | % | 2 | %
2024-12-31,Fabric & Home Care,mix_contribution,1.0,percent / percentage-point contribution,2025-01-22,https://www.sec.gov/Archives/edgar/data/80424/000008042425000013/pg-20241231.htm,sources/pg_2024-12-31_tables.json,"table 34, row 6 (zero-based)",Fabric & Home Care | 1 | % | 2 | % | — | % | — | % | 1 | % | — | % | 2 | %
2024-12-31,Fabric & Home Care,other_contribution,0.0,percent / percentage-point contribution,2025-01-22,https://www.sec.gov/Archives/edgar/data/80424/000008042425000013/pg-20241231.htm,sources/pg_2024-12-31_tables.json,"table 34, row 6 (zero-based)",Fabric & Home Care | 1 | % | 2 | % | — | % | — | % | 1 | % | — | % | 2 | %
2024-12-31,Fabric & Home Care,reported_sales_growth,2.0,percent / percentage-point contribution,2025-01-22,https://www.sec.gov/Archives/edgar/data/80424/000008042425000013/pg-20241231.htm,sources/pg_2024-12-31_tables.json,"table 34, row 6 (zero-based)",Fabric & Home Care | 1 | % | 2 | % | — | % | — | % | 1 | % | — | % | 2 | %
2024-12-31,"Baby, Feminine & Family Care",reported_volume_growth,4.0,percent / percentage-point contribution,2025-01-22,https://www.sec.gov/Archives/edgar/data/80424/000008042425000013/pg-20241231.htm,sources/pg_2024-12-31_tables.json,"table 34, row 7 (zero-based)","Baby, Feminine & Family Care | 4 | % | 4 | % | — | % | (1) | % | — | % | — | % | 3 | %"
2024-12-31,"Baby, Feminine & Family Care",organic_volume_growth,4.0,percent / percentage-point contribution,2025-01-22,https://www.sec.gov/Archives/edgar/data/80424/000008042425000013/pg-20241231.htm,sources/pg_2024-12-31_tables.json,"table 34, row 7 (zero-based)","Baby, Feminine & Family Care | 4 | % | 4 | % | — | % | (1) | % | — | % | — | % | 3 | %"
2024-12-31,"Baby, Feminine & Family Care",fx_contribution,0.0,percent / percentage-point contribution,2025-01-22,https://www.sec.gov/Archives/edgar/data/80424/000008042425000013/pg-20241231.htm,sources/pg_2024-12-31_tables.json,"table 34, row 7 (zero-based)","Baby, Feminine & Family Care | 4 | % | 4 | % | — | % | (1) | % | — | % | — | % | 3 | %"
2024-12-31,"Baby, Feminine & Family Care",price_contribution,-1.0,percent / percentage-point contribution,2025-01-22,https://www.sec.gov/Archives/edgar/data/80424/000008042425000013/pg-20241231.htm,sources/pg_2024-12-31_tables.json,"table 34, row 7 (zero-based)","Baby, Feminine & Family Care | 4 | % | 4 | % | — | % | (1) | % | — | % | — | % | 3 | %"
2024-12-31,"Baby, Feminine & Family Care",mix_contribution,0.0,percent / percentage-point contribution,2025-01-22,https://www.sec.gov/Archives/edgar/data/80424/000008042425000013/pg-20241231.htm,sources/pg_2024-12-31_tables.json,"table 34, row 7 (zero-based)","Baby, Feminine & Family Care | 4 | % | 4 | % | — | % | (1) | % | — | % | — | % | 3 | %"
2024-12-31,"Baby, Feminine & Family Care",other_contribution,0.0,percent / percentage-point contribution,2025-01-22,https://www.sec.gov/Archives/edgar/data/80424/000008042425000013/pg-20241231.htm,sources/pg_2024-12-31_tables.json,"table 34, row 7 (zero-based)","Baby, Feminine & Family Care | 4 | % | 4 | % | — | % | (1) | % | — | % | — | % | 3 | %"
2024-12-31,"Baby, Feminine & Family Care",reported_sales_growth,3.0,percent / percentage-point contribution,2025-01-22,https://www.sec.gov/Archives/edgar/data/80424/000008042425000013/pg-20241231.htm,sources/pg_2024-12-31_tables.json,"table 34, row 7 (zero-based)","Baby, Feminine & Family Care | 4 | % | 4 | % | — | % | (1) | % | — | % | — | % | 3 | %"
2024-12-31,Total Company,reported_volume_growth,1.0,percent / percentage-point contribution,2025-01-22,https://www.sec.gov/Archives/edgar/data/80424/000008042425000013/pg-20241231.htm,sources/pg_2024-12-31_tables.json,"table 34, row 8 (zero-based)",Total Company | 1 | % | 2 | % | — | % | — | % | 1 | % | — | % | 2 | %
2024-12-31,Total Company,organic_volume_growth,2.0,percent / percentage-point contribution,2025-01-22,https://www.sec.gov/Archives/edgar/data/80424/000008042425000013/pg-20241231.htm,sources/pg_2024-12-31_tables.json,"table 34, row 8 (zero-based)",Total Company | 1 | % | 2 | % | — | % | — | % | 1 | % | — | % | 2 | %
2024-12-31,Total Company,fx_contribution,0.0,percent / percentage-point contribution,2025-01-22,https://www.sec.gov/Archives/edgar/data/80424/000008042425000013/pg-20241231.htm,sources/pg_2024-12-31_tables.json,"table 34, row 8 (zero-based)",Total Company | 1 | % | 2 | % | — | % | — | % | 1 | % | — | % | 2 | %
2024-12-31,Total Company,price_contribution,0.0,percent / percentage-point contribution,2025-01-22,https://www.sec.gov/Archives/edgar/data/80424/000008042425000013/pg-20241231.htm,sources/pg_2024-12-31_tables.json,"table 34, row 8 (zero-based)",Total Company | 1 | % | 2 | % | — | % | — | % | 1 | % | — | % | 2 | %
2024-12-31,Total Company,mix_contribution,1.0,percent / percentage-point contribution,2025-01-22,https://www.sec.gov/Archives/edgar/data/80424/000008042425000013/pg-20241231.htm,sources/pg_2024-12-31_tables.json,"table 34, row 8 (zero-based)",Total Company | 1 | % | 2 | % | — | % | — | % | 1 | % | — | % | 2 | %
2024-12-31,Total Company,other_contribution,0.0,percent / percentage-point contribution,2025-01-22,https://www.sec.gov/Archives/edgar/data/80424/000008042425000013/pg-20241231.htm,sources/pg_2024-12-31_tables.json,"table 34, row 8 (zero-based)",Total Company | 1 | % | 2 | % | — | % | — | % | 1 | % | — | % | 2 | %
2024-12-31,Total Company,reported_sales_growth,2.0,percent / percentage-point contribution,2025-01-22,https://www.sec.gov/Archives/edgar/data/80424/000008042425000013/pg-20241231.htm,sources/pg_2024-12-31_tables.json,"table 34, row 8 (zero-based)",Total Company | 1 | % | 2 | % | — | % | — | % | 1 | % | — | % | 2 | %
2024-12-31,Beauty,net_sales,3848.0,USD million,2025-01-22,https://www.sec.gov/Archives/edgar/data/80424/000008042425000013/pg-20241231.htm,sources/pg_2024-12-31_tables.json,"table 38, row 3 (zero-based)","Beauty | $ | 3,848 | — | % | $ | 996 | (10) | % | $ | 780 | (10) | %"
2024-12-31,Grooming,net_sales,1752.0,USD million,2025-01-22,https://www.sec.gov/Archives/edgar/data/80424/000008042425000013/pg-20241231.htm,sources/pg_2024-12-31_tables.json,"table 38, row 4 (zero-based)","Grooming | 1,752 | 1 | % | 568 | 6 | % | 459 | 4 | %"
2024-12-31,Health Care,net_sales,3249.0,USD million,2025-01-22,https://www.sec.gov/Archives/edgar/data/80424/000008042425000013/pg-20241231.htm,sources/pg_2024-12-31_tables.json,"table 38, row 5 (zero-based)","Health Care | 3,249 | 2 | % | 974 | 5 | % | 758 | 5 | %"
2024-12-31,Fabric & Home Care,net_sales,7575.0,USD million,2025-01-22,https://www.sec.gov/Archives/edgar/data/80424/000008042425000013/pg-20241231.htm,sources/pg_2024-12-31_tables.json,"table 38, row 6 (zero-based)","Fabric & Home Care | 7,575 | 2 | % | 1,989 | (1) | % | 1,567 | (1) | %"
2024-12-31,"Baby, Feminine & Family Care",net_sales,5298.0,USD million,2025-01-22,https://www.sec.gov/Archives/edgar/data/80424/000008042425000013/pg-20241231.htm,sources/pg_2024-12-31_tables.json,"table 38, row 7 (zero-based)","Baby, Feminine & Family Care | 5,298 | 3 | % | 1,464 | 2 | % | 1,119 | 2 | %"
2024-12-31,Corporate,net_sales,159.0,USD million,2025-01-22,https://www.sec.gov/Archives/edgar/data/80424/000008042425000013/pg-20241231.htm,sources/pg_2024-12-31_tables.json,"table 38, row 8 (zero-based)",Corporate | 159 | N/A | (146) | N/A | (24) | N/A
2024-12-31,Total Company,net_sales,21882.0,USD million,2025-01-22,https://www.sec.gov/Archives/edgar/data/80424/000008042425000013/pg-20241231.htm,sources/pg_2024-12-31_tables.json,"table 38, row 9 (zero-based)","Total Company | $ | 21,882 | 2 | % | $ | 5,845 | 30 | % | $ | 4,659 | 33 | %"
2024-12-31,Beauty,organic_sales_growth,2.0,percent / percentage-point contribution,2025-01-22,https://www.sec.gov/Archives/edgar/data/80424/000008042425000013/pg-20241231.htm,sources/pg_2024-12-31_tables.json,"table 39, row 2 (zero-based)",Beauty | — | % | 1 | % | 1 | % | 2 | %
2024-12-31,Grooming,organic_sales_growth,2.0,percent / percentage-point contribution,2025-01-22,https://www.sec.gov/Archives/edgar/data/80424/000008042425000013/pg-20241231.htm,sources/pg_2024-12-31_tables.json,"table 39, row 3 (zero-based)",Grooming | 1 | % | 1 | % | — | % | 2 | %
2024-12-31,Health Care,organic_sales_growth,3.0,percent / percentage-point contribution,2025-01-22,https://www.sec.gov/Archives/edgar/data/80424/000008042425000013/pg-20241231.htm,sources/pg_2024-12-31_tables.json,"table 39, row 4 (zero-based)",Health Care | 2 | % | — | % | 1 | % | 3 | %
2024-12-31,Fabric & Home Care,organic_sales_growth,3.0,percent / percentage-point contribution,2025-01-22,https://www.sec.gov/Archives/edgar/data/80424/000008042425000013/pg-20241231.htm,sources/pg_2024-12-31_tables.json,"table 39, row 5 (zero-based)",Fabric & Home Care | 2 | % | — | % | 1 | % | 3 | %
2024-12-31,"Baby, Feminine & Family Care",organic_sales_growth,4.0,percent / percentage-point contribution,2025-01-22,https://www.sec.gov/Archives/edgar/data/80424/000008042425000013/pg-20241231.htm,sources/pg_2024-12-31_tables.json,"table 39, row 6 (zero-based)","Baby, Feminine & Family Care | 3 | % | — | % | 1 | % | 4 | %"
2024-12-31,Total Company,organic_sales_growth,3.0,percent / percentage-point contribution,2025-01-22,https://www.sec.gov/Archives/edgar/data/80424/000008042425000013/pg-20241231.htm,sources/pg_2024-12-31_tables.json,"table 39, row 7 (zero-based)",Total Company | 2 | % | — | % | 1 | % | 3 | %
2025-03-31,Beauty,reported_volume_growth,0.0,percent / percentage-point contribution,2025-04-24,https://www.sec.gov/Archives/edgar/data/80424/000008042425000037/pg-20250331.htm,sources/pg_2025-03-31_tables.json,"table 34, row 3 (zero-based)",Beauty | — | % | 1 | % | (3) | % | 3 | % | (2) | % | — | % | (2) | %
2025-03-31,Beauty,organic_volume_growth,1.0,percent / percentage-point contribution,2025-04-24,https://www.sec.gov/Archives/edgar/data/80424/000008042425000037/pg-20250331.htm,sources/pg_2025-03-31_tables.json,"table 34, row 3 (zero-based)",Beauty | — | % | 1 | % | (3) | % | 3 | % | (2) | % | — | % | (2) | %
2025-03-31,Beauty,fx_contribution,-3.0,percent / percentage-point contribution,2025-04-24,https://www.sec.gov/Archives/edgar/data/80424/000008042425000037/pg-20250331.htm,sources/pg_2025-03-31_tables.json,"table 34, row 3 (zero-based)",Beauty | — | % | 1 | % | (3) | % | 3 | % | (2) | % | — | % | (2) | %
2025-03-31,Beauty,price_contribution,3.0,percent / percentage-point contribution,2025-04-24,https://www.sec.gov/Archives/edgar/data/80424/000008042425000037/pg-20250331.htm,sources/pg_2025-03-31_tables.json,"table 34, row 3 (zero-based)",Beauty | — | % | 1 | % | (3) | % | 3 | % | (2) | % | — | % | (2) | %
2025-03-31,Beauty,mix_contribution,-2.0,percent / percentage-point contribution,2025-04-24,https://www.sec.gov/Archives/edgar/data/80424/000008042425000037/pg-20250331.htm,sources/pg_2025-03-31_tables.json,"table 34, row 3 (zero-based)",Beauty | — | % | 1 | % | (3) | % | 3 | % | (2) | % | — | % | (2) | %
2025-03-31,Beauty,other_contribution,0.0,percent / percentage-point contribution,2025-04-24,https://www.sec.gov/Archives/edgar/data/80424/000008042425000037/pg-20250331.htm,sources/pg_2025-03-31_tables.json,"table 34, row 3 (zero-based)",Beauty | — | % | 1 | % | (3) | % | 3 | % | (2) | % | — | % | (2) | %
2025-03-31,Beauty,reported_sales_growth,-2.0,percent / percentage-point contribution,2025-04-24,https://www.sec.gov/Archives/edgar/data/80424/000008042425000037/pg-20250331.htm,sources/pg_2025-03-31_tables.json,"table 34, row 3 (zero-based)",Beauty | — | % | 1 | % | (3) | % | 3 | % | (2) | % | — | % | (2) | %
2025-03-31,Grooming,reported_volume_growth,1.0,percent / percentage-point contribution,2025-04-24,https://www.sec.gov/Archives/edgar/data/80424/000008042425000037/pg-20250331.htm,sources/pg_2025-03-31_tables.json,"table 34, row 4 (zero-based)",Grooming | 1 | % | 1 | % | (4) | % | 2 | % | — | % | (1) | % | (2) | %
2025-03-31,Grooming,organic_volume_growth,1.0,percent / percentage-point contribution,2025-04-24,https://www.sec.gov/Archives/edgar/data/80424/000008042425000037/pg-20250331.htm,sources/pg_2025-03-31_tables.json,"table 34, row 4 (zero-based)",Grooming | 1 | % | 1 | % | (4) | % | 2 | % | — | % | (1) | % | (2) | %
2025-03-31,Grooming,fx_contribution,-4.0,percent / percentage-point contribution,2025-04-24,https://www.sec.gov/Archives/edgar/data/80424/000008042425000037/pg-20250331.htm,sources/pg_2025-03-31_tables.json,"table 34, row 4 (zero-based)",Grooming | 1 | % | 1 | % | (4) | % | 2 | % | — | % | (1) | % | (2) | %
2025-03-31,Grooming,price_contribution,2.0,percent / percentage-point contribution,2025-04-24,https://www.sec.gov/Archives/edgar/data/80424/000008042425000037/pg-20250331.htm,sources/pg_2025-03-31_tables.json,"table 34, row 4 (zero-based)",Grooming | 1 | % | 1 | % | (4) | % | 2 | % | — | % | (1) | % | (2) | %
2025-03-31,Grooming,mix_contribution,0.0,percent / percentage-point contribution,2025-04-24,https://www.sec.gov/Archives/edgar/data/80424/000008042425000037/pg-20250331.htm,sources/pg_2025-03-31_tables.json,"table 34, row 4 (zero-based)",Grooming | 1 | % | 1 | % | (4) | % | 2 | % | — | % | (1) | % | (2) | %
2025-03-31,Grooming,other_contribution,-1.0,percent / percentage-point contribution,2025-04-24,https://www.sec.gov/Archives/edgar/data/80424/000008042425000037/pg-20250331.htm,sources/pg_2025-03-31_tables.json,"table 34, row 4 (zero-based)",Grooming | 1 | % | 1 | % | (4) | % | 2 | % | — | % | (1) | % | (2) | %
2025-03-31,Grooming,reported_sales_growth,-2.0,percent / percentage-point contribution,2025-04-24,https://www.sec.gov/Archives/edgar/data/80424/000008042425000037/pg-20250331.htm,sources/pg_2025-03-31_tables.json,"table 34, row 4 (zero-based)",Grooming | 1 | % | 1 | % | (4) | % | 2 | % | — | % | (1) | % | (2) | %
2025-03-31,Health Care,reported_volume_growth,-1.0,percent / percentage-point contribution,2025-04-24,https://www.sec.gov/Archives/edgar/data/80424/000008042425000037/pg-20250331.htm,sources/pg_2025-03-31_tables.json,"table 34, row 5 (zero-based)",Health Care | (1) | % | (1) | % | (3) | % | 1 | % | 3 | % | — | % | — | %
2025-03-31,Health Care,organic_volume_growth,-1.0,percent / percentage-point contribution,2025-04-24,https://www.sec.gov/Archives/edgar/data/80424/000008042425000037/pg-20250331.htm,sources/pg_2025-03-31_tables.json,"table 34, row 5 (zero-based)",Health Care | (1) | % | (1) | % | (3) | % | 1 | % | 3 | % | — | % | — | %
2025-03-31,Health Care,fx_contribution,-3.0,percent / percentage-point contribution,2025-04-24,https://www.sec.gov/Archives/edgar/data/80424/000008042425000037/pg-20250331.htm,sources/pg_2025-03-31_tables.json,"table 34, row 5 (zero-based)",Health Care | (1) | % | (1) | % | (3) | % | 1 | % | 3 | % | — | % | — | %
2025-03-31,Health Care,price_contribution,1.0,percent / percentage-point contribution,2025-04-24,https://www.sec.gov/Archives/edgar/data/80424/000008042425000037/pg-20250331.htm,sources/pg_2025-03-31_tables.json,"table 34, row 5 (zero-based)",Health Care | (1) | % | (1) | % | (3) | % | 1 | % | 3 | % | — | % | — | %
2025-03-31,Health Care,mix_contribution,3.0,percent / percentage-point contribution,2025-04-24,https://www.sec.gov/Archives/edgar/data/80424/000008042425000037/pg-20250331.htm,sources/pg_2025-03-31_tables.json,"table 34, row 5 (zero-based)",Health Care | (1) | % | (1) | % | (3) | % | 1 | % | 3 | % | — | % | — | %
2025-03-31,Health Care,other_contribution,0.0,percent / percentage-point contribution,2025-04-24,https://www.sec.gov/Archives/edgar/data/80424/000008042425000037/pg-20250331.htm,sources/pg_2025-03-31_tables.json,"table 34, row 5 (zero-based)",Health Care | (1) | % | (1) | % | (3) | % | 1 | % | 3 | % | — | % | — | %
2025-03-31,Health Care,reported_sales_growth,0.0,percent / percentage-point contribution,2025-04-24,https://www.sec.gov/Archives/edgar/data/80424/000008042425000037/pg-20250331.htm,sources/pg_2025-03-31_tables.json,"table 34, row 5 (zero-based)",Health Care | (1) | % | (1) | % | (3) | % | 1 | % | 3 | % | — | % | — | %
2025-03-31,Fabric & Home Care,reported_volume_growth,-1.0,percent / percentage-point contribution,2025-04-24,https://www.sec.gov/Archives/edgar/data/80424/000008042425000037/pg-20250331.htm,sources/pg_2025-03-31_tables.json,"table 34, row 6 (zero-based)",Fabric & Home Care | (1) | % | — | % | (2) | % | — | % | — | % | — | % | (3) | %
2025-03-31,Fabric & Home Care,organic_volume_growth,0.0,percent / percentage-point contribution,2025-04-24,https://www.sec.gov/Archives/edgar/data/80424/000008042425000037/pg-20250331.htm,sources/pg_2025-03-31_tables.json,"table 34, row 6 (zero-based)",Fabric & Home Care | (1) | % | — | % | (2) | % | — | % | — | % | — | % | (3) | %
2025-03-31,Fabric & Home Care,fx_contribution,-2.0,percent / percentage-point contribution,2025-04-24,https://www.sec.gov/Archives/edgar/data/80424/000008042425000037/pg-20250331.htm,sources/pg_2025-03-31_tables.json,"table 34, row 6 (zero-based)",Fabric & Home Care | (1) | % | — | % | (2) | % | — | % | — | % | — | % | (3) | %
2025-03-31,Fabric & Home Care,price_contribution,0.0,percent / percentage-point contribution,2025-04-24,https://www.sec.gov/Archives/edgar/data/80424/000008042425000037/pg-20250331.htm,sources/pg_2025-03-31_tables.json,"table 34, row 6 (zero-based)",Fabric & Home Care | (1) | % | — | % | (2) | % | — | % | — | % | — | % | (3) | %
2025-03-31,Fabric & Home Care,mix_contribution,0.0,percent / percentage-point contribution,2025-04-24,https://www.sec.gov/Archives/edgar/data/80424/000008042425000037/pg-20250331.htm,sources/pg_2025-03-31_tables.json,"table 34, row 6 (zero-based)",Fabric & Home Care | (1) | % | — | % | (2) | % | — | % | — | % | — | % | (3) | %
2025-03-31,Fabric & Home Care,other_contribution,0.0,percent / percentage-point contribution,2025-04-24,https://www.sec.gov/Archives/edgar/data/80424/000008042425000037/pg-20250331.htm,sources/pg_2025-03-31_tables.json,"table 34, row 6 (zero-based)",Fabric & Home Care | (1) | % | — | % | (2) | % | — | % | — | % | — | % | (3) | %
2025-03-31,Fabric & Home Care,reported_sales_growth,-3.0,percent / percentage-point contribution,2025-04-24,https://www.sec.gov/Archives/edgar/data/80424/000008042425000037/pg-20250331.htm,sources/pg_2025-03-31_tables.json,"table 34, row 6 (zero-based)",Fabric & Home Care | (1) | % | — | % | (2) | % | — | % | — | % | — | % | (3) | %
2025-03-31,"Baby, Feminine & Family Care",reported_volume_growth,-2.0,percent / percentage-point contribution,2025-04-24,https://www.sec.gov/Archives/edgar/data/80424/000008042425000037/pg-20250331.htm,sources/pg_2025-03-31_tables.json,"table 34, row 7 (zero-based)","Baby, Feminine & Family Care | (2) | % | (2) | % | (2) | % | — | % | 1 | % | (1) | % | (4) | %"
2025-03-31,"Baby, Feminine & Family Care",organic_volume_growth,-2.0,percent / percentage-point contribution,2025-04-24,https://www.sec.gov/Archives/edgar/data/80424/000008042425000037/pg-20250331.htm,sources/pg_2025-03-31_tables.json,"table 34, row 7 (zero-based)","Baby, Feminine & Family Care | (2) | % | (2) | % | (2) | % | — | % | 1 | % | (1) | % | (4) | %"
2025-03-31,"Baby, Feminine & Family Care",fx_contribution,-2.0,percent / percentage-point contribution,2025-04-24,https://www.sec.gov/Archives/edgar/data/80424/000008042425000037/pg-20250331.htm,sources/pg_2025-03-31_tables.json,"table 34, row 7 (zero-based)","Baby, Feminine & Family Care | (2) | % | (2) | % | (2) | % | — | % | 1 | % | (1) | % | (4) | %"
2025-03-31,"Baby, Feminine & Family Care",price_contribution,0.0,percent / percentage-point contribution,2025-04-24,https://www.sec.gov/Archives/edgar/data/80424/000008042425000037/pg-20250331.htm,sources/pg_2025-03-31_tables.json,"table 34, row 7 (zero-based)","Baby, Feminine & Family Care | (2) | % | (2) | % | (2) | % | — | % | 1 | % | (1) | % | (4) | %"
2025-03-31,"Baby, Feminine & Family Care",mix_contribution,1.0,percent / percentage-point contribution,2025-04-24,https://www.sec.gov/Archives/edgar/data/80424/000008042425000037/pg-20250331.htm,sources/pg_2025-03-31_tables.json,"table 34, row 7 (zero-based)","Baby, Feminine & Family Care | (2) | % | (2) | % | (2) | % | — | % | 1 | % | (1) | % | (4) | %"
2025-03-31,"Baby, Feminine & Family Care",other_contribution,-1.0,percent / percentage-point contribution,2025-04-24,https://www.sec.gov/Archives/edgar/data/80424/000008042425000037/pg-20250331.htm,sources/pg_2025-03-31_tables.json,"table 34, row 7 (zero-based)","Baby, Feminine & Family Care | (2) | % | (2) | % | (2) | % | — | % | 1 | % | (1) | % | (4) | %"
2025-03-31,"Baby, Feminine & Family Care",reported_sales_growth,-4.0,percent / percentage-point contribution,2025-04-24,https://www.sec.gov/Archives/edgar/data/80424/000008042425000037/pg-20250331.htm,sources/pg_2025-03-31_tables.json,"table 34, row 7 (zero-based)","Baby, Feminine & Family Care | (2) | % | (2) | % | (2) | % | — | % | 1 | % | (1) | % | (4) | %"
2025-03-31,Total Company,reported_volume_growth,-1.0,percent / percentage-point contribution,2025-04-24,https://www.sec.gov/Archives/edgar/data/80424/000008042425000037/pg-20250331.htm,sources/pg_2025-03-31_tables.json,"table 34, row 8 (zero-based)",Total Company | (1) | % | — | % | (2) | % | 1 | % | — | % | — | % | (2) | %
2025-03-31,Total Company,organic_volume_growth,0.0,percent / percentage-point contribution,2025-04-24,https://www.sec.gov/Archives/edgar/data/80424/000008042425000037/pg-20250331.htm,sources/pg_2025-03-31_tables.json,"table 34, row 8 (zero-based)",Total Company | (1) | % | — | % | (2) | % | 1 | % | — | % | — | % | (2) | %
2025-03-31,Total Company,fx_contribution,-2.0,percent / percentage-point contribution,2025-04-24,https://www.sec.gov/Archives/edgar/data/80424/000008042425000037/pg-20250331.htm,sources/pg_2025-03-31_tables.json,"table 34, row 8 (zero-based)",Total Company | (1) | % | — | % | (2) | % | 1 | % | — | % | — | % | (2) | %
2025-03-31,Total Company,price_contribution,1.0,percent / percentage-point contribution,2025-04-24,https://www.sec.gov/Archives/edgar/data/80424/000008042425000037/pg-20250331.htm,sources/pg_2025-03-31_tables.json,"table 34, row 8 (zero-based)",Total Company | (1) | % | — | % | (2) | % | 1 | % | — | % | — | % | (2) | %
2025-03-31,Total Company,mix_contribution,0.0,percent / percentage-point contribution,2025-04-24,https://www.sec.gov/Archives/edgar/data/80424/000008042425000037/pg-20250331.htm,sources/pg_2025-03-31_tables.json,"table 34, row 8 (zero-based)",Total Company | (1) | % | — | % | (2) | % | 1 | % | — | % | — | % | (2) | %
2025-03-31,Total Company,other_contribution,0.0,percent / percentage-point contribution,2025-04-24,https://www.sec.gov/Archives/edgar/data/80424/000008042425000037/pg-20250331.htm,sources/pg_2025-03-31_tables.json,"table 34, row 8 (zero-based)",Total Company | (1) | % | — | % | (2) | % | 1 | % | — | % | — | % | (2) | %
2025-03-31,Total Company,reported_sales_growth,-2.0,percent / percentage-point contribution,2025-04-24,https://www.sec.gov/Archives/edgar/data/80424/000008042425000037/pg-20250331.htm,sources/pg_2025-03-31_tables.json,"table 34, row 8 (zero-based)",Total Company | (1) | % | — | % | (2) | % | 1 | % | — | % | — | % | (2) | %
2025-03-31,Beauty,net_sales,3490.0,USD million,2025-04-24,https://www.sec.gov/Archives/edgar/data/80424/000008042425000037/pg-20250331.htm,sources/pg_2025-03-31_tables.json,"table 37, row 3 (zero-based)","Beauty | $ | 3,490 | (2) | % | $ | 684 | (9) | % | $ | 539 | (8) | %"
2025-03-31,Grooming,net_sales,1505.0,USD million,2025-04-24,https://www.sec.gov/Archives/edgar/data/80424/000008042425000037/pg-20250331.htm,sources/pg_2025-03-31_tables.json,"table 37, row 4 (zero-based)","Grooming | 1,505 | (2) | % | 404 | 7 | % | 321 | 6 | %"
2025-03-31,Health Care,net_sales,2880.0,USD million,2025-04-24,https://www.sec.gov/Archives/edgar/data/80424/000008042425000037/pg-20250331.htm,sources/pg_2025-03-31_tables.json,"table 37, row 5 (zero-based)","Health Care | 2,880 | — | % | 734 | 7 | % | 569 | 8 | %"
2025-03-31,Fabric & Home Care,net_sales,6948.0,USD million,2025-04-24,https://www.sec.gov/Archives/edgar/data/80424/000008042425000037/pg-20250331.htm,sources/pg_2025-03-31_tables.json,"table 37, row 6 (zero-based)","Fabric & Home Care | 6,948 | (3) | % | 1,642 | (3) | % | 1,285 | (1) | %"
2025-03-31,"Baby, Feminine & Family Care",net_sales,4755.0,USD million,2025-04-24,https://www.sec.gov/Archives/edgar/data/80424/000008042425000037/pg-20250331.htm,sources/pg_2025-03-31_tables.json,"table 37, row 7 (zero-based)","Baby, Feminine & Family Care | 4,755 | (4) | % | 1,150 | (11) | % | 880 | (12) | %"
2025-03-31,Corporate,net_sales,198.0,USD million,2025-04-24,https://www.sec.gov/Archives/edgar/data/80424/000008042425000037/pg-20250331.htm,sources/pg_2025-03-31_tables.json,"table 37, row 8 (zero-based)",Corporate | 198 | N/A | 48 | N/A | 200 | N/A
2025-03-31,Total Company,net_sales,19776.0,USD million,2025-04-24,https://www.sec.gov/Archives/edgar/data/80424/000008042425000037/pg-20250331.htm,sources/pg_2025-03-31_tables.json,"table 37, row 9 (zero-based)","Total Company | $ | 19,776 | (2) | % | $ | 4,661 | 2 | % | $ | 3,793 | — | %"
2025-03-31,Beauty,organic_sales_growth,2.0,percent / percentage-point contribution,2025-04-24,https://www.sec.gov/Archives/edgar/data/80424/000008042425000037/pg-20250331.htm,sources/pg_2025-03-31_tables.json,"table 38, row 2 (zero-based)",Beauty | (2) | % | 3 | % | 1 | % | 2 | %
2025-03-31,Grooming,organic_sales_growth,3.0,percent / percentage-point contribution,2025-04-24,https://www.sec.gov/Archives/edgar/data/80424/000008042425000037/pg-20250331.htm,sources/pg_2025-03-31_tables.json,"table 38, row 3 (zero-based)",Grooming | (2) | % | 4 | % | 1 | % | 3 | %
2025-03-31,Health Care,organic_sales_growth,4.0,percent / percentage-point contribution,2025-04-24,https://www.sec.gov/Archives/edgar/data/80424/000008042425000037/pg-20250331.htm,sources/pg_2025-03-31_tables.json,"table 38, row 4 (zero-based)",Health Care | — | % | 3 | % | 1 | % | 4 | %
2025-03-31,Fabric & Home Care,organic_sales_growth,0.0,percent / percentage-point contribution,2025-04-24,https://www.sec.gov/Archives/edgar/data/80424/000008042425000037/pg-20250331.htm,sources/pg_2025-03-31_tables.json,"table 38, row 5 (zero-based)",Fabric & Home Care | (3) | % | 2 | % | 1 | % | — | %
2025-03-31,"Baby, Feminine & Family Care",organic_sales_growth,-1.0,percent / percentage-point contribution,2025-04-24,https://www.sec.gov/Archives/edgar/data/80424/000008042425000037/pg-20250331.htm,sources/pg_2025-03-31_tables.json,"table 38, row 6 (zero-based)","Baby, Feminine & Family Care | (4) | % | 2 | % | 1 | % | (1) | %"
2025-03-31,Total Company,organic_sales_growth,1.0,percent / percentage-point contribution,2025-04-24,https://www.sec.gov/Archives/edgar/data/80424/000008042425000037/pg-20250331.htm,sources/pg_2025-03-31_tables.json,"table 38, row 7 (zero-based)",Total Company | (2) | % | 2 | % | 1 | % | 1 | %
2025-06-30,Beauty,reported_volume_growth,1.0,percent / percentage-point contribution,2025-07-29,https://www.pginvestor.com/news/news-details/2025/PG-Announces-Fourth-Quarter-and-Fiscal-Year-2025-Results/default.aspx,sources/release_2025-06-30_tables.json,"table 1, row 2 (zero-based)",Beauty | 1% | (1)% | 1% | (1)% | —% | —% | 1% | 1%
2025-06-30,Beauty,fx_contribution,-1.0,percent / percentage-point contribution,2025-07-29,https://www.pginvestor.com/news/news-details/2025/PG-Announces-Fourth-Quarter-and-Fiscal-Year-2025-Results/default.aspx,sources/release_2025-06-30_tables.json,"table 1, row 2 (zero-based)",Beauty | 1% | (1)% | 1% | (1)% | —% | —% | 1% | 1%
2025-06-30,Beauty,price_contribution,1.0,percent / percentage-point contribution,2025-07-29,https://www.pginvestor.com/news/news-details/2025/PG-Announces-Fourth-Quarter-and-Fiscal-Year-2025-Results/default.aspx,sources/release_2025-06-30_tables.json,"table 1, row 2 (zero-based)",Beauty | 1% | (1)% | 1% | (1)% | —% | —% | 1% | 1%
2025-06-30,Beauty,mix_contribution,-1.0,percent / percentage-point contribution,2025-07-29,https://www.pginvestor.com/news/news-details/2025/PG-Announces-Fourth-Quarter-and-Fiscal-Year-2025-Results/default.aspx,sources/release_2025-06-30_tables.json,"table 1, row 2 (zero-based)",Beauty | 1% | (1)% | 1% | (1)% | —% | —% | 1% | 1%
2025-06-30,Beauty,other_contribution,0.0,percent / percentage-point contribution,2025-07-29,https://www.pginvestor.com/news/news-details/2025/PG-Announces-Fourth-Quarter-and-Fiscal-Year-2025-Results/default.aspx,sources/release_2025-06-30_tables.json,"table 1, row 2 (zero-based)",Beauty | 1% | (1)% | 1% | (1)% | —% | —% | 1% | 1%
2025-06-30,Beauty,reported_sales_growth,0.0,percent / percentage-point contribution,2025-07-29,https://www.pginvestor.com/news/news-details/2025/PG-Announces-Fourth-Quarter-and-Fiscal-Year-2025-Results/default.aspx,sources/release_2025-06-30_tables.json,"table 1, row 2 (zero-based)",Beauty | 1% | (1)% | 1% | (1)% | —% | —% | 1% | 1%
2025-06-30,Beauty,organic_volume_growth,1.0,percent / percentage-point contribution,2025-07-29,https://www.pginvestor.com/news/news-details/2025/PG-Announces-Fourth-Quarter-and-Fiscal-Year-2025-Results/default.aspx,sources/release_2025-06-30_tables.json,"table 1, row 2 (zero-based)",Beauty | 1% | (1)% | 1% | (1)% | —% | —% | 1% | 1%
2025-06-30,Beauty,organic_sales_growth,1.0,percent / percentage-point contribution,2025-07-29,https://www.pginvestor.com/news/news-details/2025/PG-Announces-Fourth-Quarter-and-Fiscal-Year-2025-Results/default.aspx,sources/release_2025-06-30_tables.json,"table 1, row 2 (zero-based)",Beauty | 1% | (1)% | 1% | (1)% | —% | —% | 1% | 1%
2025-06-30,Grooming,reported_volume_growth,0.0,percent / percentage-point contribution,2025-07-29,https://www.pginvestor.com/news/news-details/2025/PG-Announces-Fourth-Quarter-and-Fiscal-Year-2025-Results/default.aspx,sources/release_2025-06-30_tables.json,"table 1, row 3 (zero-based)",Grooming | —% | —% | 4% | (1)% | (1)% | 2% | (1)% | 1%
2025-06-30,Grooming,fx_contribution,0.0,percent / percentage-point contribution,2025-07-29,https://www.pginvestor.com/news/news-details/2025/PG-Announces-Fourth-Quarter-and-Fiscal-Year-2025-Results/default.aspx,sources/release_2025-06-30_tables.json,"table 1, row 3 (zero-based)",Grooming | —% | —% | 4% | (1)% | (1)% | 2% | (1)% | 1%
2025-06-30,Grooming,price_contribution,4.0,percent / percentage-point contribution,2025-07-29,https://www.pginvestor.com/news/news-details/2025/PG-Announces-Fourth-Quarter-and-Fiscal-Year-2025-Results/default.aspx,sources/release_2025-06-30_tables.json,"table 1, row 3 (zero-based)",Grooming | —% | —% | 4% | (1)% | (1)% | 2% | (1)% | 1%
2025-06-30,Grooming,mix_contribution,-1.0,percent / percentage-point contribution,2025-07-29,https://www.pginvestor.com/news/news-details/2025/PG-Announces-Fourth-Quarter-and-Fiscal-Year-2025-Results/default.aspx,sources/release_2025-06-30_tables.json,"table 1, row 3 (zero-based)",Grooming | —% | —% | 4% | (1)% | (1)% | 2% | (1)% | 1%
2025-06-30,Grooming,other_contribution,-1.0,percent / percentage-point contribution,2025-07-29,https://www.pginvestor.com/news/news-details/2025/PG-Announces-Fourth-Quarter-and-Fiscal-Year-2025-Results/default.aspx,sources/release_2025-06-30_tables.json,"table 1, row 3 (zero-based)",Grooming | —% | —% | 4% | (1)% | (1)% | 2% | (1)% | 1%
2025-06-30,Grooming,reported_sales_growth,2.0,percent / percentage-point contribution,2025-07-29,https://www.pginvestor.com/news/news-details/2025/PG-Announces-Fourth-Quarter-and-Fiscal-Year-2025-Results/default.aspx,sources/release_2025-06-30_tables.json,"table 1, row 3 (zero-based)",Grooming | —% | —% | 4% | (1)% | (1)% | 2% | (1)% | 1%
2025-06-30,Grooming,organic_volume_growth,-1.0,percent / percentage-point contribution,2025-07-29,https://www.pginvestor.com/news/news-details/2025/PG-Announces-Fourth-Quarter-and-Fiscal-Year-2025-Results/default.aspx,sources/release_2025-06-30_tables.json,"table 1, row 3 (zero-based)",Grooming | —% | —% | 4% | (1)% | (1)% | 2% | (1)% | 1%
2025-06-30,Grooming,organic_sales_growth,1.0,percent / percentage-point contribution,2025-07-29,https://www.pginvestor.com/news/news-details/2025/PG-Announces-Fourth-Quarter-and-Fiscal-Year-2025-Results/default.aspx,sources/release_2025-06-30_tables.json,"table 1, row 3 (zero-based)",Grooming | —% | —% | 4% | (1)% | (1)% | 2% | (1)% | 1%
2025-06-30,Health Care,reported_volume_growth,-2.0,percent / percentage-point contribution,2025-07-29,https://www.pginvestor.com/news/news-details/2025/PG-Announces-Fourth-Quarter-and-Fiscal-Year-2025-Results/default.aspx,sources/release_2025-06-30_tables.json,"table 1, row 4 (zero-based)",Health Care | (2)% | —% | 1% | 3% | —% | 2% | (2)% | 2%
2025-06-30,Health Care,fx_contribution,0.0,percent / percentage-point contribution,2025-07-29,https://www.pginvestor.com/news/news-details/2025/PG-Announces-Fourth-Quarter-and-Fiscal-Year-2025-Results/default.aspx,sources/release_2025-06-30_tables.json,"table 1, row 4 (zero-based)",Health Care | (2)% | —% | 1% | 3% | —% | 2% | (2)% | 2%
2025-06-30,Health Care,price_contribution,1.0,percent / percentage-point contribution,2025-07-29,https://www.pginvestor.com/news/news-details/2025/PG-Announces-Fourth-Quarter-and-Fiscal-Year-2025-Results/default.aspx,sources/release_2025-06-30_tables.json,"table 1, row 4 (zero-based)",Health Care | (2)% | —% | 1% | 3% | —% | 2% | (2)% | 2%
2025-06-30,Health Care,mix_contribution,3.0,percent / percentage-point contribution,2025-07-29,https://www.pginvestor.com/news/news-details/2025/PG-Announces-Fourth-Quarter-and-Fiscal-Year-2025-Results/default.aspx,sources/release_2025-06-30_tables.json,"table 1, row 4 (zero-based)",Health Care | (2)% | —% | 1% | 3% | —% | 2% | (2)% | 2%
2025-06-30,Health Care,other_contribution,0.0,percent / percentage-point contribution,2025-07-29,https://www.pginvestor.com/news/news-details/2025/PG-Announces-Fourth-Quarter-and-Fiscal-Year-2025-Results/default.aspx,sources/release_2025-06-30_tables.json,"table 1, row 4 (zero-based)",Health Care | (2)% | —% | 1% | 3% | —% | 2% | (2)% | 2%
2025-06-30,Health Care,reported_sales_growth,2.0,percent / percentage-point contribution,2025-07-29,https://www.pginvestor.com/news/news-details/2025/PG-Announces-Fourth-Quarter-and-Fiscal-Year-2025-Results/default.aspx,sources/release_2025-06-30_tables.json,"table 1, row 4 (zero-based)",Health Care | (2)% | —% | 1% | 3% | —% | 2% | (2)% | 2%
2025-06-30,Health Care,organic_volume_growth,-2.0,percent / percentage-point contribution,2025-07-29,https://www.pginvestor.com/news/news-details/2025/PG-Announces-Fourth-Quarter-and-Fiscal-Year-2025-Results/default.aspx,sources/release_2025-06-30_tables.json,"table 1, row 4 (zero-based)",Health Care | (2)% | —% | 1% | 3% | —% | 2% | (2)% | 2%
2025-06-30,Health Care,organic_sales_growth,2.0,percent / percentage-point contribution,2025-07-29,https://www.pginvestor.com/news/news-details/2025/PG-Announces-Fourth-Quarter-and-Fiscal-Year-2025-Results/default.aspx,sources/release_2025-06-30_tables.json,"table 1, row 4 (zero-based)",Health Care | (2)% | —% | 1% | 3% | —% | 2% | (2)% | 2%
2025-06-30,Fabric & Home Care,reported_volume_growth,0.0,percent / percentage-point contribution,2025-07-29,https://www.pginvestor.com/news/news-details/2025/PG-Announces-Fourth-Quarter-and-Fiscal-Year-2025-Results/default.aspx,sources/release_2025-06-30_tables.json,"table 1, row 5 (zero-based)",Fabric & Home Care | —% | 1% | 1% | —% | —% | 2% | —% | 1%
2025-06-30,Fabric & Home Care,fx_contribution,1.0,percent / percentage-point contribution,2025-07-29,https://www.pginvestor.com/news/news-details/2025/PG-Announces-Fourth-Quarter-and-Fiscal-Year-2025-Results/default.aspx,sources/release_2025-06-30_tables.json,"table 1, row 5 (zero-based)",Fabric & Home Care | —% | 1% | 1% | —% | —% | 2% | —% | 1%
2025-06-30,Fabric & Home Care,price_contribution,1.0,percent / percentage-point contribution,2025-07-29,https://www.pginvestor.com/news/news-details/2025/PG-Announces-Fourth-Quarter-and-Fiscal-Year-2025-Results/default.aspx,sources/release_2025-06-30_tables.json,"table 1, row 5 (zero-based)",Fabric & Home Care | —% | 1% | 1% | —% | —% | 2% | —% | 1%
2025-06-30,Fabric & Home Care,mix_contribution,0.0,percent / percentage-point contribution,2025-07-29,https://www.pginvestor.com/news/news-details/2025/PG-Announces-Fourth-Quarter-and-Fiscal-Year-2025-Results/default.aspx,sources/release_2025-06-30_tables.json,"table 1, row 5 (zero-based)",Fabric & Home Care | —% | 1% | 1% | —% | —% | 2% | —% | 1%
2025-06-30,Fabric & Home Care,other_contribution,0.0,percent / percentage-point contribution,2025-07-29,https://www.pginvestor.com/news/news-details/2025/PG-Announces-Fourth-Quarter-and-Fiscal-Year-2025-Results/default.aspx,sources/release_2025-06-30_tables.json,"table 1, row 5 (zero-based)",Fabric & Home Care | —% | 1% | 1% | —% | —% | 2% | —% | 1%
2025-06-30,Fabric & Home Care,reported_sales_growth,2.0,percent / percentage-point contribution,2025-07-29,https://www.pginvestor.com/news/news-details/2025/PG-Announces-Fourth-Quarter-and-Fiscal-Year-2025-Results/default.aspx,sources/release_2025-06-30_tables.json,"table 1, row 5 (zero-based)",Fabric & Home Care | —% | 1% | 1% | —% | —% | 2% | —% | 1%
2025-06-30,Fabric & Home Care,organic_volume_growth,0.0,percent / percentage-point contribution,2025-07-29,https://www.pginvestor.com/news/news-details/2025/PG-Announces-Fourth-Quarter-and-Fiscal-Year-2025-Results/default.aspx,sources/release_2025-06-30_tables.json,"table 1, row 5 (zero-based)",Fabric & Home Care | —% | 1% | 1% | —% | —% | 2% | —% | 1%
2025-06-30,Fabric & Home Care,organic_sales_growth,1.0,percent / percentage-point contribution,2025-07-29,https://www.pginvestor.com/news/news-details/2025/PG-Announces-Fourth-Quarter-and-Fiscal-Year-2025-Results/default.aspx,sources/release_2025-06-30_tables.json,"table 1, row 5 (zero-based)",Fabric & Home Care | —% | 1% | 1% | —% | —% | 2% | —% | 1%
2025-06-30,"Baby, Feminine & Family Care",reported_volume_growth,0.0,percent / percentage-point contribution,2025-07-29,https://www.pginvestor.com/news/news-details/2025/PG-Announces-Fourth-Quarter-and-Fiscal-Year-2025-Results/default.aspx,sources/release_2025-06-30_tables.json,"table 1, row 6 (zero-based)","Baby, Feminine & Family Care | —% | 1% | 1% | —% | —% | 2% | —% | 1%"
2025-06-30,"Baby, Feminine & Family Care",fx_contribution,1.0,percent / percentage-point contribution,2025-07-29,https://www.pginvestor.com/news/news-details/2025/PG-Announces-Fourth-Quarter-and-Fiscal-Year-2025-Results/default.aspx,sources/release_2025-06-30_tables.json,"table 1, row 6 (zero-based)","Baby, Feminine & Family Care | —% | 1% | 1% | —% | —% | 2% | —% | 1%"
2025-06-30,"Baby, Feminine & Family Care",price_contribution,1.0,percent / percentage-point contribution,2025-07-29,https://www.pginvestor.com/news/news-details/2025/PG-Announces-Fourth-Quarter-and-Fiscal-Year-2025-Results/default.aspx,sources/release_2025-06-30_tables.json,"table 1, row 6 (zero-based)","Baby, Feminine & Family Care | —% | 1% | 1% | —% | —% | 2% | —% | 1%"
2025-06-30,"Baby, Feminine & Family Care",mix_contribution,0.0,percent / percentage-point contribution,2025-07-29,https://www.pginvestor.com/news/news-details/2025/PG-Announces-Fourth-Quarter-and-Fiscal-Year-2025-Results/default.aspx,sources/release_2025-06-30_tables.json,"table 1, row 6 (zero-based)","Baby, Feminine & Family Care | —% | 1% | 1% | —% | —% | 2% | —% | 1%"
2025-06-30,"Baby, Feminine & Family Care",other_contribution,0.0,percent / percentage-point contribution,2025-07-29,https://www.pginvestor.com/news/news-details/2025/PG-Announces-Fourth-Quarter-and-Fiscal-Year-2025-Results/default.aspx,sources/release_2025-06-30_tables.json,"table 1, row 6 (zero-based)","Baby, Feminine & Family Care | —% | 1% | 1% | —% | —% | 2% | —% | 1%"
2025-06-30,"Baby, Feminine & Family Care",reported_sales_growth,2.0,percent / percentage-point contribution,2025-07-29,https://www.pginvestor.com/news/news-details/2025/PG-Announces-Fourth-Quarter-and-Fiscal-Year-2025-Results/default.aspx,sources/release_2025-06-30_tables.json,"table 1, row 6 (zero-based)","Baby, Feminine & Family Care | —% | 1% | 1% | —% | —% | 2% | —% | 1%"
2025-06-30,"Baby, Feminine & Family Care",organic_volume_growth,0.0,percent / percentage-point contribution,2025-07-29,https://www.pginvestor.com/news/news-details/2025/PG-Announces-Fourth-Quarter-and-Fiscal-Year-2025-Results/default.aspx,sources/release_2025-06-30_tables.json,"table 1, row 6 (zero-based)","Baby, Feminine & Family Care | —% | 1% | 1% | —% | —% | 2% | —% | 1%"
2025-06-30,"Baby, Feminine & Family Care",organic_sales_growth,1.0,percent / percentage-point contribution,2025-07-29,https://www.pginvestor.com/news/news-details/2025/PG-Announces-Fourth-Quarter-and-Fiscal-Year-2025-Results/default.aspx,sources/release_2025-06-30_tables.json,"table 1, row 6 (zero-based)","Baby, Feminine & Family Care | —% | 1% | 1% | —% | —% | 2% | —% | 1%"
2025-06-30,Total Company,reported_volume_growth,0.0,percent / percentage-point contribution,2025-07-29,https://www.pginvestor.com/news/news-details/2025/PG-Announces-Fourth-Quarter-and-Fiscal-Year-2025-Results/default.aspx,sources/release_2025-06-30_tables.json,"table 1, row 7 (zero-based)",Total P&G | —% | —% | 1% | 1% | —% | 2% | —% | 2%
2025-06-30,Total Company,fx_contribution,0.0,percent / percentage-point contribution,2025-07-29,https://www.pginvestor.com/news/news-details/2025/PG-Announces-Fourth-Quarter-and-Fiscal-Year-2025-Results/default.aspx,sources/release_2025-06-30_tables.json,"table 1, row 7 (zero-based)",Total P&G | —% | —% | 1% | 1% | —% | 2% | —% | 2%
2025-06-30,Total Company,price_contribution,1.0,percent / percentage-point contribution,2025-07-29,https://www.pginvestor.com/news/news-details/2025/PG-Announces-Fourth-Quarter-and-Fiscal-Year-2025-Results/default.aspx,sources/release_2025-06-30_tables.json,"table 1, row 7 (zero-based)",Total P&G | —% | —% | 1% | 1% | —% | 2% | —% | 2%
2025-06-30,Total Company,mix_contribution,1.0,percent / percentage-point contribution,2025-07-29,https://www.pginvestor.com/news/news-details/2025/PG-Announces-Fourth-Quarter-and-Fiscal-Year-2025-Results/default.aspx,sources/release_2025-06-30_tables.json,"table 1, row 7 (zero-based)",Total P&G | —% | —% | 1% | 1% | —% | 2% | —% | 2%
2025-06-30,Total Company,other_contribution,0.0,percent / percentage-point contribution,2025-07-29,https://www.pginvestor.com/news/news-details/2025/PG-Announces-Fourth-Quarter-and-Fiscal-Year-2025-Results/default.aspx,sources/release_2025-06-30_tables.json,"table 1, row 7 (zero-based)",Total P&G | —% | —% | 1% | 1% | —% | 2% | —% | 2%
2025-06-30,Total Company,reported_sales_growth,2.0,percent / percentage-point contribution,2025-07-29,https://www.pginvestor.com/news/news-details/2025/PG-Announces-Fourth-Quarter-and-Fiscal-Year-2025-Results/default.aspx,sources/release_2025-06-30_tables.json,"table 1, row 7 (zero-based)",Total P&G | —% | —% | 1% | 1% | —% | 2% | —% | 2%
2025-06-30,Total Company,organic_volume_growth,0.0,percent / percentage-point contribution,2025-07-29,https://www.pginvestor.com/news/news-details/2025/PG-Announces-Fourth-Quarter-and-Fiscal-Year-2025-Results/default.aspx,sources/release_2025-06-30_tables.json,"table 1, row 7 (zero-based)",Total P&G | —% | —% | 1% | 1% | —% | 2% | —% | 2%
2025-06-30,Total Company,organic_sales_growth,2.0,percent / percentage-point contribution,2025-07-29,https://www.pginvestor.com/news/news-details/2025/PG-Announces-Fourth-Quarter-and-Fiscal-Year-2025-Results/default.aspx,sources/release_2025-06-30_tables.json,"table 1, row 7 (zero-based)",Total P&G | —% | —% | 1% | 1% | —% | 2% | —% | 2%
2025-06-30,Beauty,net_sales,3733.0,USD million,2025-07-29,https://www.pginvestor.com/news/news-details/2025/PG-Announces-Fourth-Quarter-and-Fiscal-Year-2025-Results/default.aspx,sources/release_2025-06-30_tables.json,"table 3, row 3 (zero-based)","Beauty | $3,733 | —% | $708 | 3% | $557 | 4%"
2025-06-30,Grooming,net_sales,1683.0,USD million,2025-07-29,https://www.pginvestor.com/news/news-details/2025/PG-Announces-Fourth-Quarter-and-Fiscal-Year-2025-Results/default.aspx,sources/release_2025-06-30_tables.json,"table 3, row 4 (zero-based)","Grooming | 1,683 | 2% | 458 | 16% | 371 | 19%"
2025-06-30,Health Care,net_sales,2722.0,USD million,2025-07-29,https://www.pginvestor.com/news/news-details/2025/PG-Announces-Fourth-Quarter-and-Fiscal-Year-2025-Results/default.aspx,sources/release_2025-06-30_tables.json,"table 3, row 5 (zero-based)","Health Care | 2,722 | 2% | 487 | 12% | 372 | 14%"
2025-06-30,Fabric & Home Care,net_sales,7385.0,USD million,2025-07-29,https://www.pginvestor.com/news/news-details/2025/PG-Announces-Fourth-Quarter-and-Fiscal-Year-2025-Results/default.aspx,sources/release_2025-06-30_tables.json,"table 3, row 6 (zero-based)","Fabric & Home Care | 7,385 | 2% | 1,751 | 10% | 1,375 | 11%"
2025-06-30,"Baby, Feminine & Family Care",net_sales,5093.0,USD million,2025-07-29,https://www.pginvestor.com/news/news-details/2025/PG-Announces-Fourth-Quarter-and-Fiscal-Year-2025-Results/default.aspx,sources/release_2025-06-30_tables.json,"table 3, row 7 (zero-based)","Baby, Feminine & Family Care | 5,093 | 2% | 1,217 | 10% | 948 | 12%"
2025-06-30,Corporate,net_sales,274.0,USD million,2025-07-29,https://www.pginvestor.com/news/news-details/2025/PG-Announces-Fourth-Quarter-and-Fiscal-Year-2025-Results/default.aspx,sources/release_2025-06-30_tables.json,"table 3, row 8 (zero-based)",Corporate | 274 | N/A | (100) | N/A | 4 | N/A
2025-06-30,Total Company,net_sales,20889.0,USD million,2025-07-29,https://www.pginvestor.com/news/news-details/2025/PG-Announces-Fourth-Quarter-and-Fiscal-Year-2025-Results/default.aspx,sources/release_2025-06-30_tables.json,"table 3, row 9 (zero-based)","TOTAL | $20,889 | 2% | $4,521 | 17% | $3,626 | 15%"
2025-09-30,Beauty,reported_volume_growth,4.0,percent / percentage-point contribution,2025-10-24,https://www.sec.gov/Archives/edgar/data/80424/000008042425000245/pg-20250930.htm,sources/pg_2025-09-30_tables.json,"table 33, row 3 (zero-based)",Beauty | 4 | % | 4 | % | 1 | % | 2 | % | (1) | % | — | % | 6 | %
2025-09-30,Beauty,organic_volume_growth,4.0,percent / percentage-point contribution,2025-10-24,https://www.sec.gov/Archives/edgar/data/80424/000008042425000245/pg-20250930.htm,sources/pg_2025-09-30_tables.json,"table 33, row 3 (zero-based)",Beauty | 4 | % | 4 | % | 1 | % | 2 | % | (1) | % | — | % | 6 | %
2025-09-30,Beauty,fx_contribution,1.0,percent / percentage-point contribution,2025-10-24,https://www.sec.gov/Archives/edgar/data/80424/000008042425000245/pg-20250930.htm,sources/pg_2025-09-30_tables.json,"table 33, row 3 (zero-based)",Beauty | 4 | % | 4 | % | 1 | % | 2 | % | (1) | % | — | % | 6 | %
2025-09-30,Beauty,price_contribution,2.0,percent / percentage-point contribution,2025-10-24,https://www.sec.gov/Archives/edgar/data/80424/000008042425000245/pg-20250930.htm,sources/pg_2025-09-30_tables.json,"table 33, row 3 (zero-based)",Beauty | 4 | % | 4 | % | 1 | % | 2 | % | (1) | % | — | % | 6 | %
2025-09-30,Beauty,mix_contribution,-1.0,percent / percentage-point contribution,2025-10-24,https://www.sec.gov/Archives/edgar/data/80424/000008042425000245/pg-20250930.htm,sources/pg_2025-09-30_tables.json,"table 33, row 3 (zero-based)",Beauty | 4 | % | 4 | % | 1 | % | 2 | % | (1) | % | — | % | 6 | %
2025-09-30,Beauty,other_contribution,0.0,percent / percentage-point contribution,2025-10-24,https://www.sec.gov/Archives/edgar/data/80424/000008042425000245/pg-20250930.htm,sources/pg_2025-09-30_tables.json,"table 33, row 3 (zero-based)",Beauty | 4 | % | 4 | % | 1 | % | 2 | % | (1) | % | — | % | 6 | %
2025-09-30,Beauty,reported_sales_growth,6.0,percent / percentage-point contribution,2025-10-24,https://www.sec.gov/Archives/edgar/data/80424/000008042425000245/pg-20250930.htm,sources/pg_2025-09-30_tables.json,"table 33, row 3 (zero-based)",Beauty | 4 | % | 4 | % | 1 | % | 2 | % | (1) | % | — | % | 6 | %
2025-09-30,Grooming,reported_volume_growth,1.0,percent / percentage-point contribution,2025-10-24,https://www.sec.gov/Archives/edgar/data/80424/000008042425000245/pg-20250930.htm,sources/pg_2025-09-30_tables.json,"table 33, row 4 (zero-based)",Grooming | 1 | % | 1 | % | 2 | % | 4 | % | (2) | % | — | % | 5 | %
2025-09-30,Grooming,organic_volume_growth,1.0,percent / percentage-point contribution,2025-10-24,https://www.sec.gov/Archives/edgar/data/80424/000008042425000245/pg-20250930.htm,sources/pg_2025-09-30_tables.json,"table 33, row 4 (zero-based)",Grooming | 1 | % | 1 | % | 2 | % | 4 | % | (2) | % | — | % | 5 | %
2025-09-30,Grooming,fx_contribution,2.0,percent / percentage-point contribution,2025-10-24,https://www.sec.gov/Archives/edgar/data/80424/000008042425000245/pg-20250930.htm,sources/pg_2025-09-30_tables.json,"table 33, row 4 (zero-based)",Grooming | 1 | % | 1 | % | 2 | % | 4 | % | (2) | % | — | % | 5 | %
2025-09-30,Grooming,price_contribution,4.0,percent / percentage-point contribution,2025-10-24,https://www.sec.gov/Archives/edgar/data/80424/000008042425000245/pg-20250930.htm,sources/pg_2025-09-30_tables.json,"table 33, row 4 (zero-based)",Grooming | 1 | % | 1 | % | 2 | % | 4 | % | (2) | % | — | % | 5 | %
2025-09-30,Grooming,mix_contribution,-2.0,percent / percentage-point contribution,2025-10-24,https://www.sec.gov/Archives/edgar/data/80424/000008042425000245/pg-20250930.htm,sources/pg_2025-09-30_tables.json,"table 33, row 4 (zero-based)",Grooming | 1 | % | 1 | % | 2 | % | 4 | % | (2) | % | — | % | 5 | %
2025-09-30,Grooming,other_contribution,0.0,percent / percentage-point contribution,2025-10-24,https://www.sec.gov/Archives/edgar/data/80424/000008042425000245/pg-20250930.htm,sources/pg_2025-09-30_tables.json,"table 33, row 4 (zero-based)",Grooming | 1 | % | 1 | % | 2 | % | 4 | % | (2) | % | — | % | 5 | %
2025-09-30,Grooming,reported_sales_growth,5.0,percent / percentage-point contribution,2025-10-24,https://www.sec.gov/Archives/edgar/data/80424/000008042425000245/pg-20250930.htm,sources/pg_2025-09-30_tables.json,"table 33, row 4 (zero-based)",Grooming | 1 | % | 1 | % | 2 | % | 4 | % | (2) | % | — | % | 5 | %
2025-09-30,Health Care,reported_volume_growth,-2.0,percent / percentage-point contribution,2025-10-24,https://www.sec.gov/Archives/edgar/data/80424/000008042425000245/pg-20250930.htm,sources/pg_2025-09-30_tables.json,"table 33, row 5 (zero-based)",Health Care | (2) | % | (2) | % | 1 | % | 1 | % | 2 | % | — | % | 2 | %
2025-09-30,Health Care,organic_volume_growth,-2.0,percent / percentage-point contribution,2025-10-24,https://www.sec.gov/Archives/edgar/data/80424/000008042425000245/pg-20250930.htm,sources/pg_2025-09-30_tables.json,"table 33, row 5 (zero-based)",Health Care | (2) | % | (2) | % | 1 | % | 1 | % | 2 | % | — | % | 2 | %
2025-09-30,Health Care,fx_contribution,1.0,percent / percentage-point contribution,2025-10-24,https://www.sec.gov/Archives/edgar/data/80424/000008042425000245/pg-20250930.htm,sources/pg_2025-09-30_tables.json,"table 33, row 5 (zero-based)",Health Care | (2) | % | (2) | % | 1 | % | 1 | % | 2 | % | — | % | 2 | %
2025-09-30,Health Care,price_contribution,1.0,percent / percentage-point contribution,2025-10-24,https://www.sec.gov/Archives/edgar/data/80424/000008042425000245/pg-20250930.htm,sources/pg_2025-09-30_tables.json,"table 33, row 5 (zero-based)",Health Care | (2) | % | (2) | % | 1 | % | 1 | % | 2 | % | — | % | 2 | %
2025-09-30,Health Care,mix_contribution,2.0,percent / percentage-point contribution,2025-10-24,https://www.sec.gov/Archives/edgar/data/80424/000008042425000245/pg-20250930.htm,sources/pg_2025-09-30_tables.json,"table 33, row 5 (zero-based)",Health Care | (2) | % | (2) | % | 1 | % | 1 | % | 2 | % | — | % | 2 | %
2025-09-30,Health Care,other_contribution,0.0,percent / percentage-point contribution,2025-10-24,https://www.sec.gov/Archives/edgar/data/80424/000008042425000245/pg-20250930.htm,sources/pg_2025-09-30_tables.json,"table 33, row 5 (zero-based)",Health Care | (2) | % | (2) | % | 1 | % | 1 | % | 2 | % | — | % | 2 | %
2025-09-30,Health Care,reported_sales_growth,2.0,percent / percentage-point contribution,2025-10-24,https://www.sec.gov/Archives/edgar/data/80424/000008042425000245/pg-20250930.htm,sources/pg_2025-09-30_tables.json,"table 33, row 5 (zero-based)",Health Care | (2) | % | (2) | % | 1 | % | 1 | % | 2 | % | — | % | 2 | %
2025-09-30,Fabric & Home Care,reported_volume_growth,-2.0,percent / percentage-point contribution,2025-10-24,https://www.sec.gov/Archives/edgar/data/80424/000008042425000245/pg-20250930.htm,sources/pg_2025-09-30_tables.json,"table 33, row 6 (zero-based)",Fabric & Home Care | (2) | % | (2) | % | 2 | % | 1 | % | — | % | — | % | 1 | %
2025-09-30,Fabric & Home Care,organic_volume_growth,-2.0,percent / percentage-point contribution,2025-10-24,https://www.sec.gov/Archives/edgar/data/80424/000008042425000245/pg-20250930.htm,sources/pg_2025-09-30_tables.json,"table 33, row 6 (zero-based)",Fabric & Home Care | (2) | % | (2) | % | 2 | % | 1 | % | — | % | — | % | 1 | %
2025-09-30,Fabric & Home Care,fx_contribution,2.0,percent / percentage-point contribution,2025-10-24,https://www.sec.gov/Archives/edgar/data/80424/000008042425000245/pg-20250930.htm,sources/pg_2025-09-30_tables.json,"table 33, row 6 (zero-based)",Fabric & Home Care | (2) | % | (2) | % | 2 | % | 1 | % | — | % | — | % | 1 | %
2025-09-30,Fabric & Home Care,price_contribution,1.0,percent / percentage-point contribution,2025-10-24,https://www.sec.gov/Archives/edgar/data/80424/000008042425000245/pg-20250930.htm,sources/pg_2025-09-30_tables.json,"table 33, row 6 (zero-based)",Fabric & Home Care | (2) | % | (2) | % | 2 | % | 1 | % | — | % | — | % | 1 | %
2025-09-30,Fabric & Home Care,mix_contribution,0.0,percent / percentage-point contribution,2025-10-24,https://www.sec.gov/Archives/edgar/data/80424/000008042425000245/pg-20250930.htm,sources/pg_2025-09-30_tables.json,"table 33, row 6 (zero-based)",Fabric & Home Care | (2) | % | (2) | % | 2 | % | 1 | % | — | % | — | % | 1 | %
2025-09-30,Fabric & Home Care,other_contribution,0.0,percent / percentage-point contribution,2025-10-24,https://www.sec.gov/Archives/edgar/data/80424/000008042425000245/pg-20250930.htm,sources/pg_2025-09-30_tables.json,"table 33, row 6 (zero-based)",Fabric & Home Care | (2) | % | (2) | % | 2 | % | 1 | % | — | % | — | % | 1 | %
2025-09-30,Fabric & Home Care,reported_sales_growth,1.0,percent / percentage-point contribution,2025-10-24,https://www.sec.gov/Archives/edgar/data/80424/000008042425000245/pg-20250930.htm,sources/pg_2025-09-30_tables.json,"table 33, row 6 (zero-based)",Fabric & Home Care | (2) | % | (2) | % | 2 | % | 1 | % | — | % | — | % | 1 | %
2025-09-30,"Baby, Feminine & Family Care",reported_volume_growth,0.0,percent / percentage-point contribution,2025-10-24,https://www.sec.gov/Archives/edgar/data/80424/000008042425000245/pg-20250930.htm,sources/pg_2025-09-30_tables.json,"table 33, row 7 (zero-based)","Baby, Feminine & Family Care | — | % | — | % | 1 | % | — | % | — | % | — | % | 1 | %"
2025-09-30,"Baby, Feminine & Family Care",organic_volume_growth,0.0,percent / percentage-point contribution,2025-10-24,https://www.sec.gov/Archives/edgar/data/80424/000008042425000245/pg-20250930.htm,sources/pg_2025-09-30_tables.json,"table 33, row 7 (zero-based)","Baby, Feminine & Family Care | — | % | — | % | 1 | % | — | % | — | % | — | % | 1 | %"
2025-09-30,"Baby, Feminine & Family Care",fx_contribution,1.0,percent / percentage-point contribution,2025-10-24,https://www.sec.gov/Archives/edgar/data/80424/000008042425000245/pg-20250930.htm,sources/pg_2025-09-30_tables.json,"table 33, row 7 (zero-based)","Baby, Feminine & Family Care | — | % | — | % | 1 | % | — | % | — | % | — | % | 1 | %"
2025-09-30,"Baby, Feminine & Family Care",price_contribution,0.0,percent / percentage-point contribution,2025-10-24,https://www.sec.gov/Archives/edgar/data/80424/000008042425000245/pg-20250930.htm,sources/pg_2025-09-30_tables.json,"table 33, row 7 (zero-based)","Baby, Feminine & Family Care | — | % | — | % | 1 | % | — | % | — | % | — | % | 1 | %"
2025-09-30,"Baby, Feminine & Family Care",mix_contribution,0.0,percent / percentage-point contribution,2025-10-24,https://www.sec.gov/Archives/edgar/data/80424/000008042425000245/pg-20250930.htm,sources/pg_2025-09-30_tables.json,"table 33, row 7 (zero-based)","Baby, Feminine & Family Care | — | % | — | % | 1 | % | — | % | — | % | — | % | 1 | %"
2025-09-30,"Baby, Feminine & Family Care",other_contribution,0.0,percent / percentage-point contribution,2025-10-24,https://www.sec.gov/Archives/edgar/data/80424/000008042425000245/pg-20250930.htm,sources/pg_2025-09-30_tables.json,"table 33, row 7 (zero-based)","Baby, Feminine & Family Care | — | % | — | % | 1 | % | — | % | — | % | — | % | 1 | %"
2025-09-30,"Baby, Feminine & Family Care",reported_sales_growth,1.0,percent / percentage-point contribution,2025-10-24,https://www.sec.gov/Archives/edgar/data/80424/000008042425000245/pg-20250930.htm,sources/pg_2025-09-30_tables.json,"table 33, row 7 (zero-based)","Baby, Feminine & Family Care | — | % | — | % | 1 | % | — | % | — | % | — | % | 1 | %"
2025-09-30,Total Company,reported_volume_growth,0.0,percent / percentage-point contribution,2025-10-24,https://www.sec.gov/Archives/edgar/data/80424/000008042425000245/pg-20250930.htm,sources/pg_2025-09-30_tables.json,"table 33, row 8 (zero-based)",Total Company | — | % | — | % | 1 | % | 1 | % | 1 | % | — | % | 3 | %
2025-09-30,Total Company,organic_volume_growth,0.0,percent / percentage-point contribution,2025-10-24,https://www.sec.gov/Archives/edgar/data/80424/000008042425000245/pg-20250930.htm,sources/pg_2025-09-30_tables.json,"table 33, row 8 (zero-based)",Total Company | — | % | — | % | 1 | % | 1 | % | 1 | % | — | % | 3 | %
2025-09-30,Total Company,fx_contribution,1.0,percent / percentage-point contribution,2025-10-24,https://www.sec.gov/Archives/edgar/data/80424/000008042425000245/pg-20250930.htm,sources/pg_2025-09-30_tables.json,"table 33, row 8 (zero-based)",Total Company | — | % | — | % | 1 | % | 1 | % | 1 | % | — | % | 3 | %
2025-09-30,Total Company,price_contribution,1.0,percent / percentage-point contribution,2025-10-24,https://www.sec.gov/Archives/edgar/data/80424/000008042425000245/pg-20250930.htm,sources/pg_2025-09-30_tables.json,"table 33, row 8 (zero-based)",Total Company | — | % | — | % | 1 | % | 1 | % | 1 | % | — | % | 3 | %
2025-09-30,Total Company,mix_contribution,1.0,percent / percentage-point contribution,2025-10-24,https://www.sec.gov/Archives/edgar/data/80424/000008042425000245/pg-20250930.htm,sources/pg_2025-09-30_tables.json,"table 33, row 8 (zero-based)",Total Company | — | % | — | % | 1 | % | 1 | % | 1 | % | — | % | 3 | %
2025-09-30,Total Company,other_contribution,0.0,percent / percentage-point contribution,2025-10-24,https://www.sec.gov/Archives/edgar/data/80424/000008042425000245/pg-20250930.htm,sources/pg_2025-09-30_tables.json,"table 33, row 8 (zero-based)",Total Company | — | % | — | % | 1 | % | 1 | % | 1 | % | — | % | 3 | %
2025-09-30,Total Company,reported_sales_growth,3.0,percent / percentage-point contribution,2025-10-24,https://www.sec.gov/Archives/edgar/data/80424/000008042425000245/pg-20250930.htm,sources/pg_2025-09-30_tables.json,"table 33, row 8 (zero-based)",Total Company | — | % | — | % | 1 | % | 1 | % | 1 | % | — | % | 3 | %
2025-09-30,Beauty,net_sales,4143.0,USD million,2025-10-24,https://www.sec.gov/Archives/edgar/data/80424/000008042425000245/pg-20250930.htm,sources/pg_2025-09-30_tables.json,"table 34, row 3 (zero-based)","Beauty | $ | 4,143 | 6 | % | $ | 1,132 | 6 | % | $ | 879 | 5 | %"
2025-09-30,Grooming,net_sales,1817.0,USD million,2025-10-24,https://www.sec.gov/Archives/edgar/data/80424/000008042425000245/pg-20250930.htm,sources/pg_2025-09-30_tables.json,"table 34, row 4 (zero-based)","Grooming | 1,817 | 5 | % | 585 | 12 | % | 463 | 9 | %"
2025-09-30,Health Care,net_sales,3220.0,USD million,2025-10-24,https://www.sec.gov/Archives/edgar/data/80424/000008042425000245/pg-20250930.htm,sources/pg_2025-09-30_tables.json,"table 34, row 5 (zero-based)","Health Care | 3,220 | 2 | % | 937 | (2) | % | 718 | (3) | %"
2025-09-30,Fabric & Home Care,net_sales,7793.0,USD million,2025-10-24,https://www.sec.gov/Archives/edgar/data/80424/000008042425000245/pg-20250930.htm,sources/pg_2025-09-30_tables.json,"table 34, row 6 (zero-based)","Fabric & Home Care | 7,793 | 1 | % | 2,042 | (2) | % | 1,579 | (3) | %"
2025-09-30,"Baby, Feminine & Family Care",net_sales,5171.0,USD million,2025-10-24,https://www.sec.gov/Archives/edgar/data/80424/000008042425000245/pg-20250930.htm,sources/pg_2025-09-30_tables.json,"table 34, row 7 (zero-based)","Baby, Feminine & Family Care | 5,171 | 1 | % | 1,446 | 5 | % | 1,105 | 4 | %"
2025-09-30,Corporate,net_sales,242.0,USD million,2025-10-24,https://www.sec.gov/Archives/edgar/data/80424/000008042425000245/pg-20250930.htm,sources/pg_2025-09-30_tables.json,"table 34, row 8 (zero-based)",Corporate | 242 | N/A | (108) | N/A | 36 | N/A
2025-09-30,Total Company,net_sales,22386.0,USD million,2025-10-24,https://www.sec.gov/Archives/edgar/data/80424/000008042425000245/pg-20250930.htm,sources/pg_2025-09-30_tables.json,"table 34, row 9 (zero-based)","Total Company | $ | 22,386 | 3 | % | $ | 6,034 | 17 | % | $ | 4,781 | 20 | %"
2025-09-30,Beauty,organic_sales_growth,6.0,percent / percentage-point contribution,2025-10-24,https://www.sec.gov/Archives/edgar/data/80424/000008042425000245/pg-20250930.htm,sources/pg_2025-09-30_tables.json,"table 35, row 2 (zero-based)",Beauty | 6 | % | (1) | % | 1 | % | 6 | %
2025-09-30,Grooming,organic_sales_growth,3.0,percent / percentage-point contribution,2025-10-24,https://www.sec.gov/Archives/edgar/data/80424/000008042425000245/pg-20250930.htm,sources/pg_2025-09-30_tables.json,"table 35, row 3 (zero-based)",Grooming | 5 | % | (2) | % | — | % | 3 | %
2025-09-30,Health Care,organic_sales_growth,1.0,percent / percentage-point contribution,2025-10-24,https://www.sec.gov/Archives/edgar/data/80424/000008042425000245/pg-20250930.htm,sources/pg_2025-09-30_tables.json,"table 35, row 4 (zero-based)",Health Care | 2 | % | (1) | % | — | % | 1 | %
2025-09-30,Fabric & Home Care,organic_sales_growth,0.0,percent / percentage-point contribution,2025-10-24,https://www.sec.gov/Archives/edgar/data/80424/000008042425000245/pg-20250930.htm,sources/pg_2025-09-30_tables.json,"table 35, row 5 (zero-based)",Fabric & Home Care | 1 | % | (2) | % | 1 | % | — | %
2025-09-30,"Baby, Feminine & Family Care",organic_sales_growth,0.0,percent / percentage-point contribution,2025-10-24,https://www.sec.gov/Archives/edgar/data/80424/000008042425000245/pg-20250930.htm,sources/pg_2025-09-30_tables.json,"table 35, row 6 (zero-based)","Baby, Feminine & Family Care | 1 | % | (1) | % | — | % | — | %"
2025-09-30,Total Company,organic_sales_growth,2.0,percent / percentage-point contribution,2025-10-24,https://www.sec.gov/Archives/edgar/data/80424/000008042425000245/pg-20250930.htm,sources/pg_2025-09-30_tables.json,"table 35, row 7 (zero-based)",Total Company | 3 | % | (1) | % | — | % | 2 | %
2025-12-31,Beauty,reported_volume_growth,3.0,percent / percentage-point contribution,2026-01-23,https://www.sec.gov/Archives/edgar/data/80424/000008042426000011/pg-20251231.htm,sources/pg_2025-12-31_tables.json,"table 37, row 3 (zero-based)",Beauty | 3 | % | 3 | % | 1 | % | 2 | % | (1) | % | — | % | 5 | %
2025-12-31,Beauty,organic_volume_growth,3.0,percent / percentage-point contribution,2026-01-23,https://www.sec.gov/Archives/edgar/data/80424/000008042426000011/pg-20251231.htm,sources/pg_2025-12-31_tables.json,"table 37, row 3 (zero-based)",Beauty | 3 | % | 3 | % | 1 | % | 2 | % | (1) | % | — | % | 5 | %
2025-12-31,Beauty,fx_contribution,1.0,percent / percentage-point contribution,2026-01-23,https://www.sec.gov/Archives/edgar/data/80424/000008042426000011/pg-20251231.htm,sources/pg_2025-12-31_tables.json,"table 37, row 3 (zero-based)",Beauty | 3 | % | 3 | % | 1 | % | 2 | % | (1) | % | — | % | 5 | %
2025-12-31,Beauty,price_contribution,2.0,percent / percentage-point contribution,2026-01-23,https://www.sec.gov/Archives/edgar/data/80424/000008042426000011/pg-20251231.htm,sources/pg_2025-12-31_tables.json,"table 37, row 3 (zero-based)",Beauty | 3 | % | 3 | % | 1 | % | 2 | % | (1) | % | — | % | 5 | %
2025-12-31,Beauty,mix_contribution,-1.0,percent / percentage-point contribution,2026-01-23,https://www.sec.gov/Archives/edgar/data/80424/000008042426000011/pg-20251231.htm,sources/pg_2025-12-31_tables.json,"table 37, row 3 (zero-based)",Beauty | 3 | % | 3 | % | 1 | % | 2 | % | (1) | % | — | % | 5 | %
2025-12-31,Beauty,other_contribution,0.0,percent / percentage-point contribution,2026-01-23,https://www.sec.gov/Archives/edgar/data/80424/000008042426000011/pg-20251231.htm,sources/pg_2025-12-31_tables.json,"table 37, row 3 (zero-based)",Beauty | 3 | % | 3 | % | 1 | % | 2 | % | (1) | % | — | % | 5 | %
2025-12-31,Beauty,reported_sales_growth,5.0,percent / percentage-point contribution,2026-01-23,https://www.sec.gov/Archives/edgar/data/80424/000008042426000011/pg-20251231.htm,sources/pg_2025-12-31_tables.json,"table 37, row 3 (zero-based)",Beauty | 3 | % | 3 | % | 1 | % | 2 | % | (1) | % | — | % | 5 | %
2025-12-31,Grooming,reported_volume_growth,-2.0,percent / percentage-point contribution,2026-01-23,https://www.sec.gov/Archives/edgar/data/80424/000008042426000011/pg-20251231.htm,sources/pg_2025-12-31_tables.json,"table 37, row 4 (zero-based)",Grooming | (2) | % | (2) | % | 2 | % | 2 | % | — | % | — | % | 2 | %
2025-12-31,Grooming,organic_volume_growth,-2.0,percent / percentage-point contribution,2026-01-23,https://www.sec.gov/Archives/edgar/data/80424/000008042426000011/pg-20251231.htm,sources/pg_2025-12-31_tables.json,"table 37, row 4 (zero-based)",Grooming | (2) | % | (2) | % | 2 | % | 2 | % | — | % | — | % | 2 | %
2025-12-31,Grooming,fx_contribution,2.0,percent / percentage-point contribution,2026-01-23,https://www.sec.gov/Archives/edgar/data/80424/000008042426000011/pg-20251231.htm,sources/pg_2025-12-31_tables.json,"table 37, row 4 (zero-based)",Grooming | (2) | % | (2) | % | 2 | % | 2 | % | — | % | — | % | 2 | %
2025-12-31,Grooming,price_contribution,2.0,percent / percentage-point contribution,2026-01-23,https://www.sec.gov/Archives/edgar/data/80424/000008042426000011/pg-20251231.htm,sources/pg_2025-12-31_tables.json,"table 37, row 4 (zero-based)",Grooming | (2) | % | (2) | % | 2 | % | 2 | % | — | % | — | % | 2 | %
2025-12-31,Grooming,mix_contribution,0.0,percent / percentage-point contribution,2026-01-23,https://www.sec.gov/Archives/edgar/data/80424/000008042426000011/pg-20251231.htm,sources/pg_2025-12-31_tables.json,"table 37, row 4 (zero-based)",Grooming | (2) | % | (2) | % | 2 | % | 2 | % | — | % | — | % | 2 | %
2025-12-31,Grooming,other_contribution,0.0,percent / percentage-point contribution,2026-01-23,https://www.sec.gov/Archives/edgar/data/80424/000008042426000011/pg-20251231.htm,sources/pg_2025-12-31_tables.json,"table 37, row 4 (zero-based)",Grooming | (2) | % | (2) | % | 2 | % | 2 | % | — | % | — | % | 2 | %
2025-12-31,Grooming,reported_sales_growth,2.0,percent / percentage-point contribution,2026-01-23,https://www.sec.gov/Archives/edgar/data/80424/000008042426000011/pg-20251231.htm,sources/pg_2025-12-31_tables.json,"table 37, row 4 (zero-based)",Grooming | (2) | % | (2) | % | 2 | % | 2 | % | — | % | — | % | 2 | %
2025-12-31,Health Care,reported_volume_growth,-1.0,percent / percentage-point contribution,2026-01-23,https://www.sec.gov/Archives/edgar/data/80424/000008042426000011/pg-20251231.htm,sources/pg_2025-12-31_tables.json,"table 37, row 5 (zero-based)",Health Care | (1) | % | (1) | % | 2 | % | 1 | % | 2 | % | 1 | % | 5 | %
2025-12-31,Health Care,organic_volume_growth,-1.0,percent / percentage-point contribution,2026-01-23,https://www.sec.gov/Archives/edgar/data/80424/000008042426000011/pg-20251231.htm,sources/pg_2025-12-31_tables.json,"table 37, row 5 (zero-based)",Health Care | (1) | % | (1) | % | 2 | % | 1 | % | 2 | % | 1 | % | 5 | %
2025-12-31,Health Care,fx_contribution,2.0,percent / percentage-point contribution,2026-01-23,https://www.sec.gov/Archives/edgar/data/80424/000008042426000011/pg-20251231.htm,sources/pg_2025-12-31_tables.json,"table 37, row 5 (zero-based)",Health Care | (1) | % | (1) | % | 2 | % | 1 | % | 2 | % | 1 | % | 5 | %
2025-12-31,Health Care,price_contribution,1.0,percent / percentage-point contribution,2026-01-23,https://www.sec.gov/Archives/edgar/data/80424/000008042426000011/pg-20251231.htm,sources/pg_2025-12-31_tables.json,"table 37, row 5 (zero-based)",Health Care | (1) | % | (1) | % | 2 | % | 1 | % | 2 | % | 1 | % | 5 | %
2025-12-31,Health Care,mix_contribution,2.0,percent / percentage-point contribution,2026-01-23,https://www.sec.gov/Archives/edgar/data/80424/000008042426000011/pg-20251231.htm,sources/pg_2025-12-31_tables.json,"table 37, row 5 (zero-based)",Health Care | (1) | % | (1) | % | 2 | % | 1 | % | 2 | % | 1 | % | 5 | %
2025-12-31,Health Care,other_contribution,1.0,percent / percentage-point contribution,2026-01-23,https://www.sec.gov/Archives/edgar/data/80424/000008042426000011/pg-20251231.htm,sources/pg_2025-12-31_tables.json,"table 37, row 5 (zero-based)",Health Care | (1) | % | (1) | % | 2 | % | 1 | % | 2 | % | 1 | % | 5 | %
2025-12-31,Health Care,reported_sales_growth,5.0,percent / percentage-point contribution,2026-01-23,https://www.sec.gov/Archives/edgar/data/80424/000008042426000011/pg-20251231.htm,sources/pg_2025-12-31_tables.json,"table 37, row 5 (zero-based)",Health Care | (1) | % | (1) | % | 2 | % | 1 | % | 2 | % | 1 | % | 5 | %
2025-12-31,Fabric & Home Care,reported_volume_growth,0.0,percent / percentage-point contribution,2026-01-23,https://www.sec.gov/Archives/edgar/data/80424/000008042426000011/pg-20251231.htm,sources/pg_2025-12-31_tables.json,"table 37, row 6 (zero-based)",Fabric & Home Care | — | % | — | % | 1 | % | 1 | % | (1) | % | — | % | 1 | %
2025-12-31,Fabric & Home Care,organic_volume_growth,0.0,percent / percentage-point contribution,2026-01-23,https://www.sec.gov/Archives/edgar/data/80424/000008042426000011/pg-20251231.htm,sources/pg_2025-12-31_tables.json,"table 37, row 6 (zero-based)",Fabric & Home Care | — | % | — | % | 1 | % | 1 | % | (1) | % | — | % | 1 | %
2025-12-31,Fabric & Home Care,fx_contribution,1.0,percent / percentage-point contribution,2026-01-23,https://www.sec.gov/Archives/edgar/data/80424/000008042426000011/pg-20251231.htm,sources/pg_2025-12-31_tables.json,"table 37, row 6 (zero-based)",Fabric & Home Care | — | % | — | % | 1 | % | 1 | % | (1) | % | — | % | 1 | %
2025-12-31,Fabric & Home Care,price_contribution,1.0,percent / percentage-point contribution,2026-01-23,https://www.sec.gov/Archives/edgar/data/80424/000008042426000011/pg-20251231.htm,sources/pg_2025-12-31_tables.json,"table 37, row 6 (zero-based)",Fabric & Home Care | — | % | — | % | 1 | % | 1 | % | (1) | % | — | % | 1 | %
2025-12-31,Fabric & Home Care,mix_contribution,-1.0,percent / percentage-point contribution,2026-01-23,https://www.sec.gov/Archives/edgar/data/80424/000008042426000011/pg-20251231.htm,sources/pg_2025-12-31_tables.json,"table 37, row 6 (zero-based)",Fabric & Home Care | — | % | — | % | 1 | % | 1 | % | (1) | % | — | % | 1 | %
2025-12-31,Fabric & Home Care,other_contribution,0.0,percent / percentage-point contribution,2026-01-23,https://www.sec.gov/Archives/edgar/data/80424/000008042426000011/pg-20251231.htm,sources/pg_2025-12-31_tables.json,"table 37, row 6 (zero-based)",Fabric & Home Care | — | % | — | % | 1 | % | 1 | % | (1) | % | — | % | 1 | %
2025-12-31,Fabric & Home Care,reported_sales_growth,1.0,percent / percentage-point contribution,2026-01-23,https://www.sec.gov/Archives/edgar/data/80424/000008042426000011/pg-20251231.htm,sources/pg_2025-12-31_tables.json,"table 37, row 6 (zero-based)",Fabric & Home Care | — | % | — | % | 1 | % | 1 | % | (1) | % | — | % | 1 | %
2025-12-31,"Baby, Feminine & Family Care",reported_volume_growth,-5.0,percent / percentage-point contribution,2026-01-23,https://www.sec.gov/Archives/edgar/data/80424/000008042426000011/pg-20251231.htm,sources/pg_2025-12-31_tables.json,"table 37, row 7 (zero-based)","Baby, Feminine & Family Care | (5) | % | (5) | % | 1 | % | — | % | — | % | 1 | % | (3) | %"
2025-12-31,"Baby, Feminine & Family Care",organic_volume_growth,-5.0,percent / percentage-point contribution,2026-01-23,https://www.sec.gov/Archives/edgar/data/80424/000008042426000011/pg-20251231.htm,sources/pg_2025-12-31_tables.json,"table 37, row 7 (zero-based)","Baby, Feminine & Family Care | (5) | % | (5) | % | 1 | % | — | % | — | % | 1 | % | (3) | %"
2025-12-31,"Baby, Feminine & Family Care",fx_contribution,1.0,percent / percentage-point contribution,2026-01-23,https://www.sec.gov/Archives/edgar/data/80424/000008042426000011/pg-20251231.htm,sources/pg_2025-12-31_tables.json,"table 37, row 7 (zero-based)","Baby, Feminine & Family Care | (5) | % | (5) | % | 1 | % | — | % | — | % | 1 | % | (3) | %"
2025-12-31,"Baby, Feminine & Family Care",price_contribution,0.0,percent / percentage-point contribution,2026-01-23,https://www.sec.gov/Archives/edgar/data/80424/000008042426000011/pg-20251231.htm,sources/pg_2025-12-31_tables.json,"table 37, row 7 (zero-based)","Baby, Feminine & Family Care | (5) | % | (5) | % | 1 | % | — | % | — | % | 1 | % | (3) | %"
2025-12-31,"Baby, Feminine & Family Care",mix_contribution,0.0,percent / percentage-point contribution,2026-01-23,https://www.sec.gov/Archives/edgar/data/80424/000008042426000011/pg-20251231.htm,sources/pg_2025-12-31_tables.json,"table 37, row 7 (zero-based)","Baby, Feminine & Family Care | (5) | % | (5) | % | 1 | % | — | % | — | % | 1 | % | (3) | %"
2025-12-31,"Baby, Feminine & Family Care",other_contribution,1.0,percent / percentage-point contribution,2026-01-23,https://www.sec.gov/Archives/edgar/data/80424/000008042426000011/pg-20251231.htm,sources/pg_2025-12-31_tables.json,"table 37, row 7 (zero-based)","Baby, Feminine & Family Care | (5) | % | (5) | % | 1 | % | — | % | — | % | 1 | % | (3) | %"
2025-12-31,"Baby, Feminine & Family Care",reported_sales_growth,-3.0,percent / percentage-point contribution,2026-01-23,https://www.sec.gov/Archives/edgar/data/80424/000008042426000011/pg-20251231.htm,sources/pg_2025-12-31_tables.json,"table 37, row 7 (zero-based)","Baby, Feminine & Family Care | (5) | % | (5) | % | 1 | % | — | % | — | % | 1 | % | (3) | %"
2025-12-31,Total Company,reported_volume_growth,-1.0,percent / percentage-point contribution,2026-01-23,https://www.sec.gov/Archives/edgar/data/80424/000008042426000011/pg-20251231.htm,sources/pg_2025-12-31_tables.json,"table 37, row 8 (zero-based)",Total Company | (1) | % | (1) | % | 1 | % | 1 | % | — | % | — | % | 1 | %
2025-12-31,Total Company,organic_volume_growth,-1.0,percent / percentage-point contribution,2026-01-23,https://www.sec.gov/Archives/edgar/data/80424/000008042426000011/pg-20251231.htm,sources/pg_2025-12-31_tables.json,"table 37, row 8 (zero-based)",Total Company | (1) | % | (1) | % | 1 | % | 1 | % | — | % | — | % | 1 | %
2025-12-31,Total Company,fx_contribution,1.0,percent / percentage-point contribution,2026-01-23,https://www.sec.gov/Archives/edgar/data/80424/000008042426000011/pg-20251231.htm,sources/pg_2025-12-31_tables.json,"table 37, row 8 (zero-based)",Total Company | (1) | % | (1) | % | 1 | % | 1 | % | — | % | — | % | 1 | %
2025-12-31,Total Company,price_contribution,1.0,percent / percentage-point contribution,2026-01-23,https://www.sec.gov/Archives/edgar/data/80424/000008042426000011/pg-20251231.htm,sources/pg_2025-12-31_tables.json,"table 37, row 8 (zero-based)",Total Company | (1) | % | (1) | % | 1 | % | 1 | % | — | % | — | % | 1 | %
2025-12-31,Total Company,mix_contribution,0.0,percent / percentage-point contribution,2026-01-23,https://www.sec.gov/Archives/edgar/data/80424/000008042426000011/pg-20251231.htm,sources/pg_2025-12-31_tables.json,"table 37, row 8 (zero-based)",Total Company | (1) | % | (1) | % | 1 | % | 1 | % | — | % | — | % | 1 | %
2025-12-31,Total Company,other_contribution,0.0,percent / percentage-point contribution,2026-01-23,https://www.sec.gov/Archives/edgar/data/80424/000008042426000011/pg-20251231.htm,sources/pg_2025-12-31_tables.json,"table 37, row 8 (zero-based)",Total Company | (1) | % | (1) | % | 1 | % | 1 | % | — | % | — | % | 1 | %
2025-12-31,Total Company,reported_sales_growth,1.0,percent / percentage-point contribution,2026-01-23,https://www.sec.gov/Archives/edgar/data/80424/000008042426000011/pg-20251231.htm,sources/pg_2025-12-31_tables.json,"table 37, row 8 (zero-based)",Total Company | (1) | % | (1) | % | 1 | % | 1 | % | — | % | — | % | 1 | %
2025-12-31,Beauty,net_sales,4039.0,USD million,2026-01-23,https://www.sec.gov/Archives/edgar/data/80424/000008042426000011/pg-20251231.htm,sources/pg_2025-12-31_tables.json,"table 40, row 3 (zero-based)","Beauty | $ | 4,039 | 5 | % | $ | 992 | — | % | $ | 763 | (2) | %"
2025-12-31,Grooming,net_sales,1794.0,USD million,2026-01-23,https://www.sec.gov/Archives/edgar/data/80424/000008042426000011/pg-20251231.htm,sources/pg_2025-12-31_tables.json,"table 40, row 4 (zero-based)","Grooming | 1,794 | 2 | % | 531 | (7) | % | 417 | (9) | %"
2025-12-31,Health Care,net_sales,3406.0,USD million,2026-01-23,https://www.sec.gov/Archives/edgar/data/80424/000008042426000011/pg-20251231.htm,sources/pg_2025-12-31_tables.json,"table 40, row 5 (zero-based)","Health Care | 3,406 | 5 | % | 1,009 | 4 | % | 770 | 2 | %"
2025-12-31,Fabric & Home Care,net_sales,7686.0,USD million,2026-01-23,https://www.sec.gov/Archives/edgar/data/80424/000008042426000011/pg-20251231.htm,sources/pg_2025-12-31_tables.json,"table 40, row 6 (zero-based)","Fabric & Home Care | 7,686 | 1 | % | 1,961 | (1) | % | 1,521 | (3) | %"
2025-12-31,"Baby, Feminine & Family Care",net_sales,5123.0,USD million,2026-01-23,https://www.sec.gov/Archives/edgar/data/80424/000008042426000011/pg-20251231.htm,sources/pg_2025-12-31_tables.json,"table 40, row 7 (zero-based)","Baby, Feminine & Family Care | 5,123 | (3) | % | 1,338 | (9) | % | 1,020 | (9) | %"
2025-12-31,Corporate,net_sales,160.0,USD million,2026-01-23,https://www.sec.gov/Archives/edgar/data/80424/000008042426000011/pg-20251231.htm,sources/pg_2025-12-31_tables.json,"table 40, row 8 (zero-based)",Corporate | 160 | N/A | (412) | N/A | (161) | N/A
2025-12-31,Total Company,net_sales,22208.0,USD million,2026-01-23,https://www.sec.gov/Archives/edgar/data/80424/000008042426000011/pg-20251231.htm,sources/pg_2025-12-31_tables.json,"table 40, row 9 (zero-based)","Total Company | $ | 22,208 | 1 | % | $ | 5,421 | (7) | % | $ | 4,331 | (7) | %"
2025-12-31,Beauty,organic_sales_growth,4.0,percent / percentage-point contribution,2026-01-23,https://www.sec.gov/Archives/edgar/data/80424/000008042426000011/pg-20251231.htm,sources/pg_2025-12-31_tables.json,"table 42, row 2 (zero-based)",Beauty | 5 | % | (1) | % | — | % | 4 | %
2025-12-31,Grooming,organic_sales_growth,0.0,percent / percentage-point contribution,2026-01-23,https://www.sec.gov/Archives/edgar/data/80424/000008042426000011/pg-20251231.htm,sources/pg_2025-12-31_tables.json,"table 42, row 3 (zero-based)",Grooming | 2 | % | (2) | % | — | % | — | %
2025-12-31,Health Care,organic_sales_growth,3.0,percent / percentage-point contribution,2026-01-23,https://www.sec.gov/Archives/edgar/data/80424/000008042426000011/pg-20251231.htm,sources/pg_2025-12-31_tables.json,"table 42, row 4 (zero-based)",Health Care | 5 | % | (2) | % | — | % | 3 | %
2025-12-31,Fabric & Home Care,organic_sales_growth,0.0,percent / percentage-point contribution,2026-01-23,https://www.sec.gov/Archives/edgar/data/80424/000008042426000011/pg-20251231.htm,sources/pg_2025-12-31_tables.json,"table 42, row 5 (zero-based)",Fabric & Home Care | 1 | % | (1) | % | — | % | — | %
2025-12-31,"Baby, Feminine & Family Care",organic_sales_growth,-4.0,percent / percentage-point contribution,2026-01-23,https://www.sec.gov/Archives/edgar/data/80424/000008042426000011/pg-20251231.htm,sources/pg_2025-12-31_tables.json,"table 42, row 6 (zero-based)","Baby, Feminine & Family Care | (3) | % | (1) | % | — | % | (4) | %"
2025-12-31,Total Company,organic_sales_growth,0.0,percent / percentage-point contribution,2026-01-23,https://www.sec.gov/Archives/edgar/data/80424/000008042426000011/pg-20251231.htm,sources/pg_2025-12-31_tables.json,"table 42, row 7 (zero-based)",Total Company | 1 | % | (1) | % | — | % | — | %
2026-03-31,Beauty,reported_volume_growth,5.0,percent / percentage-point contribution,2026-04-24,https://www.sec.gov/Archives/edgar/data/80424/000008042426000060/pg-20260331.htm,sources/pg_2026-03-31_tables.json,"table 37, row 3 (zero-based)",Beauty | 5 | % | 5 | % | 4 | % | 1 | % | 1 | % | — | % | 11 | %
2026-03-31,Beauty,organic_volume_growth,5.0,percent / percentage-point contribution,2026-04-24,https://www.sec.gov/Archives/edgar/data/80424/000008042426000060/pg-20260331.htm,sources/pg_2026-03-31_tables.json,"table 37, row 3 (zero-based)",Beauty | 5 | % | 5 | % | 4 | % | 1 | % | 1 | % | — | % | 11 | %
2026-03-31,Beauty,fx_contribution,4.0,percent / percentage-point contribution,2026-04-24,https://www.sec.gov/Archives/edgar/data/80424/000008042426000060/pg-20260331.htm,sources/pg_2026-03-31_tables.json,"table 37, row 3 (zero-based)",Beauty | 5 | % | 5 | % | 4 | % | 1 | % | 1 | % | — | % | 11 | %
2026-03-31,Beauty,price_contribution,1.0,percent / percentage-point contribution,2026-04-24,https://www.sec.gov/Archives/edgar/data/80424/000008042426000060/pg-20260331.htm,sources/pg_2026-03-31_tables.json,"table 37, row 3 (zero-based)",Beauty | 5 | % | 5 | % | 4 | % | 1 | % | 1 | % | — | % | 11 | %
2026-03-31,Beauty,mix_contribution,1.0,percent / percentage-point contribution,2026-04-24,https://www.sec.gov/Archives/edgar/data/80424/000008042426000060/pg-20260331.htm,sources/pg_2026-03-31_tables.json,"table 37, row 3 (zero-based)",Beauty | 5 | % | 5 | % | 4 | % | 1 | % | 1 | % | — | % | 11 | %
2026-03-31,Beauty,other_contribution,0.0,percent / percentage-point contribution,2026-04-24,https://www.sec.gov/Archives/edgar/data/80424/000008042426000060/pg-20260331.htm,sources/pg_2026-03-31_tables.json,"table 37, row 3 (zero-based)",Beauty | 5 | % | 5 | % | 4 | % | 1 | % | 1 | % | — | % | 11 | %
2026-03-31,Beauty,reported_sales_growth,11.0,percent / percentage-point contribution,2026-04-24,https://www.sec.gov/Archives/edgar/data/80424/000008042426000060/pg-20260331.htm,sources/pg_2026-03-31_tables.json,"table 37, row 3 (zero-based)",Beauty | 5 | % | 5 | % | 4 | % | 1 | % | 1 | % | — | % | 11 | %
2026-03-31,Grooming,reported_volume_growth,-2.0,percent / percentage-point contribution,2026-04-24,https://www.sec.gov/Archives/edgar/data/80424/000008042426000060/pg-20260331.htm,sources/pg_2026-03-31_tables.json,"table 37, row 4 (zero-based)",Grooming | (2) | % | (2) | % | 6 | % | 3 | % | — | % | — | % | 7 | %
2026-03-31,Grooming,organic_volume_growth,-2.0,percent / percentage-point contribution,2026-04-24,https://www.sec.gov/Archives/edgar/data/80424/000008042426000060/pg-20260331.htm,sources/pg_2026-03-31_tables.json,"table 37, row 4 (zero-based)",Grooming | (2) | % | (2) | % | 6 | % | 3 | % | — | % | — | % | 7 | %
2026-03-31,Grooming,fx_contribution,6.0,percent / percentage-point contribution,2026-04-24,https://www.sec.gov/Archives/edgar/data/80424/000008042426000060/pg-20260331.htm,sources/pg_2026-03-31_tables.json,"table 37, row 4 (zero-based)",Grooming | (2) | % | (2) | % | 6 | % | 3 | % | — | % | — | % | 7 | %
2026-03-31,Grooming,price_contribution,3.0,percent / percentage-point contribution,2026-04-24,https://www.sec.gov/Archives/edgar/data/80424/000008042426000060/pg-20260331.htm,sources/pg_2026-03-31_tables.json,"table 37, row 4 (zero-based)",Grooming | (2) | % | (2) | % | 6 | % | 3 | % | — | % | — | % | 7 | %
2026-03-31,Grooming,mix_contribution,0.0,percent / percentage-point contribution,2026-04-24,https://www.sec.gov/Archives/edgar/data/80424/000008042426000060/pg-20260331.htm,sources/pg_2026-03-31_tables.json,"table 37, row 4 (zero-based)",Grooming | (2) | % | (2) | % | 6 | % | 3 | % | — | % | — | % | 7 | %
2026-03-31,Grooming,other_contribution,0.0,percent / percentage-point contribution,2026-04-24,https://www.sec.gov/Archives/edgar/data/80424/000008042426000060/pg-20260331.htm,sources/pg_2026-03-31_tables.json,"table 37, row 4 (zero-based)",Grooming | (2) | % | (2) | % | 6 | % | 3 | % | — | % | — | % | 7 | %
2026-03-31,Grooming,reported_sales_growth,7.0,percent / percentage-point contribution,2026-04-24,https://www.sec.gov/Archives/edgar/data/80424/000008042426000060/pg-20260331.htm,sources/pg_2026-03-31_tables.json,"table 37, row 4 (zero-based)",Grooming | (2) | % | (2) | % | 6 | % | 3 | % | — | % | — | % | 7 | %
2026-03-31,Health Care,reported_volume_growth,-2.0,percent / percentage-point contribution,2026-04-24,https://www.sec.gov/Archives/edgar/data/80424/000008042426000060/pg-20260331.htm,sources/pg_2026-03-31_tables.json,"table 37, row 5 (zero-based)",Health Care | (2) | % | (2) | % | 5 | % | 2 | % | 1 | % | 1 | % | 7 | %
2026-03-31,Health Care,organic_volume_growth,-2.0,percent / percentage-point contribution,2026-04-24,https://www.sec.gov/Archives/edgar/data/80424/000008042426000060/pg-20260331.htm,sources/pg_2026-03-31_tables.json,"table 37, row 5 (zero-based)",Health Care | (2) | % | (2) | % | 5 | % | 2 | % | 1 | % | 1 | % | 7 | %
2026-03-31,Health Care,fx_contribution,5.0,percent / percentage-point contribution,2026-04-24,https://www.sec.gov/Archives/edgar/data/80424/000008042426000060/pg-20260331.htm,sources/pg_2026-03-31_tables.json,"table 37, row 5 (zero-based)",Health Care | (2) | % | (2) | % | 5 | % | 2 | % | 1 | % | 1 | % | 7 | %
2026-03-31,Health Care,price_contribution,2.0,percent / percentage-point contribution,2026-04-24,https://www.sec.gov/Archives/edgar/data/80424/000008042426000060/pg-20260331.htm,sources/pg_2026-03-31_tables.json,"table 37, row 5 (zero-based)",Health Care | (2) | % | (2) | % | 5 | % | 2 | % | 1 | % | 1 | % | 7 | %
2026-03-31,Health Care,mix_contribution,1.0,percent / percentage-point contribution,2026-04-24,https://www.sec.gov/Archives/edgar/data/80424/000008042426000060/pg-20260331.htm,sources/pg_2026-03-31_tables.json,"table 37, row 5 (zero-based)",Health Care | (2) | % | (2) | % | 5 | % | 2 | % | 1 | % | 1 | % | 7 | %
2026-03-31,Health Care,other_contribution,1.0,percent / percentage-point contribution,2026-04-24,https://www.sec.gov/Archives/edgar/data/80424/000008042426000060/pg-20260331.htm,sources/pg_2026-03-31_tables.json,"table 37, row 5 (zero-based)",Health Care | (2) | % | (2) | % | 5 | % | 2 | % | 1 | % | 1 | % | 7 | %
2026-03-31,Health Care,reported_sales_growth,7.0,percent / percentage-point contribution,2026-04-24,https://www.sec.gov/Archives/edgar/data/80424/000008042426000060/pg-20260331.htm,sources/pg_2026-03-31_tables.json,"table 37, row 5 (zero-based)",Health Care | (2) | % | (2) | % | 5 | % | 2 | % | 1 | % | 1 | % | 7 | %
2026-03-31,Fabric & Home Care,reported_volume_growth,2.0,percent / percentage-point contribution,2026-04-24,https://www.sec.gov/Archives/edgar/data/80424/000008042426000060/pg-20260331.htm,sources/pg_2026-03-31_tables.json,"table 37, row 6 (zero-based)",Fabric & Home Care | 2 | % | 2 | % | 4 | % | 1 | % | — | % | — | % | 7 | %
2026-03-31,Fabric & Home Care,organic_volume_growth,2.0,percent / percentage-point contribution,2026-04-24,https://www.sec.gov/Archives/edgar/data/80424/000008042426000060/pg-20260331.htm,sources/pg_2026-03-31_tables.json,"table 37, row 6 (zero-based)",Fabric & Home Care | 2 | % | 2 | % | 4 | % | 1 | % | — | % | — | % | 7 | %
2026-03-31,Fabric & Home Care,fx_contribution,4.0,percent / percentage-point contribution,2026-04-24,https://www.sec.gov/Archives/edgar/data/80424/000008042426000060/pg-20260331.htm,sources/pg_2026-03-31_tables.json,"table 37, row 6 (zero-based)",Fabric & Home Care | 2 | % | 2 | % | 4 | % | 1 | % | — | % | — | % | 7 | %
2026-03-31,Fabric & Home Care,price_contribution,1.0,percent / percentage-point contribution,2026-04-24,https://www.sec.gov/Archives/edgar/data/80424/000008042426000060/pg-20260331.htm,sources/pg_2026-03-31_tables.json,"table 37, row 6 (zero-based)",Fabric & Home Care | 2 | % | 2 | % | 4 | % | 1 | % | — | % | — | % | 7 | %
2026-03-31,Fabric & Home Care,mix_contribution,0.0,percent / percentage-point contribution,2026-04-24,https://www.sec.gov/Archives/edgar/data/80424/000008042426000060/pg-20260331.htm,sources/pg_2026-03-31_tables.json,"table 37, row 6 (zero-based)",Fabric & Home Care | 2 | % | 2 | % | 4 | % | 1 | % | — | % | — | % | 7 | %
2026-03-31,Fabric & Home Care,other_contribution,0.0,percent / percentage-point contribution,2026-04-24,https://www.sec.gov/Archives/edgar/data/80424/000008042426000060/pg-20260331.htm,sources/pg_2026-03-31_tables.json,"table 37, row 6 (zero-based)",Fabric & Home Care | 2 | % | 2 | % | 4 | % | 1 | % | — | % | — | % | 7 | %
2026-03-31,Fabric & Home Care,reported_sales_growth,7.0,percent / percentage-point contribution,2026-04-24,https://www.sec.gov/Archives/edgar/data/80424/000008042426000060/pg-20260331.htm,sources/pg_2026-03-31_tables.json,"table 37, row 6 (zero-based)",Fabric & Home Care | 2 | % | 2 | % | 4 | % | 1 | % | — | % | — | % | 7 | %
2026-03-31,"Baby, Feminine & Family Care",reported_volume_growth,3.0,percent / percentage-point contribution,2026-04-24,https://www.sec.gov/Archives/edgar/data/80424/000008042426000060/pg-20260331.htm,sources/pg_2026-03-31_tables.json,"table 37, row 7 (zero-based)","Baby, Feminine & Family Care | 3 | % | 3 | % | 3 | % | — | % | — | % | — | % | 6 | %"
2026-03-31,"Baby, Feminine & Family Care",organic_volume_growth,3.0,percent / percentage-point contribution,2026-04-24,https://www.sec.gov/Archives/edgar/data/80424/000008042426000060/pg-20260331.htm,sources/pg_2026-03-31_tables.json,"table 37, row 7 (zero-based)","Baby, Feminine & Family Care | 3 | % | 3 | % | 3 | % | — | % | — | % | — | % | 6 | %"
2026-03-31,"Baby, Feminine & Family Care",fx_contribution,3.0,percent / percentage-point contribution,2026-04-24,https://www.sec.gov/Archives/edgar/data/80424/000008042426000060/pg-20260331.htm,sources/pg_2026-03-31_tables.json,"table 37, row 7 (zero-based)","Baby, Feminine & Family Care | 3 | % | 3 | % | 3 | % | — | % | — | % | — | % | 6 | %"
2026-03-31,"Baby, Feminine & Family Care",price_contribution,0.0,percent / percentage-point contribution,2026-04-24,https://www.sec.gov/Archives/edgar/data/80424/000008042426000060/pg-20260331.htm,sources/pg_2026-03-31_tables.json,"table 37, row 7 (zero-based)","Baby, Feminine & Family Care | 3 | % | 3 | % | 3 | % | — | % | — | % | — | % | 6 | %"
2026-03-31,"Baby, Feminine & Family Care",mix_contribution,0.0,percent / percentage-point contribution,2026-04-24,https://www.sec.gov/Archives/edgar/data/80424/000008042426000060/pg-20260331.htm,sources/pg_2026-03-31_tables.json,"table 37, row 7 (zero-based)","Baby, Feminine & Family Care | 3 | % | 3 | % | 3 | % | — | % | — | % | — | % | 6 | %"
2026-03-31,"Baby, Feminine & Family Care",other_contribution,0.0,percent / percentage-point contribution,2026-04-24,https://www.sec.gov/Archives/edgar/data/80424/000008042426000060/pg-20260331.htm,sources/pg_2026-03-31_tables.json,"table 37, row 7 (zero-based)","Baby, Feminine & Family Care | 3 | % | 3 | % | 3 | % | — | % | — | % | — | % | 6 | %"
2026-03-31,"Baby, Feminine & Family Care",reported_sales_growth,6.0,percent / percentage-point contribution,2026-04-24,https://www.sec.gov/Archives/edgar/data/80424/000008042426000060/pg-20260331.htm,sources/pg_2026-03-31_tables.json,"table 37, row 7 (zero-based)","Baby, Feminine & Family Care | 3 | % | 3 | % | 3 | % | — | % | — | % | — | % | 6 | %"
2026-03-31,Total Company,reported_volume_growth,2.0,percent / percentage-point contribution,2026-04-24,https://www.sec.gov/Archives/edgar/data/80424/000008042426000060/pg-20260331.htm,sources/pg_2026-03-31_tables.json,"table 37, row 8 (zero-based)",Total Company | 2 | % | 2 | % | 4 | % | 1 | % | — | % | — | % | 7 | %
2026-03-31,Total Company,organic_volume_growth,2.0,percent / percentage-point contribution,2026-04-24,https://www.sec.gov/Archives/edgar/data/80424/000008042426000060/pg-20260331.htm,sources/pg_2026-03-31_tables.json,"table 37, row 8 (zero-based)",Total Company | 2 | % | 2 | % | 4 | % | 1 | % | — | % | — | % | 7 | %
2026-03-31,Total Company,fx_contribution,4.0,percent / percentage-point contribution,2026-04-24,https://www.sec.gov/Archives/edgar/data/80424/000008042426000060/pg-20260331.htm,sources/pg_2026-03-31_tables.json,"table 37, row 8 (zero-based)",Total Company | 2 | % | 2 | % | 4 | % | 1 | % | — | % | — | % | 7 | %
2026-03-31,Total Company,price_contribution,1.0,percent / percentage-point contribution,2026-04-24,https://www.sec.gov/Archives/edgar/data/80424/000008042426000060/pg-20260331.htm,sources/pg_2026-03-31_tables.json,"table 37, row 8 (zero-based)",Total Company | 2 | % | 2 | % | 4 | % | 1 | % | — | % | — | % | 7 | %
2026-03-31,Total Company,mix_contribution,0.0,percent / percentage-point contribution,2026-04-24,https://www.sec.gov/Archives/edgar/data/80424/000008042426000060/pg-20260331.htm,sources/pg_2026-03-31_tables.json,"table 37, row 8 (zero-based)",Total Company | 2 | % | 2 | % | 4 | % | 1 | % | — | % | — | % | 7 | %
2026-03-31,Total Company,other_contribution,0.0,percent / percentage-point contribution,2026-04-24,https://www.sec.gov/Archives/edgar/data/80424/000008042426000060/pg-20260331.htm,sources/pg_2026-03-31_tables.json,"table 37, row 8 (zero-based)",Total Company | 2 | % | 2 | % | 4 | % | 1 | % | — | % | — | % | 7 | %
2026-03-31,Total Company,reported_sales_growth,7.0,percent / percentage-point contribution,2026-04-24,https://www.sec.gov/Archives/edgar/data/80424/000008042426000060/pg-20260331.htm,sources/pg_2026-03-31_tables.json,"table 37, row 8 (zero-based)",Total Company | 2 | % | 2 | % | 4 | % | 1 | % | — | % | — | % | 7 | %
2026-03-31,Beauty,net_sales,3866.0,USD million,2026-04-24,https://www.sec.gov/Archives/edgar/data/80424/000008042426000060/pg-20260331.htm,sources/pg_2026-03-31_tables.json,"table 40, row 3 (zero-based)","Beauty | $ | 3,866 | 11 | % | $ | 761 | 11 | % | $ | 579 | 7 | %"
2026-03-31,Grooming,net_sales,1608.0,USD million,2026-04-24,https://www.sec.gov/Archives/edgar/data/80424/000008042426000060/pg-20260331.htm,sources/pg_2026-03-31_tables.json,"table 40, row 4 (zero-based)","Grooming | 1,608 | 7 | % | 436 | 8 | % | 331 | 3 | %"
2026-03-31,Health Care,net_sales,3073.0,USD million,2026-04-24,https://www.sec.gov/Archives/edgar/data/80424/000008042426000060/pg-20260331.htm,sources/pg_2026-03-31_tables.json,"table 40, row 5 (zero-based)","Health Care | 3,073 | 7 | % | 768 | 5 | % | 579 | 2 | %"
2026-03-31,Fabric & Home Care,net_sales,7403.0,USD million,2026-04-24,https://www.sec.gov/Archives/edgar/data/80424/000008042426000060/pg-20260331.htm,sources/pg_2026-03-31_tables.json,"table 40, row 6 (zero-based)","Fabric & Home Care | 7,403 | 7 | % | 1,689 | 3 | % | 1,300 | 1 | %"
2026-03-31,"Baby, Feminine & Family Care",net_sales,5058.0,USD million,2026-04-24,https://www.sec.gov/Archives/edgar/data/80424/000008042426000060/pg-20260331.htm,sources/pg_2026-03-31_tables.json,"table 40, row 7 (zero-based)","Baby, Feminine & Family Care | 5,058 | 6 | % | 1,282 | 11 | % | 980 | 11 | %"
2026-03-31,Corporate,net_sales,225.0,USD million,2026-04-24,https://www.sec.gov/Archives/edgar/data/80424/000008042426000060/pg-20260331.htm,sources/pg_2026-03-31_tables.json,"table 40, row 8 (zero-based)",Corporate | 225 | N/A | 54 | N/A | 181 | N/A
2026-03-31,Total Company,net_sales,21235.0,USD million,2026-04-24,https://www.sec.gov/Archives/edgar/data/80424/000008042426000060/pg-20260331.htm,sources/pg_2026-03-31_tables.json,"table 40, row 9 (zero-based)","Total Company | $ | 21,235 | 7 | % | $ | 4,989 | 7 | % | $ | 3,951 | 4 | %"
2026-03-31,Beauty,organic_sales_growth,7.0,percent / percentage-point contribution,2026-04-24,https://www.sec.gov/Archives/edgar/data/80424/000008042426000060/pg-20260331.htm,sources/pg_2026-03-31_tables.json,"table 42, row 2 (zero-based)",Beauty | 11 | % | (4) | % | — | % | 7 | %
2026-03-31,Grooming,organic_sales_growth,1.0,percent / percentage-point contribution,2026-04-24,https://www.sec.gov/Archives/edgar/data/80424/000008042426000060/pg-20260331.htm,sources/pg_2026-03-31_tables.json,"table 42, row 3 (zero-based)",Grooming | 7 | % | (6) | % | — | % | 1 | %
2026-03-31,Health Care,organic_sales_growth,2.0,percent / percentage-point contribution,2026-04-24,https://www.sec.gov/Archives/edgar/data/80424/000008042426000060/pg-20260331.htm,sources/pg_2026-03-31_tables.json,"table 42, row 4 (zero-based)",Health Care | 7 | % | (5) | % | — | % | 2 | %
2026-03-31,Fabric & Home Care,organic_sales_growth,3.0,percent / percentage-point contribution,2026-04-24,https://www.sec.gov/Archives/edgar/data/80424/000008042426000060/pg-20260331.htm,sources/pg_2026-03-31_tables.json,"table 42, row 5 (zero-based)",Fabric & Home Care | 7 | % | (4) | % | — | % | 3 | %
2026-03-31,"Baby, Feminine & Family Care",organic_sales_growth,3.0,percent / percentage-point contribution,2026-04-24,https://www.sec.gov/Archives/edgar/data/80424/000008042426000060/pg-20260331.htm,sources/pg_2026-03-31_tables.json,"table 42, row 6 (zero-based)","Baby, Feminine & Family Care | 6 | % | (3) | % | — | % | 3 | %"
2026-03-31,Total Company,organic_sales_growth,3.0,percent / percentage-point contribution,2026-04-24,https://www.sec.gov/Archives/edgar/data/80424/000008042426000060/pg-20260331.htm,sources/pg_2026-03-31_tables.json,"table 42, row 7 (zero-based)",Total Company | 7 | % | (4) | % | — | % | 3 | %
