id,pair,segment,metric,series,window,quarter,stage,cutoff,market_vintage,observed_months,method,n,intercept,beta,market_growth,prediction,actual,last_actual,four_mean,error,last_error,mean_error,actual_publication,perfect_missing_month_growth,perfect_input_prediction,relationship_error,missing_input_error,selected_method,calibration_quarters,calibration_last_quarter,calibration_mape,reason
1,Health Care | price_contribution | CUUR0000SEGB,Health Care,price_contribution,CUUR0000SEGB,Expanding,2024-09-30,Origin,2024-07-01,2024-07-01,0,YoY carry,13,1.4240774162255865,0.7034112072834454,2.4448012966521437,3.1437780478718036,1.0,4.0,5.25,2.1437780478718036,3.0,4.25,2024-10-18,0.373301115227731,1.6866616043681812,0.6866616043681812,1.4571164435036223,,,,,
2,Health Care | price_contribution | CUUR0000SEGB,Health Care,price_contribution,CUUR0000SEGB,Expanding,2024-09-30,Origin,2024-07-01,2024-07-01,0,Flat level,13,1.4240774162255865,0.7034112072834454,0.3368313168963688,1.661008339494534,1.0,4.0,5.25,0.6610083394945341,3.0,4.25,2024-10-18,0.373301115227731,1.6866616043681812,0.6866616043681812,-0.025653264873647278,,,,,
3,Health Care | price_contribution | CUUR0000SEGB,Health Care,price_contribution,CUUR0000SEGB,Expanding,2024-09-30,Origin,2024-07-01,2024-07-01,0,Recent trend,13,1.4240774162255865,0.7034112072834454,-0.40041968321770094,1.1424177234333688,1.0,4.0,5.25,0.14241772343336878,3.0,4.25,2024-10-18,0.373301115227731,1.6866616043681812,0.6866616043681812,-0.5442438809348127,,,,,
4,Health Care | price_contribution | CUUR0000SEGB,Health Care,price_contribution,CUUR0000SEGB,Expanding,2024-09-30,Origin,2024-07-01,2024-07-01,0,Seasonal step,13,1.4240774162255865,0.7034112072834454,1.4900771199476637,2.472214362113412,1.0,4.0,5.25,1.4722143621134118,3.0,4.25,2024-10-18,0.373301115227731,1.6866616043681812,0.6866616043681812,0.7855527577452306,,,,,
5,Health Care | price_contribution | CUUR0000SEGB,Health Care,price_contribution,CUUR0000SEGB,Expanding,2024-09-30,One month,2024-08-14,2024-08-14,1,YoY carry,10,2.4132031844812296,0.5202874585826232,0.9729515490539242,2.9194176732625223,1.0,2.0,4.25,1.9194176732625223,1.0,3.25,2024-10-18,0.373301115227731,2.607427073009125,1.607427073009125,0.3119906002533975,,,,,
6,Health Care | price_contribution | CUUR0000SEGB,Health Care,price_contribution,CUUR0000SEGB,Expanding,2024-09-30,One month,2024-08-14,2024-08-14,1,Flat level,10,2.4132031844812296,0.5202874585826232,0.47653869819652694,2.6611402926821723,1.0,2.0,4.25,1.6611402926821723,1.0,3.25,2024-10-18,0.373301115227731,2.607427073009125,1.607427073009125,0.053713219673047534,,,,,
7,Health Care | price_contribution | CUUR0000SEGB,Health Care,price_contribution,CUUR0000SEGB,Expanding,2024-09-30,One month,2024-08-14,2024-08-14,1,Recent trend,10,2.4132031844812296,0.5202874585826232,0.5463923888466171,2.6974842918631246,1.0,2.0,4.25,1.6974842918631246,1.0,3.25,2024-10-18,0.373301115227731,2.607427073009125,1.607427073009125,0.0900572188539997,,,,,
8,Health Care | price_contribution | CUUR0000SEGB,Health Care,price_contribution,CUUR0000SEGB,Expanding,2024-09-30,One month,2024-08-14,2024-08-14,1,Seasonal step,10,2.4132031844812296,0.5202874585826232,0.9637676061960088,2.9146393829732093,1.0,2.0,4.25,1.9146393829732093,1.0,3.25,2024-10-18,0.373301115227731,2.607427073009125,1.607427073009125,0.30721230996408466,,,,,
9,Health Care | price_contribution | CUUR0000SEGB,Health Care,price_contribution,CUUR0000SEGB,Expanding,2024-09-30,Two months,2024-09-11,2024-09-11,2,YoY carry,10,2.4132031844812296,0.5202874585826232,0.5503919068613472,2.6995651909265637,1.0,2.0,4.25,1.6995651909265637,1.0,3.25,2024-10-18,0.373301115227731,2.607427073009125,1.607427073009125,0.09213811791743903,,,,,
10,Health Care | price_contribution | CUUR0000SEGB,Health Care,price_contribution,CUUR0000SEGB,Expanding,2024-09-30,Two months,2024-09-11,2024-09-11,2,Flat level,10,2.4132031844812296,0.5202874585826232,0.24200984123481373,2.539117869729275,1.0,2.0,4.25,1.539117869729275,1.0,3.25,2024-10-18,0.373301115227731,2.607427073009125,1.607427073009125,-0.06830920327984978,,,,,
11,Health Care | price_contribution | CUUR0000SEGB,Health Care,price_contribution,CUUR0000SEGB,Expanding,2024-09-30,Two months,2024-09-11,2024-09-11,2,Recent trend,10,2.4132031844812296,0.5202874585826232,0.22050201144965254,2.527927615630726,1.0,2.0,4.25,1.527927615630726,1.0,3.25,2024-10-18,0.373301115227731,2.607427073009125,1.607427073009125,-0.07949945737839895,,,,,
12,Health Care | price_contribution | CUUR0000SEGB,Health Care,price_contribution,CUUR0000SEGB,Expanding,2024-09-30,Two months,2024-09-11,2024-09-11,2,Seasonal step,10,2.4132031844812296,0.5202874585826232,0.3681675557887232,2.6047561464151205,1.0,2.0,4.25,1.6047561464151205,1.0,3.25,2024-10-18,0.373301115227731,2.607427073009125,1.607427073009125,-0.0026709265940042257,,,,,
13,Health Care | price_contribution | CUUR0000SEGB,Health Care,price_contribution,CUUR0000SEGB,Expanding,2024-09-30,Pre-earnings,2024-10-17,2024-10-17,3,YoY carry,14,1.3556789650290924,0.7116235919433743,0.373301115227731,1.6213288455239176,1.0,2.0,4.25,0.6213288455239176,1.0,3.25,2024-10-18,0.373301115227731,1.6213288455239176,0.6213288455239176,0.0,,,,,
14,Health Care | price_contribution | CUUR0000SEGB,Health Care,price_contribution,CUUR0000SEGB,Expanding,2024-09-30,Pre-earnings,2024-10-17,2024-10-17,3,Flat level,14,1.3556789650290924,0.7116235919433743,0.373301115227731,1.6213288455239176,1.0,2.0,4.25,0.6213288455239176,1.0,3.25,2024-10-18,0.373301115227731,1.6213288455239176,0.6213288455239176,0.0,,,,,
15,Health Care | price_contribution | CUUR0000SEGB,Health Care,price_contribution,CUUR0000SEGB,Expanding,2024-09-30,Pre-earnings,2024-10-17,2024-10-17,3,Recent trend,14,1.3556789650290924,0.7116235919433743,0.373301115227731,1.6213288455239176,1.0,2.0,4.25,0.6213288455239176,1.0,3.25,2024-10-18,0.373301115227731,1.6213288455239176,0.6213288455239176,0.0,,,,,
16,Health Care | price_contribution | CUUR0000SEGB,Health Care,price_contribution,CUUR0000SEGB,Expanding,2024-09-30,Pre-earnings,2024-10-17,2024-10-17,3,Seasonal step,14,1.3556789650290924,0.7116235919433743,0.373301115227731,1.6213288455239176,1.0,2.0,4.25,0.6213288455239176,1.0,3.25,2024-10-18,0.373301115227731,1.6213288455239176,0.6213288455239176,0.0,,,,,
17,Health Care | price_contribution | CUUR0000SEGB,Health Care,price_contribution,CUUR0000SEGB,Expanding,2024-12-31,Origin,2024-10-01,2024-10-01,0,YoY carry,14,1.3556789650290924,0.7116235919433743,0.672385931020969,1.8341646564344243,1.0,2.0,4.25,0.8341646564344243,1.0,3.25,2025-01-22,0.341068456777438,1.5983913253396362,0.5983913253396362,0.23577333109478793,,,,,
18,Health Care | price_contribution | CUUR0000SEGB,Health Care,price_contribution,CUUR0000SEGB,Expanding,2024-12-31,Origin,2024-10-01,2024-10-01,0,Flat level,14,1.3556789650290924,0.7116235919433743,0.10583593560089533,1.4309943136780892,1.0,2.0,4.25,0.43099431367808916,1.0,3.25,2025-01-22,0.341068456777438,1.5983913253396362,0.5983913253396362,-0.1673970116615472,,,,,
19,Health Care | price_contribution | CUUR0000SEGB,Health Care,price_contribution,CUUR0000SEGB,Expanding,2024-12-31,Origin,2024-10-01,2024-10-01,0,Recent trend,14,1.3556789650290924,0.7116235919433743,-0.08769797490602027,1.2932710171203103,1.0,2.0,4.25,0.29327101712031034,1.0,3.25,2025-01-22,0.341068456777438,1.5983913253396362,0.5983913253396362,-0.305120308219326,,,,,
20,Health Care | price_contribution | CUUR0000SEGB,Health Care,price_contribution,CUUR0000SEGB,Expanding,2024-12-31,Origin,2024-10-01,2024-10-01,0,Seasonal step,14,1.3556789650290924,0.7116235919433743,0.5333610757373597,1.7352312895480944,1.0,2.0,4.25,0.7352312895480944,1.0,3.25,2025-01-22,0.341068456777438,1.5983913253396362,0.5983913253396362,0.13683996420845806,,,,,
21,Health Care | price_contribution | CUUR0000SEGB,Health Care,price_contribution,CUUR0000SEGB,Expanding,2024-12-31,One month,2024-11-13,2024-11-13,1,YoY carry,11,1.8473218095476822,0.6201248572543776,0.07572588244633138,1.8942813115901753,1.0,1.0,3.0,0.8942813115901753,0.0,2.0,2025-01-22,0.341068456777438,2.058826837620762,1.058826837620762,-0.1645455260305866,,,,,
22,Health Care | price_contribution | CUUR0000SEGB,Health Care,price_contribution,CUUR0000SEGB,Expanding,2024-12-31,One month,2024-11-13,2024-11-13,1,Flat level,11,1.8473218095476822,0.6201248572543776,0.7688999420333298,2.324135776344,1.0,1.0,3.0,1.3241357763439998,0.0,2.0,2025-01-22,0.341068456777438,2.058826837620762,1.058826837620762,0.26530893872323824,,,,,
23,Health Care | price_contribution | CUUR0000SEGB,Health Care,price_contribution,CUUR0000SEGB,Expanding,2024-12-31,One month,2024-11-13,2024-11-13,1,Recent trend,11,1.8473218095476822,0.6201248572543776,1.100431945249536,2.5297270125137077,1.0,1.0,3.0,1.5297270125137077,0.0,2.0,2025-01-22,0.341068456777438,2.058826837620762,1.058826837620762,0.47090017489294594,,,,,
24,Health Care | price_contribution | CUUR0000SEGB,Health Care,price_contribution,CUUR0000SEGB,Expanding,2024-12-31,One month,2024-11-13,2024-11-13,1,Seasonal step,11,1.8473218095476822,0.6201248572543776,0.4211198997851273,2.108468727288912,1.0,1.0,3.0,1.108468727288912,0.0,2.0,2025-01-22,0.341068456777438,2.058826837620762,1.058826837620762,0.049641889668150266,,,,,
25,Health Care | price_contribution | CUUR0000SEGB,Health Care,price_contribution,CUUR0000SEGB,Expanding,2024-12-31,Two months,2024-12-11,2024-12-11,2,YoY carry,11,1.8473218095476822,0.6201248572543776,0.24151602653232906,1.9970919010256873,1.0,1.0,3.0,0.9970919010256873,0.0,2.0,2025-01-22,0.341068456777438,2.058826837620762,1.058826837620762,-0.06173493659507458,,,,,
26,Health Care | price_contribution | CUUR0000SEGB,Health Care,price_contribution,CUUR0000SEGB,Expanding,2024-12-31,Two months,2024-12-11,2024-12-11,2,Flat level,11,1.8473218095476822,0.6201248572543776,0.6978440135380293,2.2800722288287747,1.0,1.0,3.0,1.2800722288287747,0.0,2.0,2025-01-22,0.341068456777438,2.058826837620762,1.058826837620762,0.22124539120801273,,,,,
27,Health Care | price_contribution | CUUR0000SEGB,Health Care,price_contribution,CUUR0000SEGB,Expanding,2024-12-31,Two months,2024-12-11,2024-12-11,2,Recent trend,11,1.8473218095476822,0.6201248572543776,0.7249574599375475,2.29688595090695,1.0,1.0,3.0,1.2968859509069501,0.0,2.0,2025-01-22,0.341068456777438,2.058826837620762,1.058826837620762,0.23805911328618817,,,,,
28,Health Care | price_contribution | CUUR0000SEGB,Health Care,price_contribution,CUUR0000SEGB,Expanding,2024-12-31,Two months,2024-12-11,2024-12-11,2,Seasonal step,11,1.8473218095476822,0.6201248572543776,0.634887559873154,2.241031366986602,1.0,1.0,3.0,1.241031366986602,0.0,2.0,2025-01-22,0.341068456777438,2.058826837620762,1.058826837620762,0.18220452936584014,,,,,
29,Health Care | price_contribution | CUUR0000SEGB,Health Care,price_contribution,CUUR0000SEGB,Expanding,2024-12-31,Pre-earnings,2025-01-21,2025-01-21,3,YoY carry,15,1.2724504947284347,0.7254455545433214,0.341068456777438,1.519877090492578,1.0,1.0,3.0,0.519877090492578,0.0,2.0,2025-01-22,0.341068456777438,1.519877090492578,0.519877090492578,0.0,,,,,
30,Health Care | price_contribution | CUUR0000SEGB,Health Care,price_contribution,CUUR0000SEGB,Expanding,2024-12-31,Pre-earnings,2025-01-21,2025-01-21,3,Flat level,15,1.2724504947284347,0.7254455545433214,0.341068456777438,1.519877090492578,1.0,1.0,3.0,0.519877090492578,0.0,2.0,2025-01-22,0.341068456777438,1.519877090492578,0.519877090492578,0.0,,,,,
31,Health Care | price_contribution | CUUR0000SEGB,Health Care,price_contribution,CUUR0000SEGB,Expanding,2024-12-31,Pre-earnings,2025-01-21,2025-01-21,3,Recent trend,15,1.2724504947284347,0.7254455545433214,0.341068456777438,1.519877090492578,1.0,1.0,3.0,0.519877090492578,0.0,2.0,2025-01-22,0.341068456777438,1.519877090492578,0.519877090492578,0.0,,,,,
32,Health Care | price_contribution | CUUR0000SEGB,Health Care,price_contribution,CUUR0000SEGB,Expanding,2024-12-31,Pre-earnings,2025-01-21,2025-01-21,3,Seasonal step,15,1.2724504947284347,0.7254455545433214,0.341068456777438,1.519877090492578,1.0,1.0,3.0,0.519877090492578,0.0,2.0,2025-01-22,0.341068456777438,1.519877090492578,0.519877090492578,0.0,,,,,
33,Health Care | price_contribution | CUUR0000SEGB,Health Care,price_contribution,CUUR0000SEGB,Expanding,2025-03-31,Origin,2025-01-01,2025-01-01,0,YoY carry,15,1.2724504947284347,0.7254455545433214,0.21719146092866737,1.430011074543906,1.0,1.0,3.0,0.4300110745439061,0.0,2.0,2025-04-24,0.23594619830289432,1.4436166153986665,0.4436166153986665,-0.013605540854760423,,,,,
34,Health Care | price_contribution | CUUR0000SEGB,Health Care,price_contribution,CUUR0000SEGB,Expanding,2025-03-31,Origin,2025-01-01,2025-01-01,0,Flat level,15,1.2724504947284347,0.7254455545433214,0.3296910148482102,1.511623375822945,1.0,1.0,3.0,0.5116233758229449,0.0,2.0,2025-04-24,0.23594619830289432,1.4436166153986665,0.4436166153986665,0.06800676042427858,,,,,
35,Health Care | price_contribution | CUUR0000SEGB,Health Care,price_contribution,CUUR0000SEGB,Expanding,2025-03-31,Origin,2025-01-01,2025-01-01,0,Recent trend,15,1.2724504947284347,0.7254455545433214,0.572905697932935,1.6880623864664213,1.0,1.0,3.0,0.6880623864664213,0.0,2.0,2025-04-24,0.23594619830289432,1.4436166153986665,0.4436166153986665,0.24444577106775495,,,,,
36,Health Care | price_contribution | CUUR0000SEGB,Health Care,price_contribution,CUUR0000SEGB,Expanding,2025-03-31,Origin,2025-01-01,2025-01-01,0,Seasonal step,15,1.2724504947284347,0.7254455545433214,1.4753017608673868,2.3427015987596147,1.0,1.0,3.0,1.3427015987596147,0.0,2.0,2025-04-24,0.23594619830289432,1.4436166153986665,0.4436166153986665,0.8990849833609483,,,,,
37,Health Care | price_contribution | CUUR0000SEGB,Health Care,price_contribution,CUUR0000SEGB,Expanding,2025-03-31,One month,2025-02-12,2025-02-12,1,YoY carry,12,1.5659173179731072,0.6698797267910008,0.44941970014988897,1.8669744639240085,1.0,1.0,2.0,0.8669744639240085,0.0,1.0,2025-04-24,0.23594619830289432,1.7239728928296254,0.7239728928296254,0.143001571094383,,,,,
38,Health Care | price_contribution | CUUR0000SEGB,Health Care,price_contribution,CUUR0000SEGB,Expanding,2025-03-31,One month,2025-02-12,2025-02-12,1,Flat level,12,1.5659173179731072,0.6698797267910008,-0.33285932872747503,1.3429416017853102,1.0,1.0,2.0,0.3429416017853102,0.0,1.0,2025-04-24,0.23594619830289432,1.7239728928296254,0.7239728928296254,-0.38103129104431505,,,,,
39,Health Care | price_contribution | CUUR0000SEGB,Health Care,price_contribution,CUUR0000SEGB,Expanding,2025-03-31,One month,2025-02-12,2025-02-12,1,Recent trend,12,1.5659173179731072,0.6698797267910008,-0.6641345005153232,1.1210270802154247,1.0,1.0,2.0,0.12102708021542474,0.0,1.0,2025-04-24,0.23594619830289432,1.7239728928296254,0.7239728928296254,-0.6029458126142007,,,,,
40,Health Care | price_contribution | CUUR0000SEGB,Health Care,price_contribution,CUUR0000SEGB,Expanding,2025-03-31,One month,2025-02-12,2025-02-12,1,Seasonal step,12,1.5659173179731072,0.6698797267910008,0.46793629867183384,1.8793783578829875,1.0,1.0,2.0,0.8793783578829875,0.0,1.0,2025-04-24,0.23594619830289432,1.7239728928296254,0.7239728928296254,0.15540546505336206,,,,,
41,Health Care | price_contribution | CUUR0000SEGB,Health Care,price_contribution,CUUR0000SEGB,Expanding,2025-03-31,Two months,2025-03-12,2025-03-12,2,YoY carry,12,1.5659173179731072,0.6698797267910008,0.36316388950332623,1.8091934450539526,1.0,1.0,2.0,0.8091934450539526,0.0,1.0,2025-04-24,0.23594619830289432,1.7239728928296254,0.7239728928296254,0.08522055222432724,,,,,
42,Health Care | price_contribution | CUUR0000SEGB,Health Care,price_contribution,CUUR0000SEGB,Expanding,2025-03-31,Two months,2025-03-12,2025-03-12,2,Flat level,12,1.5659173179731072,0.6698797267910008,0.25048316786659974,1.7337109140293294,1.0,1.0,2.0,0.7337109140293294,0.0,1.0,2025-04-24,0.23594619830289432,1.7239728928296254,0.7239728928296254,0.009738021199704086,,,,,
43,Health Care | price_contribution | CUUR0000SEGB,Health Care,price_contribution,CUUR0000SEGB,Expanding,2025-03-31,Two months,2025-03-12,2025-03-12,2,Recent trend,12,1.5659173179731072,0.6698797267910008,0.46369205480065734,1.8765352249581293,1.0,1.0,2.0,0.8765352249581293,0.0,1.0,2025-04-24,0.23594619830289432,1.7239728928296254,0.7239728928296254,0.15256233212850398,,,,,
44,Health Care | price_contribution | CUUR0000SEGB,Health Care,price_contribution,CUUR0000SEGB,Expanding,2025-03-31,Two months,2025-03-12,2025-03-12,2,Seasonal step,12,1.5659173179731072,0.6698797267910008,0.5240093371136734,1.9169405495547482,1.0,1.0,2.0,0.9169405495547482,0.0,1.0,2025-04-24,0.23594619830289432,1.7239728928296254,0.7239728928296254,0.1929676567251228,,,,,
45,Health Care | price_contribution | CUUR0000SEGB,Health Care,price_contribution,CUUR0000SEGB,Expanding,2025-03-31,Pre-earnings,2025-04-23,2025-04-23,3,YoY carry,16,1.2102868897109689,0.7358313054642796,0.23594619830289432,1.3839034888275215,1.0,1.0,2.0,0.38390348882752146,0.0,1.0,2025-04-24,0.23594619830289432,1.3839034888275215,0.38390348882752146,0.0,,,,,
46,Health Care | price_contribution | CUUR0000SEGB,Health Care,price_contribution,CUUR0000SEGB,Expanding,2025-03-31,Pre-earnings,2025-04-23,2025-04-23,3,Flat level,16,1.2102868897109689,0.7358313054642796,0.23594619830289432,1.3839034888275215,1.0,1.0,2.0,0.38390348882752146,0.0,1.0,2025-04-24,0.23594619830289432,1.3839034888275215,0.38390348882752146,0.0,,,,,
47,Health Care | price_contribution | CUUR0000SEGB,Health Care,price_contribution,CUUR0000SEGB,Expanding,2025-03-31,Pre-earnings,2025-04-23,2025-04-23,3,Recent trend,16,1.2102868897109689,0.7358313054642796,0.23594619830289432,1.3839034888275215,1.0,1.0,2.0,0.38390348882752146,0.0,1.0,2025-04-24,0.23594619830289432,1.3839034888275215,0.38390348882752146,0.0,,,,,
48,Health Care | price_contribution | CUUR0000SEGB,Health Care,price_contribution,CUUR0000SEGB,Expanding,2025-03-31,Pre-earnings,2025-04-23,2025-04-23,3,Seasonal step,16,1.2102868897109689,0.7358313054642796,0.23594619830289432,1.3839034888275215,1.0,1.0,2.0,0.38390348882752146,0.0,1.0,2025-04-24,0.23594619830289432,1.3839034888275215,0.38390348882752146,0.0,,,,,
49,Health Care | price_contribution | CUUR0000SEGB,Health Care,price_contribution,CUUR0000SEGB,Expanding,2025-06-30,Origin,2025-04-01,2025-04-01,0,YoY carry,16,1.2102868897109689,0.7358313054642796,0.4021029127773579,1.5061668009509215,1.0,1.0,2.0,0.5061668009509215,0.0,1.0,2025-07-29,0.5057825004843641,1.582457487323366,0.5824574873233661,-0.07629068637244468,,,,,
50,Health Care | price_contribution | CUUR0000SEGB,Health Care,price_contribution,CUUR0000SEGB,Expanding,2025-06-30,Origin,2025-04-01,2025-04-01,0,Flat level,16,1.2102868897109689,0.7358313054642796,0.4992622840876981,1.5776597079802979,1.0,1.0,2.0,0.5776597079802979,0.0,1.0,2025-07-29,0.5057825004843641,1.582457487323366,0.5824574873233661,-0.004797779343068344,,,,,
51,Health Care | price_contribution | CUUR0000SEGB,Health Care,price_contribution,CUUR0000SEGB,Expanding,2025-06-30,Origin,2025-04-01,2025-04-01,0,Recent trend,16,1.2102868897109689,0.7358313054642796,2.4173236560902644,2.9890293113015534,1.0,1.0,2.0,1.9890293113015534,0.0,1.0,2025-07-29,0.5057825004843641,1.582457487323366,0.5824574873233661,1.4065718239781873,,,,,
52,Health Care | price_contribution | CUUR0000SEGB,Health Care,price_contribution,CUUR0000SEGB,Expanding,2025-06-30,Origin,2025-04-01,2025-04-01,0,Seasonal step,16,1.2102868897109689,0.7358313054642796,1.914078474553338,2.6187257524026286,1.0,1.0,2.0,1.6187257524026286,0.0,1.0,2025-07-29,0.5057825004843641,1.582457487323366,0.5824574873233661,1.036268265079262,,,,,
53,Health Care | price_contribution | CUUR0000SEGB,Health Care,price_contribution,CUUR0000SEGB,Expanding,2025-06-30,One month,2025-05-13,2025-05-13,1,YoY carry,13,1.410070510963585,0.6976862088531262,0.29298556446168966,1.6144824986815545,1.0,1.0,1.25,0.6144824986815545,0.0,0.25,2025-07-29,0.5057825004843641,1.7629479862307753,0.7629479862307753,-0.14846548754922098,,,,,
54,Health Care | price_contribution | CUUR0000SEGB,Health Care,price_contribution,CUUR0000SEGB,Expanding,2025-06-30,One month,2025-05-13,2025-05-13,1,Flat level,13,1.410070510963585,0.6976862088531262,0.5998599084934053,1.828584496363332,1.0,1.0,1.25,0.828584496363332,0.0,0.25,2025-07-29,0.5057825004843641,1.7629479862307753,0.7629479862307753,0.06563651013255667,,,,,
55,Health Care | price_contribution | CUUR0000SEGB,Health Care,price_contribution,CUUR0000SEGB,Expanding,2025-06-30,One month,2025-05-13,2025-05-13,1,Recent trend,13,1.410070510963585,0.6976862088531262,0.65015872069627,1.8636772839589641,1.0,1.0,1.25,0.8636772839589641,0.0,0.25,2025-07-29,0.5057825004843641,1.7629479862307753,0.7629479862307753,0.1007292977281887,,,,,
56,Health Care | price_contribution | CUUR0000SEGB,Health Care,price_contribution,CUUR0000SEGB,Expanding,2025-06-30,One month,2025-05-13,2025-05-13,1,Seasonal step,13,1.410070510963585,0.6976862088531262,0.8576893095995075,2.0084685137519207,1.0,1.0,1.25,1.0084685137519207,0.0,0.25,2025-07-29,0.5057825004843641,1.7629479862307753,0.7629479862307753,0.24552052752114512,,,,,
57,Health Care | price_contribution | CUUR0000SEGB,Health Care,price_contribution,CUUR0000SEGB,Expanding,2025-06-30,Two months,2025-06-11,2025-06-11,2,YoY carry,13,1.410070510963585,0.6976862088531262,0.39150232338920343,1.683216282726189,1.0,1.0,1.25,0.683216282726189,0.0,0.25,2025-07-29,0.5057825004843641,1.7629479862307753,0.7629479862307753,-0.07973170350458653,,,,,
58,Health Care | price_contribution | CUUR0000SEGB,Health Care,price_contribution,CUUR0000SEGB,Expanding,2025-06-30,Two months,2025-06-11,2025-06-11,2,Flat level,13,1.410070510963585,0.6976862088531262,0.47653467264787697,1.7425421801103478,1.0,1.0,1.25,0.7425421801103478,0.0,0.25,2025-07-29,0.5057825004843641,1.7629479862307753,0.7629479862307753,-0.02040580612042766,,,,,
59,Health Care | price_contribution | CUUR0000SEGB,Health Care,price_contribution,CUUR0000SEGB,Expanding,2025-06-30,Two months,2025-06-11,2025-06-11,2,Recent trend,13,1.410070510963585,0.6976862088531262,0.46973501840563703,1.7377981551205672,1.0,1.0,1.25,0.7377981551205672,0.0,0.25,2025-07-29,0.5057825004843641,1.7629479862307753,0.7629479862307753,-0.025149831110208118,,,,,
60,Health Care | price_contribution | CUUR0000SEGB,Health Care,price_contribution,CUUR0000SEGB,Expanding,2025-06-30,Two months,2025-06-11,2025-06-11,2,Seasonal step,13,1.410070510963585,0.6976862088531262,0.545190912843041,1.7904426920462213,1.0,1.0,1.25,0.7904426920462213,0.0,0.25,2025-07-29,0.5057825004843641,1.7629479862307753,0.7629479862307753,0.027494705815445948,,,,,
61,Health Care | price_contribution | CUUR0000SEGB,Health Care,price_contribution,CUUR0000SEGB,Expanding,2025-06-30,Pre-earnings,2025-07-28,2025-07-28,3,YoY carry,17,1.1683726059882393,0.7429839252380669,0.5057825004843641,1.5441608735148367,1.0,1.0,1.25,0.5441608735148367,0.0,0.25,2025-07-29,0.5057825004843641,1.5441608735148367,0.5441608735148367,0.0,,,,,
62,Health Care | price_contribution | CUUR0000SEGB,Health Care,price_contribution,CUUR0000SEGB,Expanding,2025-06-30,Pre-earnings,2025-07-28,2025-07-28,3,Flat level,17,1.1683726059882393,0.7429839252380669,0.5057825004843641,1.5441608735148367,1.0,1.0,1.25,0.5441608735148367,0.0,0.25,2025-07-29,0.5057825004843641,1.5441608735148367,0.5441608735148367,0.0,,,,,
63,Health Care | price_contribution | CUUR0000SEGB,Health Care,price_contribution,CUUR0000SEGB,Expanding,2025-06-30,Pre-earnings,2025-07-28,2025-07-28,3,Recent trend,17,1.1683726059882393,0.7429839252380669,0.5057825004843641,1.5441608735148367,1.0,1.0,1.25,0.5441608735148367,0.0,0.25,2025-07-29,0.5057825004843641,1.5441608735148367,0.5441608735148367,0.0,,,,,
64,Health Care | price_contribution | CUUR0000SEGB,Health Care,price_contribution,CUUR0000SEGB,Expanding,2025-06-30,Pre-earnings,2025-07-28,2025-07-28,3,Seasonal step,17,1.1683726059882393,0.7429839252380669,0.5057825004843641,1.5441608735148367,1.0,1.0,1.25,0.5441608735148367,0.0,0.25,2025-07-29,0.5057825004843641,1.5441608735148367,0.5441608735148367,0.0,,,,,
65,Health Care | price_contribution | CUUR0000SEGB,Health Care,price_contribution,CUUR0000SEGB,Expanding,2025-09-30,Origin,2025-07-01,2025-07-01,0,YoY carry,17,1.1683726059882393,0.7429839252380669,0.2991645223175299,1.390647037071689,1.0,1.0,1.25,0.390647037071689,0.0,0.25,2025-10-24,1.0082264270475205,1.9174686342847576,0.9174686342847576,-0.5268215972130686,,,,,
66,Health Care | price_contribution | CUUR0000SEGB,Health Care,price_contribution,CUUR0000SEGB,Expanding,2025-09-30,Origin,2025-07-01,2025-07-01,0,Flat level,17,1.1683726059882393,0.7429839252380669,0.4348919757399594,1.4914903531780526,1.0,1.0,1.25,0.49149035317805256,0.0,0.25,2025-10-24,1.0082264270475205,1.9174686342847576,0.9174686342847576,-0.4259782811067051,,,,,
67,Health Care | price_contribution | CUUR0000SEGB,Health Care,price_contribution,CUUR0000SEGB,Expanding,2025-09-30,Origin,2025-07-01,2025-07-01,0,Recent trend,17,1.1683726059882393,0.7429839252380669,0.3736828866094388,1.4460129838756117,1.0,1.0,1.25,0.4460129838756117,0.0,0.25,2025-10-24,1.0082264270475205,1.9174686342847576,0.9174686342847576,-0.47145565040914594,,,,,
68,Health Care | price_contribution | CUUR0000SEGB,Health Care,price_contribution,CUUR0000SEGB,Expanding,2025-09-30,Origin,2025-07-01,2025-07-01,0,Seasonal step,17,1.1683726059882393,0.7429839252380669,1.41747378869721,2.221532845436567,1.0,1.0,1.25,1.2215328454365668,0.0,0.25,2025-10-24,1.0082264270475205,1.9174686342847576,0.9174686342847576,0.304064211151809,,,,,
69,Health Care | price_contribution | CUUR0000SEGB,Health Care,price_contribution,CUUR0000SEGB,Expanding,2025-09-30,One month,2025-08-12,2025-08-12,1,YoY carry,14,1.2787592702220674,0.7204074003654459,0.4640306517604387,1.6130503857466885,1.0,1.0,1.0,0.6130503857466885,0.0,0.0,2025-10-24,1.0082264270475205,2.0050930495111134,1.0050930495111134,-0.39204266376442504,,,,,
70,Health Care | price_contribution | CUUR0000SEGB,Health Care,price_contribution,CUUR0000SEGB,Expanding,2025-09-30,One month,2025-08-12,2025-08-12,1,Flat level,14,1.2787592702220674,0.7204074003654459,0.4930266357360269,1.6339393071835802,1.0,1.0,1.0,0.6339393071835802,0.0,0.0,2025-10-24,1.0082264270475205,2.0050930495111134,1.0050930495111134,-0.3711537423275334,,,,,
71,Health Care | price_contribution | CUUR0000SEGB,Health Care,price_contribution,CUUR0000SEGB,Expanding,2025-09-30,One month,2025-08-12,2025-08-12,1,Recent trend,14,1.2787592702220674,0.7204074003654459,0.5220939657340828,1.6548796268230441,1.0,1.0,1.0,0.6548796268230441,0.0,0.0,2025-10-24,1.0082264270475205,2.0050930495111134,1.0050930495111134,-0.3502134226880694,,,,,
72,Health Care | price_contribution | CUUR0000SEGB,Health Care,price_contribution,CUUR0000SEGB,Expanding,2025-09-30,One month,2025-08-12,2025-08-12,1,Seasonal step,14,1.2787592702220674,0.7204074003654459,0.8095741438721715,1.8619824746121,1.0,1.0,1.0,0.8619824746121001,0.0,0.0,2025-10-24,1.0082264270475205,2.0050930495111134,1.0050930495111134,-0.14311057489901358,,,,,
73,Health Care | price_contribution | CUUR0000SEGB,Health Care,price_contribution,CUUR0000SEGB,Expanding,2025-09-30,Two months,2025-09-11,2025-09-11,2,YoY carry,14,1.2787592702220674,0.7204074003654459,0.7549675714320525,1.8226434957176463,1.0,1.0,1.0,0.8226434957176463,0.0,0.0,2025-10-24,1.0082264270475205,2.0050930495111134,1.0050930495111134,-0.18244955379346714,,,,,
74,Health Care | price_contribution | CUUR0000SEGB,Health Care,price_contribution,CUUR0000SEGB,Expanding,2025-09-30,Two months,2025-09-11,2025-09-11,2,Flat level,14,1.2787592702220674,0.7204074003654459,0.7635763995639921,1.82884535921237,1.0,1.0,1.0,0.8288453592123699,0.0,0.0,2025-10-24,1.0082264270475205,2.0050930495111134,1.0050930495111134,-0.17624769029874357,,,,,
75,Health Care | price_contribution | CUUR0000SEGB,Health Care,price_contribution,CUUR0000SEGB,Expanding,2025-09-30,Two months,2025-09-11,2025-09-11,2,Recent trend,14,1.2787592702220674,0.7204074003654459,0.8262761210020786,1.8740147025372194,1.0,1.0,1.0,0.8740147025372194,0.0,0.0,2025-10-24,1.0082264270475205,2.0050930495111134,1.0050930495111134,-0.13107834697389412,,,,,
76,Health Care | price_contribution | CUUR0000SEGB,Health Care,price_contribution,CUUR0000SEGB,Expanding,2025-09-30,Two months,2025-09-11,2025-09-11,2,Seasonal step,14,1.2787592702220674,0.7204074003654459,0.89588274076422,1.9241598265282898,1.0,1.0,1.0,0.9241598265282898,0.0,0.0,2025-10-24,1.0082264270475205,2.0050930495111134,1.0050930495111134,-0.08093322298282371,,,,,
77,Health Care | price_contribution | CUUR0000SEGB,Health Care,price_contribution,CUUR0000SEGB,Expanding,2025-09-30,Pre-earnings,2025-10-23,2025-10-23,2,YoY carry,18,1.116866358983772,0.7512278657849448,0.7549675714320525,1.6840190364075156,1.0,1.0,1.0,0.6840190364075156,0.0,0.0,2025-10-24,1.0082264270475205,1.8742741460026613,0.8742741460026613,-0.19025510959514552,,,,,
78,Health Care | price_contribution | CUUR0000SEGB,Health Care,price_contribution,CUUR0000SEGB,Expanding,2025-09-30,Pre-earnings,2025-10-23,2025-10-23,2,Flat level,18,1.116866358983772,0.7512278657849448,0.7635763995639921,1.6904862279919821,1.0,1.0,1.0,0.6904862279919821,0.0,0.0,2025-10-24,1.0082264270475205,1.8742741460026613,0.8742741460026613,-0.18378791801067912,,,,,
79,Health Care | price_contribution | CUUR0000SEGB,Health Care,price_contribution,CUUR0000SEGB,Expanding,2025-09-30,Pre-earnings,2025-10-23,2025-10-23,2,Recent trend,18,1.116866358983772,0.7512278657849448,0.8262761210020786,1.7375880059132263,1.0,1.0,1.0,0.7375880059132263,0.0,0.0,2025-10-24,1.0082264270475205,1.8742741460026613,0.8742741460026613,-0.1366861400894349,,,,,
80,Health Care | price_contribution | CUUR0000SEGB,Health Care,price_contribution,CUUR0000SEGB,Expanding,2025-09-30,Pre-earnings,2025-10-23,2025-10-23,2,Seasonal step,18,1.116866358983772,0.7512278657849448,0.89588274076422,1.789878438321644,1.0,1.0,1.0,0.789878438321644,0.0,0.0,2025-10-24,1.0082264270475205,1.8742741460026613,0.8742741460026613,-0.08439570768101722,,,,,
81,Health Care | price_contribution | CUUR0000SEGB,Health Care,price_contribution,CUUR0000SEGB,Expanding,2025-12-31,Origin,2025-10-01,2025-10-01,0,YoY carry,18,1.116866358983772,0.7512278657849448,0.7271943192673103,1.6631549954578893,1.0,1.0,1.0,0.6631549954578893,0.0,0.0,2026-01-23,,,,,,,,,
82,Health Care | price_contribution | CUUR0000SEGB,Health Care,price_contribution,CUUR0000SEGB,Expanding,2025-12-31,Origin,2025-10-01,2025-10-01,0,Flat level,18,1.116866358983772,0.7512278657849448,0.9122013216203761,1.8021374109908532,1.0,1.0,1.0,0.8021374109908532,0.0,0.0,2026-01-23,,,,,,,,,
83,Health Care | price_contribution | CUUR0000SEGB,Health Care,price_contribution,CUUR0000SEGB,Expanding,2025-12-31,Origin,2025-10-01,2025-10-01,0,Recent trend,18,1.116866358983772,0.7512278657849448,1.4765734773971362,2.226109501083477,1.0,1.0,1.0,1.226109501083477,0.0,0.0,2026-01-23,,,,,,,,,
84,Health Care | price_contribution | CUUR0000SEGB,Health Care,price_contribution,CUUR0000SEGB,Expanding,2025-12-31,Origin,2025-10-01,2025-10-01,0,Seasonal step,18,1.116866358983772,0.7512278657849448,1.2779007789752495,2.0768610338582674,1.0,1.0,1.0,1.0768610338582674,0.0,0.0,2026-01-23,,,,,,,,,
85,Health Care | price_contribution | CUUR0000SEGB,Health Care,price_contribution,CUUR0000SEGB,Expanding,2026-03-31,One month,2026-02-13,2026-02-13,1,YoY carry,15,1.1412920590782236,0.7422720897848771,1.5405628556640405,2.284808869396929,2.0,1.0,1.0,0.28480886939692907,-1.0,-1.0,2026-04-24,1.9491325309717533,2.5880787361103135,0.5880787361103135,-0.3032698667133847,,,,,
86,Health Care | price_contribution | CUUR0000SEGB,Health Care,price_contribution,CUUR0000SEGB,Expanding,2026-03-31,One month,2026-02-13,2026-02-13,1,Flat level,15,1.1412920590782236,0.7422720897848771,1.2944634818873757,2.1021361729289745,2.0,1.0,1.0,0.10213617292897448,-1.0,-1.0,2026-04-24,1.9491325309717533,2.5880787361103135,0.5880787361103135,-0.48594256318133927,,,,,
87,Health Care | price_contribution | CUUR0000SEGB,Health Care,price_contribution,CUUR0000SEGB,Expanding,2026-03-31,One month,2026-02-13,2026-02-13,1,Recent trend,15,1.1412920590782236,0.7422720897848771,1.530133183595539,2.2770672149148714,2.0,1.0,1.0,0.2770672149148714,-1.0,-1.0,2026-04-24,1.9491325309717533,2.5880787361103135,0.5880787361103135,-0.3110115211954423,,,,,
88,Health Care | price_contribution | CUUR0000SEGB,Health Care,price_contribution,CUUR0000SEGB,Expanding,2026-03-31,One month,2026-02-13,2026-02-13,1,Seasonal step,15,1.1412920590782236,0.7422720897848771,1.96236328719539,2.597899557181867,2.0,1.0,1.0,0.5978995571818668,-1.0,-1.0,2026-04-24,1.9491325309717533,2.5880787361103135,0.5880787361103135,0.009820821071553064,,,,,
89,Health Care | price_contribution | CUUR0000SEGB,Health Care,price_contribution,CUUR0000SEGB,Expanding,2026-03-31,Two months,2026-03-11,2026-03-11,2,YoY carry,15,1.1412920590782236,0.7422720897848771,1.7749273623215212,2.458771101524979,2.0,1.0,1.0,0.45877110152497913,-1.0,-1.0,2026-04-24,1.9491325309717533,2.5880787361103135,0.5880787361103135,-0.12930763458533479,,,,,
90,Health Care | price_contribution | CUUR0000SEGB,Health Care,price_contribution,CUUR0000SEGB,Expanding,2026-03-31,Two months,2026-03-11,2026-03-11,2,Flat level,15,1.1412920590782236,0.7422720897848771,1.7987129738262553,2.476426497083409,2.0,1.0,1.0,0.4764264970834091,-1.0,-1.0,2026-04-24,1.9491325309717533,2.5880787361103135,0.5880787361103135,-0.11165223902690458,,,,,
91,Health Care | price_contribution | CUUR0000SEGB,Health Care,price_contribution,CUUR0000SEGB,Expanding,2026-03-31,Two months,2026-03-11,2026-03-11,2,Recent trend,15,1.1412920590782236,0.7422720897848771,2.050372888036911,2.6632266275196352,2.0,1.0,1.0,0.6632266275196352,-1.0,-1.0,2026-04-24,1.9491325309717533,2.5880787361103135,0.5880787361103135,0.07514789140932172,,,,,
92,Health Care | price_contribution | CUUR0000SEGB,Health Care,price_contribution,CUUR0000SEGB,Expanding,2026-03-31,Two months,2026-03-11,2026-03-11,2,Seasonal step,15,1.1412920590782236,0.7422720897848771,1.8736481068248212,2.5320487548525623,2.0,1.0,1.0,0.5320487548525623,-1.0,-1.0,2026-04-24,1.9491325309717533,2.5880787361103135,0.5880787361103135,-0.056029981257751355,,,,,
93,Health Care | price_contribution | CUUR0000SEGB,Health Care,price_contribution,CUUR0000SEGB,Expanding,2026-03-31,Pre-earnings,2026-04-23,2026-04-23,3,YoY carry,19,1.0474973721280845,0.7605774211647279,1.9491325309717533,2.52996356604286,2.0,1.0,1.0,0.5299635660428601,-1.0,-1.0,2026-04-24,1.9491325309717533,2.52996356604286,0.5299635660428601,0.0,,,,,
94,Health Care | price_contribution | CUUR0000SEGB,Health Care,price_contribution,CUUR0000SEGB,Expanding,2026-03-31,Pre-earnings,2026-04-23,2026-04-23,3,Flat level,19,1.0474973721280845,0.7605774211647279,1.9491325309717533,2.52996356604286,2.0,1.0,1.0,0.5299635660428601,-1.0,-1.0,2026-04-24,1.9491325309717533,2.52996356604286,0.5299635660428601,0.0,,,,,
95,Health Care | price_contribution | CUUR0000SEGB,Health Care,price_contribution,CUUR0000SEGB,Expanding,2026-03-31,Pre-earnings,2026-04-23,2026-04-23,3,Recent trend,19,1.0474973721280845,0.7605774211647279,1.9491325309717533,2.52996356604286,2.0,1.0,1.0,0.5299635660428601,-1.0,-1.0,2026-04-24,1.9491325309717533,2.52996356604286,0.5299635660428601,0.0,,,,,
96,Health Care | price_contribution | CUUR0000SEGB,Health Care,price_contribution,CUUR0000SEGB,Expanding,2026-03-31,Pre-earnings,2026-04-23,2026-04-23,3,Seasonal step,19,1.0474973721280845,0.7605774211647279,1.9491325309717533,2.52996356604286,2.0,1.0,1.0,0.5299635660428601,-1.0,-1.0,2026-04-24,1.9491325309717533,2.52996356604286,0.5299635660428601,0.0,,,,,
97,Beauty | price_contribution | CUUR0000SEGB02,Beauty,price_contribution,CUUR0000SEGB02,Expanding,2024-09-30,Origin,2024-07-01,2024-07-01,0,YoY carry,13,3.4190727616086347,0.9269150746894717,0.982945840137095,4.330180078435015,1.0,4.0,5.75,3.3301800784350153,3.0,4.75,2024-10-18,-0.3714085127806688,3.0748086122442357,2.0748086122442357,1.25537146619078,,,,,
98,Beauty | price_contribution | CUUR0000SEGB02,Beauty,price_contribution,CUUR0000SEGB02,Expanding,2024-09-30,Origin,2024-07-01,2024-07-01,0,Flat level,13,3.4190727616086347,0.9269150746894717,-0.7105888009532602,2.7604172900995416,1.0,4.0,5.75,1.7604172900995416,3.0,4.75,2024-10-18,-0.3714085127806688,3.0748086122442357,2.0748086122442357,-0.31439132214469406,,,,,
99,Beauty | price_contribution | CUUR0000SEGB02,Beauty,price_contribution,CUUR0000SEGB02,Expanding,2024-09-30,Origin,2024-07-01,2024-07-01,0,Recent trend,13,3.4190727616086347,0.9269150746894717,-1.9829068464943478,1.5810865138880617,1.0,4.0,5.75,0.5810865138880617,3.0,4.75,2024-10-18,-0.3714085127806688,3.0748086122442357,2.0748086122442357,-1.4937220983561739,,,,,
100,Beauty | price_contribution | CUUR0000SEGB02,Beauty,price_contribution,CUUR0000SEGB02,Expanding,2024-09-30,Origin,2024-07-01,2024-07-01,0,Seasonal step,13,3.4190727616086347,0.9269150746894717,1.066748394650685,4.407857929511149,1.0,4.0,5.75,3.407857929511149,3.0,4.75,2024-10-18,-0.3714085127806688,3.0748086122442357,2.0748086122442357,1.333049317266913,,,,,
101,Beauty | price_contribution | CUUR0000SEGB02,Beauty,price_contribution,CUUR0000SEGB02,Expanding,2024-09-30,Two months,2024-10-01,2024-10-01,2,YoY carry,14,3.331605891535138,0.9423566400153798,-0.24604760177121543,3.099741300246173,1.0,3.0,4.5,2.099741300246173,2.0,3.5,2024-10-18,-0.3714085127806688,2.9816066133580374,1.9816066133580374,0.11813468688813548,,,,,
102,Beauty | price_contribution | CUUR0000SEGB02,Beauty,price_contribution,CUUR0000SEGB02,Expanding,2024-09-30,Two months,2024-10-01,2024-10-01,2,Flat level,14,3.331605891535138,0.9423566400153798,-0.42245105229509194,2.9335063373233736,1.0,3.0,4.5,1.9335063373233736,2.0,3.5,2024-10-18,-0.3714085127806688,2.9816066133580374,1.9816066133580374,-0.048100276034664075,,,,,
103,Beauty | price_contribution | CUUR0000SEGB02,Beauty,price_contribution,CUUR0000SEGB02,Expanding,2024-09-30,Two months,2024-10-01,2024-10-01,2,Recent trend,14,3.331605891535138,0.9423566400153798,-0.38839365818222893,2.9656005488072505,1.0,3.0,4.5,1.9656005488072505,2.0,3.5,2024-10-18,-0.3714085127806688,2.9816066133580374,1.9816066133580374,-0.016006064550786906,,,,,
104,Beauty | price_contribution | CUUR0000SEGB02,Beauty,price_contribution,CUUR0000SEGB02,Expanding,2024-09-30,Two months,2024-10-01,2024-10-01,2,Seasonal step,14,3.331605891535138,0.9423566400153798,-0.28630283025909975,3.061806518385279,1.0,3.0,4.5,2.061806518385279,2.0,3.5,2024-10-18,-0.3714085127806688,2.9816066133580374,1.9816066133580374,0.08019990502724142,,,,,
105,Beauty | price_contribution | CUUR0000SEGB02,Beauty,price_contribution,CUUR0000SEGB02,Expanding,2024-09-30,Pre-earnings,2024-10-17,2024-10-17,3,YoY carry,14,3.331605891535138,0.9423566400153798,-0.3714085127806688,2.9816066133580374,1.0,3.0,4.5,1.9816066133580374,2.0,3.5,2024-10-18,-0.3714085127806688,2.9816066133580374,1.9816066133580374,0.0,,,,,
106,Beauty | price_contribution | CUUR0000SEGB02,Beauty,price_contribution,CUUR0000SEGB02,Expanding,2024-09-30,Pre-earnings,2024-10-17,2024-10-17,3,Flat level,14,3.331605891535138,0.9423566400153798,-0.3714085127806688,2.9816066133580374,1.0,3.0,4.5,1.9816066133580374,2.0,3.5,2024-10-18,-0.3714085127806688,2.9816066133580374,1.9816066133580374,0.0,,,,,
107,Beauty | price_contribution | CUUR0000SEGB02,Beauty,price_contribution,CUUR0000SEGB02,Expanding,2024-09-30,Pre-earnings,2024-10-17,2024-10-17,3,Recent trend,14,3.331605891535138,0.9423566400153798,-0.3714085127806688,2.9816066133580374,1.0,3.0,4.5,1.9816066133580374,2.0,3.5,2024-10-18,-0.3714085127806688,2.9816066133580374,1.9816066133580374,0.0,,,,,
108,Beauty | price_contribution | CUUR0000SEGB02,Beauty,price_contribution,CUUR0000SEGB02,Expanding,2024-09-30,Pre-earnings,2024-10-17,2024-10-17,3,Seasonal step,14,3.331605891535138,0.9423566400153798,-0.3714085127806688,2.9816066133580374,1.0,3.0,4.5,1.9816066133580374,2.0,3.5,2024-10-18,-0.3714085127806688,2.9816066133580374,1.9816066133580374,0.0,,,,,
109,Beauty | price_contribution | CUUR0000SEGB02,Beauty,price_contribution,CUUR0000SEGB02,Expanding,2024-12-31,Origin,2024-10-01,2024-10-01,0,YoY carry,14,3.331605891535138,0.9423566400153798,-0.12100028060593182,3.2175804736624136,2.0,3.0,4.5,1.2175804736624136,1.0,2.5,2025-01-22,-0.5082703089794416,2.8526339909456926,0.8526339909456926,0.3649464827167215,,,,,
110,Beauty | price_contribution | CUUR0000SEGB02,Beauty,price_contribution,CUUR0000SEGB02,Expanding,2024-12-31,Origin,2024-10-01,2024-10-01,0,Flat level,14,3.331605891535138,0.9423566400153798,-0.016418353623381954,3.3161339469800235,2.0,3.0,4.5,1.3161339469800235,1.0,2.5,2025-01-22,-0.5082703089794416,2.8526339909456926,0.8526339909456926,0.4634999560343309,,,,,
111,Beauty | price_contribution | CUUR0000SEGB02,Beauty,price_contribution,CUUR0000SEGB02,Expanding,2024-12-31,Origin,2024-10-01,2024-10-01,0,Recent trend,14,3.331605891535138,0.9423566400153798,0.2909017868059527,3.6057391219240658,2.0,3.0,4.5,1.6057391219240658,1.0,2.5,2025-01-22,-0.5082703089794416,2.8526339909456926,0.8526339909456926,0.7531051309783734,,,,,
112,Beauty | price_contribution | CUUR0000SEGB02,Beauty,price_contribution,CUUR0000SEGB02,Expanding,2024-12-31,Origin,2024-10-01,2024-10-01,0,Seasonal step,14,3.331605891535138,0.9423566400153798,-0.3623906242188113,2.9901046805232228,2.0,3.0,4.5,0.9901046805232228,1.0,2.5,2025-01-22,-0.5082703089794416,2.8526339909456926,0.8526339909456926,0.13747068957753036,,,,,
113,Beauty | price_contribution | CUUR0000SEGB02,Beauty,price_contribution,CUUR0000SEGB02,Expanding,2024-12-31,Two months,2025-01-01,2025-01-01,2,YoY carry,15,3.1145883988274963,0.9945238475452968,-0.8358815965943567,2.283284217290171,2.0,1.0,3.0,0.28328421729017084,-1.0,1.0,2025-01-22,-0.5082703089794416,2.6091014555482253,0.6091014555482253,-0.3258172382580542,,,,,
114,Beauty | price_contribution | CUUR0000SEGB02,Beauty,price_contribution,CUUR0000SEGB02,Expanding,2024-12-31,Two months,2025-01-01,2025-01-01,2,Flat level,15,3.1145883988274963,0.9945238475452968,-0.1294255322865201,2.985871620487308,2.0,1.0,3.0,0.9858716204873081,-1.0,1.0,2025-01-22,-0.5082703089794416,2.6091014555482253,0.6091014555482253,0.37677016493908305,,,,,
115,Beauty | price_contribution | CUUR0000SEGB02,Beauty,price_contribution,CUUR0000SEGB02,Expanding,2024-12-31,Two months,2025-01-01,2025-01-01,2,Recent trend,15,3.1145883988274963,0.9945238475452968,-0.22697500567655515,2.888856342885433,2.0,1.0,3.0,0.888856342885433,-1.0,1.0,2025-01-22,-0.5082703089794416,2.6091014555482253,0.6091014555482253,0.2797548873372078,,,,,
116,Beauty | price_contribution | CUUR0000SEGB02,Beauty,price_contribution,CUUR0000SEGB02,Expanding,2024-12-31,Two months,2025-01-01,2025-01-01,2,Seasonal step,15,3.1145883988274963,0.9945238475452968,-0.3882803162885473,2.7284343647461053,2.0,1.0,3.0,0.7284343647461053,-1.0,1.0,2025-01-22,-0.5082703089794416,2.6091014555482253,0.6091014555482253,0.11933290919788021,,,,,
117,Beauty | price_contribution | CUUR0000SEGB02,Beauty,price_contribution,CUUR0000SEGB02,Expanding,2024-12-31,Pre-earnings,2025-01-21,2025-01-21,3,YoY carry,15,3.1145883988274963,0.9945238475452968,-0.5082703089794416,2.6091014555482253,2.0,1.0,3.0,0.6091014555482253,-1.0,1.0,2025-01-22,-0.5082703089794416,2.6091014555482253,0.6091014555482253,0.0,,,,,
118,Beauty | price_contribution | CUUR0000SEGB02,Beauty,price_contribution,CUUR0000SEGB02,Expanding,2024-12-31,Pre-earnings,2025-01-21,2025-01-21,3,Flat level,15,3.1145883988274963,0.9945238475452968,-0.5082703089794416,2.6091014555482253,2.0,1.0,3.0,0.6091014555482253,-1.0,1.0,2025-01-22,-0.5082703089794416,2.6091014555482253,0.6091014555482253,0.0,,,,,
119,Beauty | price_contribution | CUUR0000SEGB02,Beauty,price_contribution,CUUR0000SEGB02,Expanding,2024-12-31,Pre-earnings,2025-01-21,2025-01-21,3,Recent trend,15,3.1145883988274963,0.9945238475452968,-0.5082703089794416,2.6091014555482253,2.0,1.0,3.0,0.6091014555482253,-1.0,1.0,2025-01-22,-0.5082703089794416,2.6091014555482253,0.6091014555482253,0.0,,,,,
120,Beauty | price_contribution | CUUR0000SEGB02,Beauty,price_contribution,CUUR0000SEGB02,Expanding,2024-12-31,Pre-earnings,2025-01-21,2025-01-21,3,Seasonal step,15,3.1145883988274963,0.9945238475452968,-0.5082703089794416,2.6091014555482253,2.0,1.0,3.0,0.6091014555482253,-1.0,1.0,2025-01-22,-0.5082703089794416,2.6091014555482253,0.6091014555482253,0.0,,,,,
121,Beauty | price_contribution | CUUR0000SEGB02,Beauty,price_contribution,CUUR0000SEGB02,Expanding,2025-03-31,Origin,2025-01-01,2025-01-01,0,YoY carry,15,3.1145883988274963,0.9945238475452968,-0.7502964547350666,2.3684006818647823,3.0,1.0,3.0,-0.6315993181352177,-2.0,0.0,2025-04-24,-0.42034549280647315,2.696544782023279,-0.30345521797672115,-0.32814410015849643,,,,,
122,Beauty | price_contribution | CUUR0000SEGB02,Beauty,price_contribution,CUUR0000SEGB02,Expanding,2025-03-31,Origin,2025-01-01,2025-01-01,0,Flat level,15,3.1145883988274963,0.9945238475452968,-0.1326392405395893,2.982675510990578,3.0,1.0,3.0,-0.017324489009422184,-2.0,0.0,2025-04-24,-0.42034549280647315,2.696544782023279,-0.30345521797672115,0.2861307289672991,,,,,
123,Beauty | price_contribution | CUUR0000SEGB02,Beauty,price_contribution,CUUR0000SEGB02,Expanding,2025-03-31,Origin,2025-01-01,2025-01-01,0,Recent trend,15,3.1145883988274963,0.9945238475452968,-1.013367302061774,2.106770450604424,3.0,1.0,3.0,-0.893229549395576,-2.0,0.0,2025-04-24,-0.42034549280647315,2.696544782023279,-0.30345521797672115,-0.5897743314188548,,,,,
124,Beauty | price_contribution | CUUR0000SEGB02,Beauty,price_contribution,CUUR0000SEGB02,Expanding,2025-03-31,Origin,2025-01-01,2025-01-01,0,Seasonal step,15,3.1145883988274963,0.9945238475452968,0.3071526246006373,3.420059008828958,3.0,1.0,3.0,0.4200590088289582,-2.0,0.0,2025-04-24,-0.42034549280647315,2.696544782023279,-0.30345521797672115,0.7235142268056796,,,,,
125,Beauty | price_contribution | CUUR0000SEGB02,Beauty,price_contribution,CUUR0000SEGB02,Expanding,2025-03-31,Two months,2025-04-01,2025-04-01,2,YoY carry,16,3.0537999405231164,1.0097294320897239,-0.07779916809173004,2.9752438307088007,3.0,2.0,2.5,-0.02475616929119928,-1.0,-0.5,2025-04-24,-0.42034549280647315,2.629364724790161,-0.37063527520983897,0.3458791059186397,,,,,
126,Beauty | price_contribution | CUUR0000SEGB02,Beauty,price_contribution,CUUR0000SEGB02,Expanding,2025-03-31,Two months,2025-04-01,2025-04-01,2,Flat level,16,3.0537999405231164,1.0097294320897239,-0.4271789543402016,2.6224647775565026,3.0,2.0,2.5,-0.37753522244349735,-1.0,-0.5,2025-04-24,-0.42034549280647315,2.629364724790161,-0.37063527520983897,-0.006899947233658586,,,,,
127,Beauty | price_contribution | CUUR0000SEGB02,Beauty,price_contribution,CUUR0000SEGB02,Expanding,2025-03-31,Two months,2025-04-01,2025-04-01,2,Recent trend,16,3.0537999405231164,1.0097294320897239,-0.2687828203272624,2.7824020159985956,3.0,2.0,2.5,-0.2175979840014044,-1.0,-0.5,2025-04-24,-0.42034549280647315,2.629364724790161,-0.37063527520983897,0.1530372912084343,,,,,
128,Beauty | price_contribution | CUUR0000SEGB02,Beauty,price_contribution,CUUR0000SEGB02,Expanding,2025-03-31,Two months,2025-04-01,2025-04-01,2,Seasonal step,16,3.0537999405231164,1.0097294320897239,-0.3095113188887333,2.7412772522762543,3.0,2.0,2.5,-0.2587227477237457,-1.0,-0.5,2025-04-24,-0.42034549280647315,2.629364724790161,-0.37063527520983897,0.11191252748609316,,,,,
129,Beauty | price_contribution | CUUR0000SEGB02,Beauty,price_contribution,CUUR0000SEGB02,Expanding,2025-03-31,Pre-earnings,2025-04-23,2025-04-23,3,YoY carry,16,3.0537999405231164,1.0097294320897239,-0.42034549280647315,2.629364724790161,3.0,2.0,2.5,-0.37063527520983897,-1.0,-0.5,2025-04-24,-0.42034549280647315,2.629364724790161,-0.37063527520983897,0.0,,,,,
130,Beauty | price_contribution | CUUR0000SEGB02,Beauty,price_contribution,CUUR0000SEGB02,Expanding,2025-03-31,Pre-earnings,2025-04-23,2025-04-23,3,Flat level,16,3.0537999405231164,1.0097294320897239,-0.42034549280647315,2.629364724790161,3.0,2.0,2.5,-0.37063527520983897,-1.0,-0.5,2025-04-24,-0.42034549280647315,2.629364724790161,-0.37063527520983897,0.0,,,,,
131,Beauty | price_contribution | CUUR0000SEGB02,Beauty,price_contribution,CUUR0000SEGB02,Expanding,2025-03-31,Pre-earnings,2025-04-23,2025-04-23,3,Recent trend,16,3.0537999405231164,1.0097294320897239,-0.42034549280647315,2.629364724790161,3.0,2.0,2.5,-0.37063527520983897,-1.0,-0.5,2025-04-24,-0.42034549280647315,2.629364724790161,-0.37063527520983897,0.0,,,,,
132,Beauty | price_contribution | CUUR0000SEGB02,Beauty,price_contribution,CUUR0000SEGB02,Expanding,2025-03-31,Pre-earnings,2025-04-23,2025-04-23,3,Seasonal step,16,3.0537999405231164,1.0097294320897239,-0.42034549280647315,2.629364724790161,3.0,2.0,2.5,-0.37063527520983897,-1.0,-0.5,2025-04-24,-0.42034549280647315,2.629364724790161,-0.37063527520983897,0.0,,,,,
133,Beauty | price_contribution | CUUR0000SEGB02,Beauty,price_contribution,CUUR0000SEGB02,Expanding,2025-06-30,Origin,2025-04-01,2025-04-01,0,YoY carry,16,3.0537999405231164,1.0097294320897239,0.00729817275733069,3.0611691203566687,1.0,2.0,2.5,2.0611691203566687,1.0,1.5,2025-07-29,0.06623166364128075,3.1206760006379843,2.1206760006379843,-0.05950688028131581,,,,,
134,Beauty | price_contribution | CUUR0000SEGB02,Beauty,price_contribution,CUUR0000SEGB02,Expanding,2025-06-30,Origin,2025-04-01,2025-04-01,0,Flat level,16,3.0537999405231164,1.0097294320897239,-0.3229231642615238,2.727734917264711,1.0,2.0,2.5,1.7277349172647112,1.0,1.5,2025-07-29,0.06623166364128075,3.1206760006379843,2.1206760006379843,-0.39294108337327305,,,,,
135,Beauty | price_contribution | CUUR0000SEGB02,Beauty,price_contribution,CUUR0000SEGB02,Expanding,2025-06-30,Origin,2025-04-01,2025-04-01,0,Recent trend,16,3.0537999405231164,1.0097294320897239,1.102634548398207,4.167162496879747,1.0,2.0,2.5,3.1671624968797474,1.0,1.5,2025-07-29,0.06623166364128075,3.1206760006379843,2.1206760006379843,1.0464864962417626,,,,,
136,Beauty | price_contribution | CUUR0000SEGB02,Beauty,price_contribution,CUUR0000SEGB02,Expanding,2025-06-30,Origin,2025-04-01,2025-04-01,0,Seasonal step,16,3.0537999405231164,1.0097294320897239,-0.32568217597741533,2.7249490619316954,1.0,2.0,2.5,1.7249490619316954,1.0,1.5,2025-07-29,0.06623166364128075,3.1206760006379843,2.1206760006379843,-0.3957269387062891,,,,,
137,Beauty | price_contribution | CUUR0000SEGB02,Beauty,price_contribution,CUUR0000SEGB02,Expanding,2025-06-30,Two months,2025-07-01,2025-07-01,2,YoY carry,17,3.086630304343101,1.0017468530241134,-0.17651054267793231,2.909811423689904,1.0,3.0,2.25,1.909811423689904,2.0,1.25,2025-07-29,0.06623166364128075,3.1529776649663055,2.1529776649663055,-0.24316624127640174,,,,,
138,Beauty | price_contribution | CUUR0000SEGB02,Beauty,price_contribution,CUUR0000SEGB02,Expanding,2025-06-30,Two months,2025-07-01,2025-07-01,2,Flat level,17,3.086630304343101,1.0017468530241134,-0.22690477358583427,2.8593291614673424,1.0,3.0,2.25,1.8593291614673424,2.0,1.25,2025-07-29,0.06623166364128075,3.1529776649663055,2.1529776649663055,-0.29364850349896304,,,,,
139,Beauty | price_contribution | CUUR0000SEGB02,Beauty,price_contribution,CUUR0000SEGB02,Expanding,2025-06-30,Two months,2025-07-01,2025-07-01,2,Recent trend,17,3.086630304343101,1.0017468530241134,-0.2502961151099381,2.835896958707559,1.0,3.0,2.25,1.835896958707559,2.0,1.25,2025-07-29,0.06623166364128075,3.1529776649663055,2.1529776649663055,-0.3170807062587463,,,,,
140,Beauty | price_contribution | CUUR0000SEGB02,Beauty,price_contribution,CUUR0000SEGB02,Expanding,2025-06-30,Two months,2025-07-01,2025-07-01,2,Seasonal step,17,3.086630304343101,1.0017468530241134,-0.15897474867299088,2.927377850149633,1.0,3.0,2.25,1.9273778501496328,2.0,1.25,2025-07-29,0.06623166364128075,3.1529776649663055,2.1529776649663055,-0.22559981481667254,,,,,
141,Beauty | price_contribution | CUUR0000SEGB02,Beauty,price_contribution,CUUR0000SEGB02,Expanding,2025-06-30,Pre-earnings,2025-07-28,2025-07-28,3,YoY carry,17,3.086630304343101,1.0017468530241134,0.06623166364128075,3.1529776649663055,1.0,3.0,2.25,2.1529776649663055,2.0,1.25,2025-07-29,0.06623166364128075,3.1529776649663055,2.1529776649663055,0.0,,,,,
142,Beauty | price_contribution | CUUR0000SEGB02,Beauty,price_contribution,CUUR0000SEGB02,Expanding,2025-06-30,Pre-earnings,2025-07-28,2025-07-28,3,Flat level,17,3.086630304343101,1.0017468530241134,0.06623166364128075,3.1529776649663055,1.0,3.0,2.25,2.1529776649663055,2.0,1.25,2025-07-29,0.06623166364128075,3.1529776649663055,2.1529776649663055,0.0,,,,,
143,Beauty | price_contribution | CUUR0000SEGB02,Beauty,price_contribution,CUUR0000SEGB02,Expanding,2025-06-30,Pre-earnings,2025-07-28,2025-07-28,3,Recent trend,17,3.086630304343101,1.0017468530241134,0.06623166364128075,3.1529776649663055,1.0,3.0,2.25,2.1529776649663055,2.0,1.25,2025-07-29,0.06623166364128075,3.1529776649663055,2.1529776649663055,0.0,,,,,
144,Beauty | price_contribution | CUUR0000SEGB02,Beauty,price_contribution,CUUR0000SEGB02,Expanding,2025-06-30,Pre-earnings,2025-07-28,2025-07-28,3,Seasonal step,17,3.086630304343101,1.0017468530241134,0.06623166364128075,3.1529776649663055,1.0,3.0,2.25,2.1529776649663055,2.0,1.25,2025-07-29,0.06623166364128075,3.1529776649663055,2.1529776649663055,0.0,,,,,
145,Beauty | price_contribution | CUUR0000SEGB02,Beauty,price_contribution,CUUR0000SEGB02,Expanding,2025-09-30,Origin,2025-07-01,2025-07-01,0,YoY carry,17,3.086630304343101,1.0017468530241134,-0.3856654621040789,2.7002911413602493,2.0,3.0,2.25,0.7002911413602493,1.0,0.25,2025-10-24,0.44640749502971033,3.533817607655491,1.5338176076554908,-0.8335264662952414,,,,,
146,Beauty | price_contribution | CUUR0000SEGB02,Beauty,price_contribution,CUUR0000SEGB02,Expanding,2025-09-30,Origin,2025-07-01,2025-07-01,0,Flat level,17,3.086630304343101,1.0017468530241134,-0.6473170962005614,2.4381824403154813,2.0,3.0,2.25,0.43818244031548126,1.0,0.25,2025-10-24,0.44640749502971033,3.533817607655491,1.5338176076554908,-1.0956351673400095,,,,,
147,Beauty | price_contribution | CUUR0000SEGB02,Beauty,price_contribution,CUUR0000SEGB02,Expanding,2025-09-30,Origin,2025-07-01,2025-07-01,0,Recent trend,17,3.086630304343101,1.0017468530241134,-0.8574066399836378,2.227725900977513,2.0,3.0,2.25,0.227725900977513,1.0,0.25,2025-10-24,0.44640749502971033,3.533817607655491,1.5338176076554908,-1.3060917066779778,,,,,
148,Beauty | price_contribution | CUUR0000SEGB02,Beauty,price_contribution,CUUR0000SEGB02,Expanding,2025-09-30,Origin,2025-07-01,2025-07-01,0,Seasonal step,17,3.086630304343101,1.0017468530241134,0.539988114506551,3.627561698720463,2.0,3.0,2.25,1.6275616987204629,1.0,0.25,2025-10-24,0.44640749502971033,3.533817607655491,1.5338176076554908,0.09374409106497224,,,,,
149,Beauty | price_contribution | CUUR0000SEGB02,Beauty,price_contribution,CUUR0000SEGB02,Expanding,2025-09-30,Two months,2025-10-01,2025-10-01,2,YoY carry,18,2.9259927026587045,1.0331023140653053,0.33913536558449753,3.2763542336254323,2.0,1.0,1.75,1.2763542336254323,-1.0,-0.25,2025-10-24,0.44640749502971033,3.3871773187899947,1.3871773187899947,-0.11082308516456232,,,,,
150,Beauty | price_contribution | CUUR0000SEGB02,Beauty,price_contribution,CUUR0000SEGB02,Expanding,2025-09-30,Two months,2025-10-01,2025-10-01,2,Flat level,18,2.9259927026587045,1.0331023140653053,0.27137658922291585,3.2063524849680487,2.0,1.0,1.75,1.2063524849680487,-1.0,-0.25,2025-10-24,0.44640749502971033,3.3871773187899947,1.3871773187899947,-0.18082483382194586,,,,,
151,Beauty | price_contribution | CUUR0000SEGB02,Beauty,price_contribution,CUUR0000SEGB02,Expanding,2025-09-30,Two months,2025-10-01,2025-10-01,2,Recent trend,18,2.9259927026587045,1.0331023140653053,0.2971678565620861,3.2329975029388223,2.0,1.0,1.75,1.2329975029388223,-1.0,-0.25,2025-10-24,0.44640749502971033,3.3871773187899947,1.3871773187899947,-0.15417981585117213,,,,,
152,Beauty | price_contribution | CUUR0000SEGB02,Beauty,price_contribution,CUUR0000SEGB02,Expanding,2025-09-30,Two months,2025-10-01,2025-10-01,2,Seasonal step,18,2.9259927026587045,1.0331023140653053,0.40842984243576463,3.347942518012421,2.0,1.0,1.75,1.3479425180124212,-1.0,-0.25,2025-10-24,0.44640749502971033,3.3871773187899947,1.3871773187899947,-0.03923480077757355,,,,,
153,Beauty | price_contribution | CUUR0000SEGB02,Beauty,price_contribution,CUUR0000SEGB02,Expanding,2025-09-30,Pre-earnings,2025-10-23,2025-10-23,2,YoY carry,18,2.9259927026587045,1.0331023140653053,0.33913536558449753,3.2763542336254323,2.0,1.0,1.75,1.2763542336254323,-1.0,-0.25,2025-10-24,0.44640749502971033,3.3871773187899947,1.3871773187899947,-0.11082308516456232,,,,,
154,Beauty | price_contribution | CUUR0000SEGB02,Beauty,price_contribution,CUUR0000SEGB02,Expanding,2025-09-30,Pre-earnings,2025-10-23,2025-10-23,2,Flat level,18,2.9259927026587045,1.0331023140653053,0.27137658922291585,3.2063524849680487,2.0,1.0,1.75,1.2063524849680487,-1.0,-0.25,2025-10-24,0.44640749502971033,3.3871773187899947,1.3871773187899947,-0.18082483382194586,,,,,
155,Beauty | price_contribution | CUUR0000SEGB02,Beauty,price_contribution,CUUR0000SEGB02,Expanding,2025-09-30,Pre-earnings,2025-10-23,2025-10-23,2,Recent trend,18,2.9259927026587045,1.0331023140653053,0.2971678565620861,3.2329975029388223,2.0,1.0,1.75,1.2329975029388223,-1.0,-0.25,2025-10-24,0.44640749502971033,3.3871773187899947,1.3871773187899947,-0.15417981585117213,,,,,
156,Beauty | price_contribution | CUUR0000SEGB02,Beauty,price_contribution,CUUR0000SEGB02,Expanding,2025-09-30,Pre-earnings,2025-10-23,2025-10-23,2,Seasonal step,18,2.9259927026587045,1.0331023140653053,0.40842984243576463,3.347942518012421,2.0,1.0,1.75,1.3479425180124212,-1.0,-0.25,2025-10-24,0.44640749502971033,3.3871773187899947,1.3871773187899947,-0.03923480077757355,,,,,
157,Beauty | price_contribution | CUUR0000SEGB02,Beauty,price_contribution,CUUR0000SEGB02,Expanding,2025-12-31,Origin,2025-10-01,2025-10-01,0,YoY carry,18,2.9259927026587045,1.0331023140653053,0.33987167495570514,3.2771149165406945,2.0,1.0,1.75,1.2771149165406945,-1.0,-0.25,2026-01-23,,,,,,,,,
158,Beauty | price_contribution | CUUR0000SEGB02,Beauty,price_contribution,CUUR0000SEGB02,Expanding,2025-12-31,Origin,2025-10-01,2025-10-01,0,Flat level,18,2.9259927026587045,1.0331023140653053,0.786664794073233,3.7386979218094685,2.0,1.0,1.75,1.7386979218094685,-1.0,-0.25,2026-01-23,,,,,,,,,
159,Beauty | price_contribution | CUUR0000SEGB02,Beauty,price_contribution,CUUR0000SEGB02,Expanding,2025-12-31,Origin,2025-10-01,2025-10-01,0,Recent trend,18,2.9259927026587045,1.0331023140653053,1.0197148976510473,3.979462523108867,2.0,1.0,1.75,1.9794625231088672,-1.0,-0.25,2026-01-23,,,,,,,,,
160,Beauty | price_contribution | CUUR0000SEGB02,Beauty,price_contribution,CUUR0000SEGB02,Expanding,2025-12-31,Origin,2025-10-01,2025-10-01,0,Seasonal step,18,2.9259927026587045,1.0331023140653053,0.5743112642532466,3.5193149987525048,2.0,1.0,1.75,1.5193149987525048,-1.0,-0.25,2026-01-23,,,,,,,,,
161,Beauty | price_contribution | CUUR0000SEGB02,Beauty,price_contribution,CUUR0000SEGB02,Expanding,2026-03-31,Pre-earnings,2026-04-23,2026-04-23,3,YoY carry,19,2.8363444037933174,1.0462754344959981,1.6103546932900725,4.521218960208058,1.0,2.0,2.0,3.521218960208058,1.0,1.0,2026-04-24,1.6103546932900725,4.521218960208058,3.521218960208058,0.0,,,,,
162,Beauty | price_contribution | CUUR0000SEGB02,Beauty,price_contribution,CUUR0000SEGB02,Expanding,2026-03-31,Pre-earnings,2026-04-23,2026-04-23,3,Flat level,19,2.8363444037933174,1.0462754344959981,1.6103546932900725,4.521218960208058,1.0,2.0,2.0,3.521218960208058,1.0,1.0,2026-04-24,1.6103546932900725,4.521218960208058,3.521218960208058,0.0,,,,,
163,Beauty | price_contribution | CUUR0000SEGB02,Beauty,price_contribution,CUUR0000SEGB02,Expanding,2026-03-31,Pre-earnings,2026-04-23,2026-04-23,3,Recent trend,19,2.8363444037933174,1.0462754344959981,1.6103546932900725,4.521218960208058,1.0,2.0,2.0,3.521218960208058,1.0,1.0,2026-04-24,1.6103546932900725,4.521218960208058,3.521218960208058,0.0,,,,,
164,Beauty | price_contribution | CUUR0000SEGB02,Beauty,price_contribution,CUUR0000SEGB02,Expanding,2026-03-31,Pre-earnings,2026-04-23,2026-04-23,3,Seasonal step,19,2.8363444037933174,1.0462754344959981,1.6103546932900725,4.521218960208058,1.0,2.0,2.0,3.521218960208058,1.0,1.0,2026-04-24,1.6103546932900725,4.521218960208058,3.521218960208058,0.0,,,,,
165,"Baby, Feminine & Family Care | organic_volume_growth | PCENDC96","Baby, Feminine & Family Care",organic_volume_growth,PCENDC96,Expanding,2024-09-30,Origin,2024-07-01,2024-07-01,0,YoY carry,13,-2.2156902053612186,0.11530623229139224,1.8076142102986026,-2.0072610213353066,-1.0,-3.0,-2.0,-1.0072610213353066,-2.0,-1.0,2024-10-18,1.8541066532038464,-2.0019001529138802,-1.0019001529138802,-0.005360868421426332,,,,,
166,Beauty | organic_volume_growth | PCENDC96,Beauty,organic_volume_growth,PCENDC96,Expanding,2024-09-30,Origin,2024-07-01,2024-07-01,0,YoY carry,13,-1.103509477415869,0.22431613883722168,1.8076142102986026,-0.6980324372543927,0.0,1.0,-0.25,-0.6980324372543927,1.0,-0.25,2024-10-18,1.8541066532038464,-0.6876034319767785,-0.6876034319767785,-0.010429005277614268,,,,,
167,Fabric & Home Care | organic_volume_growth | PCENDC96,Fabric & Home Care,organic_volume_growth,PCENDC96,Last eight,2024-09-30,Origin,2024-07-01,2024-07-01,0,YoY carry,8,-3.3135121298678065,2.5134614690964026,1.8076142102986026,1.2298565387088525,1.0,1.0,0.0,0.22985653870885248,0.0,-1.0,2024-10-18,1.8541066532038464,1.346713502555347,0.34671350255534694,-0.11685696384649467,,,,,
168,"Baby, Feminine & Family Care | organic_volume_growth | PCENDC96","Baby, Feminine & Family Care",organic_volume_growth,PCENDC96,Expanding,2024-09-30,Origin,2024-07-01,2024-07-01,0,Flat level,13,-2.2156902053612186,0.11530623229139224,0.5701897662815814,-2.14994377172018,-1.0,-3.0,-2.0,-1.1499437717201801,-2.0,-1.0,2024-10-18,1.8541066532038464,-2.0019001529138802,-1.0019001529138802,-0.14804361880629988,,,,,
169,Beauty | organic_volume_growth | PCENDC96,Beauty,organic_volume_growth,PCENDC96,Expanding,2024-09-30,Origin,2024-07-01,2024-07-01,0,Flat level,13,-1.103509477415869,0.22431613883722168,0.5701897662815814,-0.9756067106390867,0.0,1.0,-0.25,-0.9756067106390867,1.0,-0.25,2024-10-18,1.8541066532038464,-0.6876034319767785,-0.6876034319767785,-0.28800327866230824,,,,,
170,Fabric & Home Care | organic_volume_growth | PCENDC96,Fabric & Home Care,organic_volume_growth,PCENDC96,Last eight,2024-09-30,Origin,2024-07-01,2024-07-01,0,Flat level,8,-3.3135121298678065,2.5134614690964026,0.5701897662815814,-1.8803621222459685,1.0,1.0,0.0,-2.8803621222459688,0.0,-1.0,2024-10-18,1.8541066532038464,1.346713502555347,0.34671350255534694,-3.227075624801316,,,,,
171,"Baby, Feminine & Family Care | organic_volume_growth | PCENDC96","Baby, Feminine & Family Care",organic_volume_growth,PCENDC96,Expanding,2024-09-30,Origin,2024-07-01,2024-07-01,0,Recent trend,13,-2.2156902053612186,0.11530623229139224,0.02227303774535727,-2.2131219852971173,-1.0,-3.0,-2.0,-1.2131219852971173,-2.0,-1.0,2024-10-18,1.8541066532038464,-2.0019001529138802,-1.0019001529138802,-0.21122183238323744,,,,,
172,Beauty | organic_volume_growth | PCENDC96,Beauty,organic_volume_growth,PCENDC96,Expanding,2024-09-30,Origin,2024-07-01,2024-07-01,0,Recent trend,13,-1.103509477415869,0.22431613883722168,0.02227303774535727,-1.0985132755886546,0.0,1.0,-0.25,-1.0985132755886546,1.0,-0.25,2024-10-18,1.8541066532038464,-0.6876034319767785,-0.6876034319767785,-0.4109098436118762,,,,,
173,Fabric & Home Care | organic_volume_growth | PCENDC96,Fabric & Home Care,organic_volume_growth,PCENDC96,Last eight,2024-09-30,Origin,2024-07-01,2024-07-01,0,Recent trend,8,-3.3135121298678065,2.5134614690964026,0.02227303774535727,-3.257529707695121,1.0,1.0,0.0,-4.257529707695121,0.0,-1.0,2024-10-18,1.8541066532038464,1.346713502555347,0.34671350255534694,-4.604243210250469,,,,,
174,"Baby, Feminine & Family Care | organic_volume_growth | PCENDC96","Baby, Feminine & Family Care",organic_volume_growth,PCENDC96,Expanding,2024-09-30,One month,2024-08-30,2024-08-30,1,YoY carry,10,-2.9551265161396167,1.012625503576683,1.8769844426292925,-1.05444419971653,-1.0,-1.0,-2.25,-0.05444419971652992,0.0,-1.25,2024-10-18,1.8541066532038464,-1.0776108327541936,-0.07761083275419356,0.02316663303766373,,,,,
175,Beauty | organic_volume_growth | PCENDC96,Beauty,organic_volume_growth,PCENDC96,Expanding,2024-09-30,One month,2024-08-30,2024-08-30,1,YoY carry,10,-1.2568117040506988,0.4843119461531559,1.8769844426292925,-0.34776571574170945,0.0,1.0,0.25,-0.34776571574170945,1.0,0.25,2024-10-18,1.8541066532038464,-0.3588457024620294,-0.3588457024620294,0.01107998672031992,,,,,
176,Fabric & Home Care | organic_volume_growth | PCENDC96,Fabric & Home Care,organic_volume_growth,PCENDC96,Last eight,2024-09-30,One month,2024-08-30,2024-08-30,1,YoY carry,8,-3.523730216141538,2.7834636089842175,1.8769844426292925,1.7007876745466222,1.0,3.0,1.25,0.7007876745466222,2.0,0.25,2024-10-18,1.8541066532038464,1.637108180226889,0.637108180226889,0.06367949431973334,,,,,
177,"Baby, Feminine & Family Care | organic_volume_growth | PCENDC96","Baby, Feminine & Family Care",organic_volume_growth,PCENDC96,Expanding,2024-09-30,One month,2024-08-30,2024-08-30,1,Flat level,10,-2.9551265161396167,1.012625503576683,1.615537671131162,-1.3191918683633224,-1.0,-1.0,-2.25,-0.31919186836332236,0.0,-1.25,2024-10-18,1.8541066532038464,-1.0776108327541936,-0.07761083275419356,-0.24158103560912866,,,,,
178,Beauty | organic_volume_growth | PCENDC96,Beauty,organic_volume_growth,PCENDC96,Expanding,2024-09-30,One month,2024-08-30,2024-08-30,1,Flat level,10,-1.2568117040506988,0.4843119461531559,1.615537671131162,-0.47438751046142846,0.0,1.0,0.25,-0.47438751046142846,1.0,0.25,2024-10-18,1.8541066532038464,-0.3588457024620294,-0.3588457024620294,-0.11554180799939914,,,,,
179,Fabric & Home Care | organic_volume_growth | PCENDC96,Fabric & Home Care,organic_volume_growth,PCENDC96,Last eight,2024-09-30,One month,2024-08-30,2024-08-30,1,Flat level,8,-3.523730216141538,2.7834636089842175,1.615537671131162,0.9730601003951644,1.0,3.0,1.25,-0.02693989960483556,2.0,0.25,2024-10-18,1.8541066532038464,1.637108180226889,0.637108180226889,-0.6640480798317252,,,,,
180,"Baby, Feminine & Family Care | organic_volume_growth | PCENDC96","Baby, Feminine & Family Care",organic_volume_growth,PCENDC96,Expanding,2024-09-30,One month,2024-08-30,2024-08-30,1,Recent trend,10,-2.9551265161396167,1.012625503576683,1.9689365366911016,-0.9613311641622599,-1.0,-1.0,-2.25,0.038668835837740057,0.0,-1.25,2024-10-18,1.8541066532038464,-1.0776108327541936,-0.07761083275419356,0.11627966859193363,,,,,
181,Beauty | organic_volume_growth | PCENDC96,Beauty,organic_volume_growth,PCENDC96,Expanding,2024-09-30,One month,2024-08-30,2024-08-30,1,Recent trend,10,-1.2568117040506988,0.4843119461531559,1.9689365366911016,-0.30323221811377665,0.0,1.0,0.25,-0.30323221811377665,1.0,0.25,2024-10-18,1.8541066532038464,-0.3588457024620294,-0.3588457024620294,0.05561348434825271,,,,,
182,Fabric & Home Care | organic_volume_growth | PCENDC96,Fabric & Home Care,organic_volume_growth,PCENDC96,Last eight,2024-09-30,One month,2024-08-30,2024-08-30,1,Recent trend,8,-3.523730216141538,2.7834636089842175,1.9689365366911016,1.956732982137562,1.0,3.0,1.25,0.9567329821375621,2.0,0.25,2024-10-18,1.8541066532038464,1.637108180226889,0.637108180226889,0.31962480191067255,,,,,
183,"Baby, Feminine & Family Care | organic_volume_growth | PCENDC96","Baby, Feminine & Family Care",organic_volume_growth,PCENDC96,Expanding,2024-09-30,Two months,2024-09-27,2024-09-27,2,YoY carry,10,-2.6267193577305967,0.8967705015755335,2.202595864225132,-0.6514963598012293,-1.0,-1.0,-2.25,0.34850364019877067,0.0,-1.25,2024-10-18,2.309344790547807,-0.5557670716001946,0.44423292839980544,-0.095729288201035,,,,,
184,Beauty | organic_volume_growth | PCENDC96,Beauty,organic_volume_growth,PCENDC96,Expanding,2024-09-30,Two months,2024-09-27,2024-09-27,2,YoY carry,10,-1.147867532132199,0.4977624153842298,2.202595864225132,-0.05149809464018218,0.0,1.0,0.25,-0.05149809464018218,1.0,0.25,2024-10-18,2.309344790547807,0.0016375087658657694,0.0016375087658657694,-0.05313560340604793,,,,,
185,Fabric & Home Care | organic_volume_growth | PCENDC96,Fabric & Home Care,organic_volume_growth,PCENDC96,Last eight,2024-09-30,Two months,2024-09-27,2024-09-27,2,YoY carry,8,-2.7554164467887263,2.3474175191585807,2.202595864225132,2.4149956725195834,1.0,3.0,1.25,1.4149956725195834,2.0,0.25,2024-10-18,2.309344790547807,2.665579972320799,1.6655799723207991,-0.25058429980121605,,,,,
186,"Baby, Feminine & Family Care | organic_volume_growth | PCENDC96","Baby, Feminine & Family Care",organic_volume_growth,PCENDC96,Expanding,2024-09-30,Two months,2024-09-27,2024-09-27,2,Flat level,10,-2.6267193577305967,0.8967705015755335,2.0517563750646506,-0.7867647641530715,-1.0,-1.0,-2.25,0.2132352358469285,0.0,-1.25,2024-10-18,2.309344790547807,-0.5557670716001946,0.44423292839980544,-0.23099769255287717,,,,,
187,Beauty | organic_volume_growth | PCENDC96,Beauty,organic_volume_growth,PCENDC96,Expanding,2024-09-30,Two months,2024-09-27,2024-09-27,2,Flat level,10,-1.147867532132199,0.4977624153842298,2.0517563750646506,-0.12658032310002687,0.0,1.0,0.25,-0.12658032310002687,1.0,0.25,2024-10-18,2.309344790547807,0.0016375087658657694,0.0016375087658657694,-0.1282178318658925,,,,,
188,Fabric & Home Care | organic_volume_growth | PCENDC96,Fabric & Home Care,organic_volume_growth,PCENDC96,Last eight,2024-09-30,Two months,2024-09-27,2024-09-27,2,Flat level,8,-2.7554164467887263,2.3474175191585807,2.0517563750646506,2.0609124130833383,1.0,3.0,1.25,1.0609124130833383,2.0,0.25,2024-10-18,2.309344790547807,2.665579972320799,1.6655799723207991,-0.6046675592374608,,,,,
189,"Baby, Feminine & Family Care | organic_volume_growth | PCENDC96","Baby, Feminine & Family Care",organic_volume_growth,PCENDC96,Expanding,2024-09-30,Two months,2024-09-27,2024-09-27,2,Recent trend,10,-2.6267193577305967,0.8967705015755335,2.166626884671996,-0.6837522796362552,-1.0,-1.0,-2.25,0.3162477203637448,0.0,-1.25,2024-10-18,2.309344790547807,-0.5557670716001946,0.44423292839980544,-0.1279852080360608,,,,,
190,Beauty | organic_volume_growth | PCENDC96,Beauty,organic_volume_growth,PCENDC96,Expanding,2024-09-30,Two months,2024-09-27,2024-09-27,2,Recent trend,10,-1.147867532132199,0.4977624153842298,2.166626884671996,-0.06940210078145714,0.0,1.0,0.25,-0.06940210078145714,1.0,0.25,2024-10-18,2.309344790547807,0.0016375087658657694,0.0016375087658657694,-0.07103960954732284,,,,,
191,Fabric & Home Care | organic_volume_growth | PCENDC96,Fabric & Home Care,organic_volume_growth,PCENDC96,Last eight,2024-09-30,Two months,2024-09-27,2024-09-27,2,Recent trend,8,-2.7554164467887263,2.3474175191585807,2.166626884671996,2.330561459770295,1.0,3.0,1.25,1.330561459770295,2.0,0.25,2024-10-18,2.309344790547807,2.665579972320799,1.6655799723207991,-0.33501851255050413,,,,,
192,"Baby, Feminine & Family Care | organic_volume_growth | PCENDC96","Baby, Feminine & Family Care",organic_volume_growth,PCENDC96,Expanding,2024-09-30,Pre-earnings,2024-10-17,2024-10-17,2,YoY carry,14,-2.080534591525106,0.0992450761549538,2.202595864225132,-1.8619377972414963,-1.0,-1.0,-2.25,-0.8619377972414963,0.0,-1.25,2024-10-18,2.309344790547807,-1.851343491919143,-0.8513434919191429,-0.01059430532235344,,,,,
193,Beauty | organic_volume_growth | PCENDC96,Beauty,organic_volume_growth,PCENDC96,Expanding,2024-09-30,Pre-earnings,2024-10-17,2024-10-17,2,YoY carry,14,-0.9203128740214753,0.21362431278660504,2.202595864225132,-0.44978484617976305,0.0,1.0,0.25,-0.44978484617976305,1.0,0.25,2024-10-18,2.309344790547807,-0.4269806801533737,-0.4269806801533737,-0.022804166026389395,,,,,
194,Fabric & Home Care | organic_volume_growth | PCENDC96,Fabric & Home Care,organic_volume_growth,PCENDC96,Last eight,2024-09-30,Pre-earnings,2024-10-17,2024-10-17,2,YoY carry,8,-2.7554164467887263,2.3474175191585807,2.202595864225132,2.4149956725195834,1.0,3.0,1.25,1.4149956725195834,2.0,0.25,2024-10-18,2.309344790547807,2.665579972320799,1.6655799723207991,-0.25058429980121605,,,,,
195,"Baby, Feminine & Family Care | organic_volume_growth | PCENDC96","Baby, Feminine & Family Care",organic_volume_growth,PCENDC96,Expanding,2024-09-30,Pre-earnings,2024-10-17,2024-10-17,2,Flat level,14,-2.080534591525106,0.0992450761549538,2.0517563750646506,-1.8769078738304028,-1.0,-1.0,-2.25,-0.8769078738304028,0.0,-1.25,2024-10-18,2.309344790547807,-1.851343491919143,-0.8513434919191429,-0.025564381911259745,,,,,
196,Beauty | organic_volume_growth | PCENDC96,Beauty,organic_volume_growth,PCENDC96,Expanding,2024-09-30,Pre-earnings,2024-10-17,2024-10-17,2,Flat level,14,-0.9203128740214753,0.21362431278660504,2.0517563750646506,-0.48200782839275347,0.0,1.0,0.25,-0.48200782839275347,1.0,0.25,2024-10-18,2.309344790547807,-0.4269806801533737,-0.4269806801533737,-0.0550271482393798,,,,,
197,Fabric & Home Care | organic_volume_growth | PCENDC96,Fabric & Home Care,organic_volume_growth,PCENDC96,Last eight,2024-09-30,Pre-earnings,2024-10-17,2024-10-17,2,Flat level,8,-2.7554164467887263,2.3474175191585807,2.0517563750646506,2.0609124130833383,1.0,3.0,1.25,1.0609124130833383,2.0,0.25,2024-10-18,2.309344790547807,2.665579972320799,1.6655799723207991,-0.6046675592374608,,,,,
198,"Baby, Feminine & Family Care | organic_volume_growth | PCENDC96","Baby, Feminine & Family Care",organic_volume_growth,PCENDC96,Expanding,2024-09-30,Pre-earnings,2024-10-17,2024-10-17,2,Recent trend,14,-2.080534591525106,0.0992450761549538,2.166626884671996,-1.8655075413564632,-1.0,-1.0,-2.25,-0.8655075413564632,0.0,-1.25,2024-10-18,2.309344790547807,-1.851343491919143,-0.8513434919191429,-0.014164049437320393,,,,,
199,Beauty | organic_volume_growth | PCENDC96,Beauty,organic_volume_growth,PCENDC96,Expanding,2024-09-30,Pre-earnings,2024-10-17,2024-10-17,2,Recent trend,14,-0.9203128740214753,0.21362431278660504,2.166626884671996,-0.4574686947184372,0.0,1.0,0.25,-0.4574686947184372,1.0,0.25,2024-10-18,2.309344790547807,-0.4269806801533737,-0.4269806801533737,-0.03048801456506351,,,,,
200,Fabric & Home Care | organic_volume_growth | PCENDC96,Fabric & Home Care,organic_volume_growth,PCENDC96,Last eight,2024-09-30,Pre-earnings,2024-10-17,2024-10-17,2,Recent trend,8,-2.7554164467887263,2.3474175191585807,2.166626884671996,2.330561459770295,1.0,3.0,1.25,1.330561459770295,2.0,0.25,2024-10-18,2.309344790547807,2.665579972320799,1.6655799723207991,-0.33501851255050413,,,,,
201,"Baby, Feminine & Family Care | organic_volume_growth | PCENDC96","Baby, Feminine & Family Care",organic_volume_growth,PCENDC96,Expanding,2024-12-31,Origin,2024-10-01,2024-10-01,0,YoY carry,14,-2.080534591525106,0.0992450761549538,2.1970378321914286,-1.862489404553953,4.0,-1.0,-2.25,-5.862489404553953,-5.0,-6.25,2025-01-22,2.1803629338301267,-1.8641443061116965,-5.8641443061116965,0.0016549015577435185,,,,,
202,Beauty | organic_volume_growth | PCENDC96,Beauty,organic_volume_growth,PCENDC96,Expanding,2024-12-31,Origin,2024-10-01,2024-10-01,0,YoY carry,14,-0.9203128740214753,0.21362431278660504,2.1970378321914286,-0.4509721769534089,0.0,1.0,0.25,-0.4509721769534089,1.0,0.25,2025-01-22,2.1803629338301267,-0.4545343406566285,-0.4545343406566285,0.0035621637032195986,,,,,
203,Fabric & Home Care | organic_volume_growth | PCENDC96,Fabric & Home Care,organic_volume_growth,PCENDC96,Last eight,2024-12-31,Origin,2024-10-01,2024-10-01,0,YoY carry,8,-2.7554164467887263,2.3474175191585807,2.1970378321914286,2.4019486507516232,2.0,3.0,1.25,0.4019486507516232,1.0,-0.75,2025-01-22,2.1803629338301267,2.3628057022081146,0.3628057022081146,0.03914294854350872,,,,,
204,"Baby, Feminine & Family Care | organic_volume_growth | PCENDC96","Baby, Feminine & Family Care",organic_volume_growth,PCENDC96,Expanding,2024-12-31,Origin,2024-10-01,2024-10-01,0,Flat level,14,-2.080534591525106,0.0992450761549538,1.1562232013484497,-1.9657851318551545,4.0,-1.0,-2.25,-5.965785131855155,-5.0,-6.25,2025-01-22,2.1803629338301267,-1.8641443061116965,-5.8641443061116965,-0.10164082574345805,,,,,
205,Beauty | organic_volume_growth | PCENDC96,Beauty,organic_volume_growth,PCENDC96,Expanding,2024-12-31,Origin,2024-10-01,2024-10-01,0,Flat level,14,-0.9203128740214753,0.21362431278660504,1.1562232013484497,-0.6733154872054843,0.0,1.0,0.25,-0.6733154872054843,1.0,0.25,2025-01-22,2.1803629338301267,-0.4545343406566285,-0.4545343406566285,-0.21878114654885578,,,,,
206,Fabric & Home Care | organic_volume_growth | PCENDC96,Fabric & Home Care,organic_volume_growth,PCENDC96,Last eight,2024-12-31,Origin,2024-10-01,2024-10-01,0,Flat level,8,-2.7554164467887263,2.3474175191585807,1.1562232013484497,-0.04127784788575628,2.0,3.0,1.25,-2.0412778478857563,1.0,-0.75,2025-01-22,2.1803629338301267,2.3628057022081146,0.3628057022081146,-2.404083550093871,,,,,
207,"Baby, Feminine & Family Care | organic_volume_growth | PCENDC96","Baby, Feminine & Family Care",organic_volume_growth,PCENDC96,Expanding,2024-12-31,Origin,2024-10-01,2024-10-01,0,Recent trend,14,-2.080534591525106,0.0992450761549538,2.1808557825945707,-1.8640953932985362,4.0,-1.0,-2.25,-5.864095393298536,-5.0,-6.25,2025-01-22,2.1803629338301267,-1.8641443061116965,-5.8641443061116965,4.8912813160119496e-05,,,,,
208,Beauty | organic_volume_growth | PCENDC96,Beauty,organic_volume_growth,PCENDC96,Expanding,2024-12-31,Origin,2024-10-01,2024-10-01,0,Recent trend,14,-0.9203128740214753,0.21362431278660504,2.1808557825945707,-0.45442905617801643,0.0,1.0,0.25,-0.45442905617801643,1.0,0.25,2025-01-22,2.1803629338301267,-0.4545343406566285,-0.4545343406566285,0.00010528447861207652,,,,,
209,Fabric & Home Care | organic_volume_growth | PCENDC96,Fabric & Home Care,organic_volume_growth,PCENDC96,Last eight,2024-12-31,Origin,2024-10-01,2024-10-01,0,Recent trend,8,-2.7554164467887263,2.3474175191585807,2.1808557825945707,2.363962624032066,2.0,3.0,1.25,0.3639626240320659,1.0,-0.75,2025-01-22,2.1803629338301267,2.3628057022081146,0.3628057022081146,0.001156921823951502,,,,,
210,"Baby, Feminine & Family Care | organic_volume_growth | PCENDC96","Baby, Feminine & Family Care",organic_volume_growth,PCENDC96,Expanding,2024-12-31,One month,2024-11-27,2024-11-27,1,YoY carry,11,-2.642882524087833,0.8751356035148301,2.2281213186692517,-0.6929742291699581,4.0,-1.0,-1.75,-4.692974229169958,-5.0,-5.75,2025-01-22,2.1803629338301267,-0.7347692921090394,-4.734769292109039,0.041795062939081154,,,,,
211,Beauty | organic_volume_growth | PCENDC96,Beauty,organic_volume_growth,PCENDC96,Expanding,2024-12-31,One month,2024-11-27,2024-11-27,1,YoY carry,11,-1.1463472912570327,0.4997973048133796,2.2281213186692517,-0.032738261388907564,0.0,0.0,0.25,-0.032738261388907564,0.0,0.25,2025-01-22,2.1803629338301267,-0.056607773413742235,-0.056607773413742235,0.023869512024834835,,,,,
212,Fabric & Home Care | organic_volume_growth | PCENDC96,Fabric & Home Care,organic_volume_growth,PCENDC96,Last eight,2024-12-31,One month,2024-11-27,2024-11-27,1,YoY carry,8,-3.0697902044802077,2.343372897616352,2.2281213186692517,2.151528906290524,2.0,1.0,1.5,0.15152890629052385,-1.0,-0.5,2025-01-22,2.1803629338301267,2.039613201624587,0.039613201624586925,0.11191570466593716,,,,,
213,"Baby, Feminine & Family Care | organic_volume_growth | PCENDC96","Baby, Feminine & Family Care",organic_volume_growth,PCENDC96,Expanding,2024-12-31,One month,2024-11-27,2024-11-27,1,Flat level,11,-2.642882524087833,0.8751356035148301,1.8629683295384059,-1.012532610688225,4.0,-1.0,-1.75,-5.0125326106882255,-5.0,-5.75,2025-01-22,2.1803629338301267,-0.7347692921090394,-4.734769292109039,-0.2777633185791858,,,,,
214,Beauty | organic_volume_growth | PCENDC96,Beauty,organic_volume_growth,PCENDC96,Expanding,2024-12-31,One month,2024-11-27,2024-11-27,1,Flat level,11,-1.1463472912570327,0.4997973048133796,1.8629683295384059,-0.21524074120105352,0.0,0.0,0.25,-0.21524074120105352,0.0,0.25,2025-01-22,2.1803629338301267,-0.056607773413742235,-0.056607773413742235,-0.1586329677873112,,,,,
215,Fabric & Home Care | organic_volume_growth | PCENDC96,Fabric & Home Care,organic_volume_growth,PCENDC96,Last eight,2024-12-31,One month,2024-11-27,2024-11-27,1,Flat level,8,-3.0697902044802077,2.343372897616352,1.8629683295384059,1.2958392880777017,2.0,1.0,1.5,-0.7041607119222983,-1.0,-0.5,2025-01-22,2.1803629338301267,2.039613201624587,0.039613201624586925,-0.7437739135468853,,,,,
216,"Baby, Feminine & Family Care | organic_volume_growth | PCENDC96","Baby, Feminine & Family Care",organic_volume_growth,PCENDC96,Expanding,2024-12-31,One month,2024-11-27,2024-11-27,1,Recent trend,11,-2.642882524087833,0.8751356035148301,2.367152615548407,-0.5713029912681691,4.0,-1.0,-1.75,-4.571302991268169,-5.0,-5.75,2025-01-22,2.1803629338301267,-0.7347692921090394,-4.734769292109039,0.16346630084087013,,,,,
217,Beauty | organic_volume_growth | PCENDC96,Beauty,organic_volume_growth,PCENDC96,Expanding,2024-12-31,One month,2024-11-27,2024-11-27,1,Recent trend,11,-1.1463472912570327,0.4997973048133796,2.367152615548407,0.03674920607600307,0.0,0.0,0.25,0.03674920607600307,0.0,0.25,2025-01-22,2.1803629338301267,-0.056607773413742235,-0.056607773413742235,0.09335697948974542,,,,,
218,Fabric & Home Care | organic_volume_growth | PCENDC96,Fabric & Home Care,organic_volume_growth,PCENDC96,Last eight,2024-12-31,One month,2024-11-27,2024-11-27,1,Recent trend,8,-3.0697902044802077,2.343372897616352,2.367152615548407,2.477331079317589,2.0,1.0,1.5,0.4773310793175889,-1.0,-0.5,2025-01-22,2.1803629338301267,2.039613201624587,0.039613201624586925,0.43771787769300224,,,,,
219,"Baby, Feminine & Family Care | organic_volume_growth | PCENDC96","Baby, Feminine & Family Care",organic_volume_growth,PCENDC96,Expanding,2024-12-31,Two months,2024-12-20,2024-12-20,2,YoY carry,11,-2.6432234040712053,0.8743165448993253,2.2104342232004415,-0.7106041913153711,4.0,-1.0,-1.75,-4.710604191315371,-5.0,-5.75,2025-01-22,2.158677588195279,-0.7558558736087002,-4.7558558736087,0.045251682293329036,,,,,
220,Beauty | organic_volume_growth | PCENDC96,Beauty,organic_volume_growth,PCENDC96,Expanding,2024-12-31,Two months,2024-12-20,2024-12-20,2,YoY carry,11,-1.1466345937277818,0.4994398431462382,2.2104342232004415,-0.04265567200747644,0.0,0.0,0.25,-0.04265567200747644,0.0,0.25,2025-01-22,2.158677588195279,-0.06850499767623175,-0.06850499767623175,0.02584932566875539,,,,,
221,Fabric & Home Care | organic_volume_growth | PCENDC96,Fabric & Home Care,organic_volume_growth,PCENDC96,Last eight,2024-12-31,Two months,2024-12-20,2024-12-20,2,YoY carry,8,-3.0698143906116173,2.3391202433654232,2.2104342232004415,2.1006570475042596,2.0,1.0,1.5,0.10065704750425963,-1.0,-0.5,2025-01-22,2.158677588195279,1.979592054835209,-0.02040794516479094,0.12106499266905078,,,,,
222,"Baby, Feminine & Family Care | organic_volume_growth | PCENDC96","Baby, Feminine & Family Care",organic_volume_growth,PCENDC96,Expanding,2024-12-31,Two months,2024-12-20,2024-12-20,2,Flat level,11,-2.6432234040712053,0.8743165448993253,1.916195996096648,-0.967861541414063,4.0,-1.0,-1.75,-4.967861541414063,-5.0,-5.75,2025-01-22,2.158677588195279,-0.7558558736087002,-4.7558558736087,-0.21200566780536276,,,,,
223,Beauty | organic_volume_growth | PCENDC96,Beauty,organic_volume_growth,PCENDC96,Expanding,2024-12-31,Two months,2024-12-20,2024-12-20,2,Flat level,11,-1.1466345937277818,0.4994398431462382,1.916195996096648,-0.18960996599982227,0.0,0.0,0.25,-0.18960996599982227,0.0,0.25,2025-01-22,2.158677588195279,-0.06850499767623175,-0.06850499767623175,-0.12110496832359047,,,,,
224,Fabric & Home Care | organic_volume_growth | PCENDC96,Fabric & Home Care,organic_volume_growth,PCENDC96,Last eight,2024-12-31,Two months,2024-12-20,2024-12-20,2,Flat level,8,-3.0698143906116173,2.3391202433654232,1.916195996096648,1.412398454113823,2.0,1.0,1.5,-0.587601545886177,-1.0,-0.5,2025-01-22,2.158677588195279,1.979592054835209,-0.02040794516479094,-0.5671936007213855,,,,,
225,"Baby, Feminine & Family Care | organic_volume_growth | PCENDC96","Baby, Feminine & Family Care",organic_volume_growth,PCENDC96,Expanding,2024-12-31,Two months,2024-12-20,2024-12-20,2,Recent trend,11,-2.6432234040712053,0.8743165448993253,1.9073247183369224,-0.9756178463337883,4.0,-1.0,-1.75,-4.975617846333789,-5.0,-5.75,2025-01-22,2.158677588195279,-0.7558558736087002,-4.7558558736087,-0.21976197272508818,,,,,
226,Beauty | organic_volume_growth | PCENDC96,Beauty,organic_volume_growth,PCENDC96,Expanding,2024-12-31,Two months,2024-12-20,2024-12-20,2,Recent trend,11,-1.1466345937277818,0.4994398431462382,1.9073247183369224,-0.19404063557264628,0.0,0.0,0.25,-0.19404063557264628,0.0,0.25,2025-01-22,2.158677588195279,-0.06850499767623175,-0.06850499767623175,-0.12553563789641448,,,,,
227,Fabric & Home Care | organic_volume_growth | PCENDC96,Fabric & Home Care,organic_volume_growth,PCENDC96,Last eight,2024-12-31,Two months,2024-12-20,2024-12-20,2,Recent trend,8,-3.0698143906116173,2.3391202433654232,1.9073247183369224,1.391647468721532,2.0,1.0,1.5,-0.6083525312784679,-1.0,-0.5,2025-01-22,2.158677588195279,1.979592054835209,-0.02040794516479094,-0.5879445861136768,,,,,
228,"Baby, Feminine & Family Care | organic_volume_growth | PCENDC96","Baby, Feminine & Family Care",organic_volume_growth,PCENDC96,Expanding,2024-12-31,Pre-earnings,2025-01-21,2025-01-21,2,YoY carry,15,-2.016433027926543,0.09687124776088432,2.2104342232004415,-1.8023055066317553,4.0,-1.0,-1.75,-5.802305506631756,-5.0,-5.75,2025-01-22,2.158677588195279,-1.8073192364446098,-5.807319236444609,0.005013729812854742,,,,,
229,Beauty | organic_volume_growth | PCENDC96,Beauty,organic_volume_growth,PCENDC96,Expanding,2024-12-31,Pre-earnings,2025-01-21,2025-01-21,2,YoY carry,15,-0.8874082431352992,0.21240577859322493,2.2104342232004415,-0.4178992409272991,0.0,0.0,0.25,-0.4178992409272991,0.0,0.25,2025-01-22,2.158677588195279,-0.42889264928293597,-0.42889264928293597,0.010993408355636872,,,,,
230,Fabric & Home Care | organic_volume_growth | PCENDC96,Fabric & Home Care,organic_volume_growth,PCENDC96,Last eight,2024-12-31,Pre-earnings,2025-01-21,2025-01-21,2,YoY carry,8,-3.0698143906116173,2.3391202433654232,2.2104342232004415,2.1006570475042596,2.0,1.0,1.5,0.10065704750425963,-1.0,-0.5,2025-01-22,2.158677588195279,1.979592054835209,-0.02040794516479094,0.12106499266905078,,,,,
231,"Baby, Feminine & Family Care | organic_volume_growth | PCENDC96","Baby, Feminine & Family Care",organic_volume_growth,PCENDC96,Expanding,2024-12-31,Pre-earnings,2025-01-21,2025-01-21,2,Flat level,15,-2.016433027926543,0.09687124776088432,1.916195996096648,-1.83080873083025,4.0,-1.0,-1.75,-5.83080873083025,-5.0,-5.75,2025-01-22,2.158677588195279,-1.8073192364446098,-5.807319236444609,-0.02348949438564019,,,,,
232,Beauty | organic_volume_growth | PCENDC96,Beauty,organic_volume_growth,PCENDC96,Expanding,2024-12-31,Pre-earnings,2025-01-21,2025-01-21,2,Flat level,15,-0.8874082431352992,0.21240577859322493,1.916195996096648,-0.4803971406471705,0.0,0.0,0.25,-0.4803971406471705,0.0,0.25,2025-01-22,2.158677588195279,-0.42889264928293597,-0.42889264928293597,-0.05150449136423454,,,,,
233,Fabric & Home Care | organic_volume_growth | PCENDC96,Fabric & Home Care,organic_volume_growth,PCENDC96,Last eight,2024-12-31,Pre-earnings,2025-01-21,2025-01-21,2,Flat level,8,-3.0698143906116173,2.3391202433654232,1.916195996096648,1.412398454113823,2.0,1.0,1.5,-0.587601545886177,-1.0,-0.5,2025-01-22,2.158677588195279,1.979592054835209,-0.02040794516479094,-0.5671936007213855,,,,,
234,"Baby, Feminine & Family Care | organic_volume_growth | PCENDC96","Baby, Feminine & Family Care",organic_volume_growth,PCENDC96,Expanding,2024-12-31,Pre-earnings,2025-01-21,2025-01-21,2,Recent trend,15,-2.016433027926543,0.09687124776088432,1.9073247183369224,-1.8316681025760682,4.0,-1.0,-1.75,-5.831668102576068,-5.0,-5.75,2025-01-22,2.158677588195279,-1.8073192364446098,-5.807319236444609,-0.024348866131458185,,,,,
235,Beauty | organic_volume_growth | PCENDC96,Beauty,organic_volume_growth,PCENDC96,Expanding,2024-12-31,Pre-earnings,2025-01-21,2025-01-21,2,Recent trend,15,-0.8874082431352992,0.21240577859322493,1.9073247183369224,-0.48228145130684175,0.0,0.0,0.25,-0.48228145130684175,0.0,0.25,2025-01-22,2.158677588195279,-0.42889264928293597,-0.42889264928293597,-0.05338880202390579,,,,,
236,Fabric & Home Care | organic_volume_growth | PCENDC96,Fabric & Home Care,organic_volume_growth,PCENDC96,Last eight,2024-12-31,Pre-earnings,2025-01-21,2025-01-21,2,Recent trend,8,-3.0698143906116173,2.3391202433654232,1.9073247183369224,1.391647468721532,2.0,1.0,1.5,-0.6083525312784679,-1.0,-0.5,2025-01-22,2.158677588195279,1.979592054835209,-0.02040794516479094,-0.5879445861136768,,,,,
237,"Baby, Feminine & Family Care | organic_volume_growth | PCENDC96","Baby, Feminine & Family Care",organic_volume_growth,PCENDC96,Expanding,2025-03-31,Origin,2025-01-01,2025-01-01,0,YoY carry,15,-2.016433027926543,0.09687124776088432,2.3134618459836664,-1.7923250922589065,-2.0,-1.0,-1.75,0.20767490774109354,1.0,0.25,2025-04-24,2.6571575328934394,-1.7590308622179225,0.2409691377820775,-0.03329423004098394,,,,,
238,Beauty | organic_volume_growth | PCENDC96,Beauty,organic_volume_growth,PCENDC96,Expanding,2025-03-31,Origin,2025-01-01,2025-01-01,0,YoY carry,15,-0.8874082431352992,0.21240577859322493,2.3134618459836664,-0.3960155784934191,1.0,0.0,0.25,-1.3960155784934192,-1.0,-0.75,2025-04-24,2.6571575328934394,-0.3230126285162155,-1.3230126285162154,-0.07300294997720358,,,,,
239,Fabric & Home Care | organic_volume_growth | PCENDC96,Fabric & Home Care,organic_volume_growth,PCENDC96,Last eight,2025-03-31,Origin,2025-01-01,2025-01-01,0,YoY carry,8,-3.0698143906116173,2.3391202433654232,2.3134618459836664,2.3416510455823176,0.0,1.0,1.5,2.3416510455823176,1.0,1.5,2025-04-24,2.6571575328934394,3.145596584390352,3.145596584390352,-0.8039455388080343,,,,,
240,"Baby, Feminine & Family Care | organic_volume_growth | PCENDC96","Baby, Feminine & Family Care",organic_volume_growth,PCENDC96,Expanding,2025-03-31,Origin,2025-01-01,2025-01-01,0,Flat level,15,-2.016433027926543,0.09687124776088432,2.1919080169109817,-1.8041001633512908,-2.0,-1.0,-1.75,0.19589983664870925,1.0,0.25,2025-04-24,2.6571575328934394,-1.7590308622179225,0.2409691377820775,-0.04506930113336817,,,,,
241,Beauty | organic_volume_growth | PCENDC96,Beauty,organic_volume_growth,PCENDC96,Expanding,2025-03-31,Origin,2025-01-01,2025-01-01,0,Flat level,15,-0.8874082431352992,0.21240577859322493,2.1919080169109817,-0.4218343141985905,1.0,0.0,0.25,-1.4218343141985905,-1.0,-0.75,2025-04-24,2.6571575328934394,-0.3230126285162155,-1.3230126285162154,-0.09882168568237497,,,,,
242,Fabric & Home Care | organic_volume_growth | PCENDC96,Fabric & Home Care,organic_volume_growth,PCENDC96,Last eight,2025-03-31,Origin,2025-01-01,2025-01-01,0,Flat level,8,-3.0698143906116173,2.3391202433654232,2.1919080169109817,2.0573220233398204,0.0,1.0,1.5,2.0573220233398204,1.0,1.5,2025-04-24,2.6571575328934394,3.145596584390352,3.145596584390352,-1.0882745610505318,,,,,
243,"Baby, Feminine & Family Care | organic_volume_growth | PCENDC96","Baby, Feminine & Family Care",organic_volume_growth,PCENDC96,Expanding,2025-03-31,Origin,2025-01-01,2025-01-01,0,Recent trend,15,-2.016433027926543,0.09687124776088432,2.1118969536528365,-1.8118509348837821,-2.0,-1.0,-1.75,0.18814906511621787,1.0,0.25,2025-04-24,2.6571575328934394,-1.7590308622179225,0.2409691377820775,-0.05282007266585974,,,,,
244,Beauty | organic_volume_growth | PCENDC96,Beauty,organic_volume_growth,PCENDC96,Expanding,2025-03-31,Origin,2025-01-01,2025-01-01,0,Recent trend,15,-0.8874082431352992,0.21240577859322493,2.1118969536528365,-0.43882912638600863,1.0,0.0,0.25,-1.4388291263860087,-1.0,-0.75,2025-04-24,2.6571575328934394,-0.3230126285162155,-1.3230126285162154,-0.11581649786979308,,,,,
245,Fabric & Home Care | organic_volume_growth | PCENDC96,Fabric & Home Care,organic_volume_growth,PCENDC96,Last eight,2025-03-31,Origin,2025-01-01,2025-01-01,0,Recent trend,8,-3.0698143906116173,2.3391202433654232,2.1118969536528365,1.8701665255795015,0.0,1.0,1.5,1.8701665255795015,1.0,1.5,2025-04-24,2.6571575328934394,3.145596584390352,3.145596584390352,-1.2754300588108507,,,,,
246,"Baby, Feminine & Family Care | organic_volume_growth | PCENDC96","Baby, Feminine & Family Care",organic_volume_growth,PCENDC96,Expanding,2025-03-31,One month,2025-02-28,2025-02-28,1,YoY carry,12,-2.4428140846381052,1.0875923435027448,2.01451850150427,-0.25183918655743875,-2.0,4.0,-0.25,1.7481608134425612,6.0,1.75,2025-04-24,2.6571575328934394,0.4470901036174424,2.4470901036174424,-0.6989292901748808,,,,,
247,Beauty | organic_volume_growth | PCENDC96,Beauty,organic_volume_growth,PCENDC96,Expanding,2025-03-31,One month,2025-02-28,2025-02-28,1,YoY carry,12,-1.142271200336447,0.5040833707665615,2.01451850150427,-0.12678592362657226,1.0,0.0,0.5,-1.1267859236265723,-1.0,-0.5,2025-04-24,2.6571575328934394,0.19715772550223853,-0.8028422744977615,-0.3239436491288107,,,,,
248,Fabric & Home Care | organic_volume_growth | PCENDC96,Fabric & Home Care,organic_volume_growth,PCENDC96,Last eight,2025-03-31,One month,2025-02-28,2025-02-28,1,YoY carry,8,-2.8842663994425966,2.244547535287521,2.01451850150427,1.6374161378999226,0.0,2.0,1.75,1.6374161378999226,2.0,1.75,2025-04-24,2.6571575328934394,3.0798499918840427,3.0798499918840427,-1.44243385398412,,,,,
249,"Baby, Feminine & Family Care | organic_volume_growth | PCENDC96","Baby, Feminine & Family Care",organic_volume_growth,PCENDC96,Expanding,2025-03-31,One month,2025-02-28,2025-02-28,1,Flat level,12,-2.4428140846381052,1.0875923435027448,2.022995772254932,-0.24261937179521897,-2.0,4.0,-0.25,1.757380628204781,6.0,1.75,2025-04-24,2.6571575328934394,0.4470901036174424,2.4470901036174424,-0.689709475412661,,,,,
250,Beauty | organic_volume_growth | PCENDC96,Beauty,organic_volume_growth,PCENDC96,Expanding,2025-03-31,One month,2025-02-28,2025-02-28,1,Flat level,12,-1.142271200336447,0.5040833707665615,2.022995772254932,-0.12251267241167785,1.0,0.0,0.5,-1.1225126724116778,-1.0,-0.5,2025-04-24,2.6571575328934394,0.19715772550223853,-0.8028422744977615,-0.3196703979139162,,,,,
251,Fabric & Home Care | organic_volume_growth | PCENDC96,Fabric & Home Care,organic_volume_growth,PCENDC96,Last eight,2025-03-31,One month,2025-02-28,2025-02-28,1,Flat level,8,-2.8842663994425966,2.244547535287521,2.022995772254932,1.6564437750692855,0.0,2.0,1.75,1.6564437750692855,2.0,1.75,2025-04-24,2.6571575328934394,3.0798499918840427,3.0798499918840427,-1.4234062168147568,,,,,
252,"Baby, Feminine & Family Care | organic_volume_growth | PCENDC96","Baby, Feminine & Family Care",organic_volume_growth,PCENDC96,Expanding,2025-03-31,One month,2025-02-28,2025-02-28,1,Recent trend,12,-2.4428140846381052,1.0875923435027448,2.008178908688607,-0.2587340791646784,-2.0,4.0,-0.25,1.7412659208353216,6.0,1.75,2025-04-24,2.6571575328934394,0.4470901036174424,2.4470901036174424,-0.7058241827821208,,,,,
253,Beauty | organic_volume_growth | PCENDC96,Beauty,organic_volume_growth,PCENDC96,Expanding,2025-03-31,One month,2025-02-28,2025-02-28,1,Recent trend,12,-1.142271200336447,0.5040833707665615,2.008178908688607,-0.12998160694237915,1.0,0.0,0.5,-1.1299816069423791,-1.0,-0.5,2025-04-24,2.6571575328934394,0.19715772550223853,-0.8028422744977615,-0.32713933244461746,,,,,
254,Fabric & Home Care | organic_volume_growth | PCENDC96,Fabric & Home Care,organic_volume_growth,PCENDC96,Last eight,2025-03-31,One month,2025-02-28,2025-02-28,1,Recent trend,8,-2.8842663994425966,2.244547535287521,2.008178908688607,1.6231866204707996,0.0,2.0,1.75,1.6231866204707996,2.0,1.75,2025-04-24,2.6571575328934394,3.0798499918840427,3.0798499918840427,-1.4566633714132426,,,,,
255,"Baby, Feminine & Family Care | organic_volume_growth | PCENDC96","Baby, Feminine & Family Care",organic_volume_growth,PCENDC96,Expanding,2025-03-31,Two months,2025-03-28,2025-03-28,2,YoY carry,12,-2.4476663664941647,1.0903620026149121,2.5268187156605393,0.3074807485583011,-2.0,4.0,-0.25,2.307480748558301,6.0,1.75,2025-04-24,2.6670354419376485,0.46036773902191674,2.4603677390219167,-0.1528869904636158,,,,,
256,Beauty | organic_volume_growth | PCENDC96,Beauty,organic_volume_growth,PCENDC96,Expanding,2025-03-31,Two months,2025-03-28,2025-03-28,2,YoY carry,12,-1.1428593444147408,0.5036106235790575,2.5268187156605393,0.12967340465029653,1.0,0.0,0.5,-0.8703265953497035,-1.0,-0.5,2025-04-24,2.6670354419376485,0.2002880376069256,-0.7997119623930744,-0.070614632956629,,,,,
257,Fabric & Home Care | organic_volume_growth | PCENDC96,Fabric & Home Care,organic_volume_growth,PCENDC96,Last eight,2025-03-31,Two months,2025-03-28,2025-03-28,2,YoY carry,8,-2.8840934270602387,2.2392737124125786,2.5268187156605393,2.774145298950521,0.0,2.0,1.75,2.774145298950521,2.0,1.75,2025-04-24,2.6670354419376485,3.0881289281434015,3.0881289281434015,-0.31398362919288075,,,,,
258,"Baby, Feminine & Family Care | organic_volume_growth | PCENDC96","Baby, Feminine & Family Care",organic_volume_growth,PCENDC96,Expanding,2025-03-31,Two months,2025-03-28,2025-03-28,2,Flat level,12,-2.4476663664941647,1.0903620026149121,2.3944051523173693,0.1631020304580657,-2.0,4.0,-0.25,2.1631020304580657,6.0,1.75,2025-04-24,2.6670354419376485,0.46036773902191674,2.4603677390219167,-0.29726570856385115,,,,,
259,Beauty | organic_volume_growth | PCENDC96,Beauty,organic_volume_growth,PCENDC96,Expanding,2025-03-31,Two months,2025-03-28,2025-03-28,2,Flat level,12,-1.1428593444147408,0.5036106235790575,2.3944051523173693,0.06298852744471772,1.0,0.0,0.5,-0.9370114725552823,-1.0,-0.5,2025-04-24,2.6670354419376485,0.2002880376069256,-0.7997119623930744,-0.13729951016220787,,,,,
260,Fabric & Home Care | organic_volume_growth | PCENDC96,Fabric & Home Care,organic_volume_growth,PCENDC96,Last eight,2025-03-31,Two months,2025-03-28,2025-03-28,2,Flat level,8,-2.8840934270602387,2.2392737124125786,2.3944051523173693,2.4776350873892827,0.0,2.0,1.75,2.4776350873892827,2.0,1.75,2025-04-24,2.6670354419376485,3.0881289281434015,3.0881289281434015,-0.6104938407541192,,,,,
261,"Baby, Feminine & Family Care | organic_volume_growth | PCENDC96","Baby, Feminine & Family Care",organic_volume_growth,PCENDC96,Expanding,2025-03-31,Two months,2025-03-28,2025-03-28,2,Recent trend,12,-2.4476663664941647,1.0903620026149121,2.341558338930816,0.10547987318208696,-2.0,4.0,-0.25,2.105479873182087,6.0,1.75,2025-04-24,2.6670354419376485,0.46036773902191674,2.4603677390219167,-0.35488786583983006,,,,,
262,Beauty | organic_volume_growth | PCENDC96,Beauty,organic_volume_growth,PCENDC96,Expanding,2025-03-31,Two months,2025-03-28,2025-03-28,2,Recent trend,12,-1.1428593444147408,0.5036106235790575,2.341558338930816,0.03637431080094955,1.0,0.0,0.5,-0.9636256891990505,-1.0,-0.5,2025-04-24,2.6670354419376485,0.2002880376069256,-0.7997119623930744,-0.16391372680597613,,,,,
263,Fabric & Home Care | organic_volume_growth | PCENDC96,Fabric & Home Care,organic_volume_growth,PCENDC96,Last eight,2025-03-31,Two months,2025-03-28,2025-03-28,2,Recent trend,8,-2.8840934270602387,2.2392737124125786,2.341558338930816,2.359296607388,0.0,2.0,1.75,2.359296607388,2.0,1.75,2025-04-24,2.6670354419376485,3.0881289281434015,3.0881289281434015,-0.7288323207554014,,,,,
264,"Baby, Feminine & Family Care | organic_volume_growth | PCENDC96","Baby, Feminine & Family Care",organic_volume_growth,PCENDC96,Expanding,2025-03-31,Pre-earnings,2025-04-23,2025-04-23,2,YoY carry,16,-1.6011825318370596,0.078763160307073,2.5268187156605393,-1.4021623042685762,-2.0,4.0,-0.25,0.5978376957314238,6.0,1.75,2025-04-24,2.6670354419376485,-1.3911183917790793,0.6088816082209207,-0.01104391248949693,,,,,
265,Beauty | organic_volume_growth | PCENDC96,Beauty,organic_volume_growth,PCENDC96,Expanding,2025-03-31,Pre-earnings,2025-04-23,2025-04-23,2,YoY carry,16,-0.8560321226887075,0.2110375405336471,2.5268187156605393,-0.3227785155613184,1.0,0.0,0.5,-1.3227785155613185,-1.0,-0.5,2025-04-24,2.6670354419376485,-0.2931875225061177,-1.2931875225061176,-0.02959099305520074,,,,,
266,Fabric & Home Care | organic_volume_growth | PCENDC96,Fabric & Home Care,organic_volume_growth,PCENDC96,Last eight,2025-03-31,Pre-earnings,2025-04-23,2025-04-23,2,YoY carry,8,-2.8840934270602387,2.2392737124125786,2.5268187156605393,2.774145298950521,0.0,2.0,1.75,2.774145298950521,2.0,1.75,2025-04-24,2.6670354419376485,3.0881289281434015,3.0881289281434015,-0.31398362919288075,,,,,
267,"Baby, Feminine & Family Care | organic_volume_growth | PCENDC96","Baby, Feminine & Family Care",organic_volume_growth,PCENDC96,Expanding,2025-03-31,Pre-earnings,2025-04-23,2025-04-23,2,Flat level,16,-1.6011825318370596,0.078763160307073,2.3944051523173693,-1.412591614985005,-2.0,4.0,-0.25,0.5874083850149949,6.0,1.75,2025-04-24,2.6670354419376485,-1.3911183917790793,0.6088816082209207,-0.021473223205925797,,,,,
268,Beauty | organic_volume_growth | PCENDC96,Beauty,organic_volume_growth,PCENDC96,Expanding,2025-03-31,Pre-earnings,2025-04-23,2025-04-23,2,Flat level,16,-0.8560321226887075,0.2110375405336471,2.3944051523173693,-0.35072274830255723,1.0,0.0,0.5,-1.3507227483025572,-1.0,-0.5,2025-04-24,2.6670354419376485,-0.2931875225061177,-1.2931875225061176,-0.057535225796439625,,,,,
269,Fabric & Home Care | organic_volume_growth | PCENDC96,Fabric & Home Care,organic_volume_growth,PCENDC96,Last eight,2025-03-31,Pre-earnings,2025-04-23,2025-04-23,2,Flat level,8,-2.8840934270602387,2.2392737124125786,2.3944051523173693,2.4776350873892827,0.0,2.0,1.75,2.4776350873892827,2.0,1.75,2025-04-24,2.6670354419376485,3.0881289281434015,3.0881289281434015,-0.6104938407541192,,,,,
270,"Baby, Feminine & Family Care | organic_volume_growth | PCENDC96","Baby, Feminine & Family Care",organic_volume_growth,PCENDC96,Expanding,2025-03-31,Pre-earnings,2025-04-23,2025-04-23,2,Recent trend,16,-1.6011825318370596,0.078763160307073,2.341558338930816,-1.4167539970194882,-2.0,4.0,-0.25,0.5832460029805118,6.0,1.75,2025-04-24,2.6670354419376485,-1.3911183917790793,0.6088816082209207,-0.025635605240408872,,,,,
271,Beauty | organic_volume_growth | PCENDC96,Beauty,organic_volume_growth,PCENDC96,Expanding,2025-03-31,Pre-earnings,2025-04-23,2025-04-23,2,Recent trend,16,-0.8560321226887075,0.2110375405336471,2.341558338930816,-0.3618754098246961,1.0,0.0,0.5,-1.3618754098246961,-1.0,-0.5,2025-04-24,2.6670354419376485,-0.2931875225061177,-1.2931875225061176,-0.06868788731857847,,,,,
272,Fabric & Home Care | organic_volume_growth | PCENDC96,Fabric & Home Care,organic_volume_growth,PCENDC96,Last eight,2025-03-31,Pre-earnings,2025-04-23,2025-04-23,2,Recent trend,8,-2.8840934270602387,2.2392737124125786,2.341558338930816,2.359296607388,0.0,2.0,1.75,2.359296607388,2.0,1.75,2025-04-24,2.6670354419376485,3.0881289281434015,3.0881289281434015,-0.7288323207554014,,,,,
273,"Baby, Feminine & Family Care | organic_volume_growth | PCENDC96","Baby, Feminine & Family Care",organic_volume_growth,PCENDC96,Expanding,2025-06-30,Origin,2025-04-01,2025-04-01,0,YoY carry,16,-1.6011825318370596,0.078763160307073,2.4263020900480603,-1.410079311365218,0.0,4.0,-0.25,-1.410079311365218,4.0,-0.25,2025-07-29,2.799610454764556,-1.3806763647910814,-1.3806763647910814,-0.02940294657413664,,,,,
274,Beauty | organic_volume_growth | PCENDC96,Beauty,organic_volume_growth,PCENDC96,Expanding,2025-06-30,Origin,2025-04-01,2025-04-01,0,YoY carry,16,-0.8560321226887075,0.2110375405336471,2.4263020900480603,-0.3439912970133173,1.0,0.0,0.5,-1.3439912970133174,-1.0,-0.5,2025-07-29,2.799610454764556,-0.2652092178629103,-1.2652092178629104,-0.07878207915040701,,,,,
275,Fabric & Home Care | organic_volume_growth | PCENDC96,Fabric & Home Care,organic_volume_growth,PCENDC96,Last eight,2025-06-30,Origin,2025-04-01,2025-04-01,0,YoY carry,8,-2.8840934270602387,2.2392737124125786,2.4263020900480603,2.5490610615560794,0.0,2.0,1.75,2.5490610615560794,2.0,1.75,2025-07-29,2.799610454764556,3.3850006692894565,3.3850006692894565,-0.8359396077333765,,,,,
276,"Baby, Feminine & Family Care | organic_volume_growth | PCENDC96","Baby, Feminine & Family Care",organic_volume_growth,PCENDC96,Expanding,2025-06-30,Origin,2025-04-01,2025-04-01,0,Flat level,16,-1.6011825318370596,0.078763160307073,2.1405313947883586,-1.4325875144470215,0.0,4.0,-0.25,-1.4325875144470215,4.0,-0.25,2025-07-29,2.799610454764556,-1.3806763647910814,-1.3806763647910814,-0.05191114965594023,,,,,
277,Beauty | organic_volume_growth | PCENDC96,Beauty,organic_volume_growth,PCENDC96,Expanding,2025-06-30,Origin,2025-04-01,2025-04-01,0,Flat level,16,-0.8560321226887075,0.2110375405336471,2.1405313947883586,-0.40429964169751514,1.0,0.0,0.5,-1.404299641697515,-1.0,-0.5,2025-07-29,2.799610454764556,-0.2652092178629103,-1.2652092178629104,-0.13909042383460482,,,,,
278,Fabric & Home Care | organic_volume_growth | PCENDC96,Fabric & Home Care,organic_volume_growth,PCENDC96,Last eight,2025-06-30,Origin,2025-04-01,2025-04-01,0,Flat level,8,-2.8840934270602387,2.2392737124125786,2.1405313947883586,1.9091422558831637,0.0,2.0,1.75,1.9091422558831637,2.0,1.75,2025-07-29,2.799610454764556,3.3850006692894565,3.3850006692894565,-1.4758584134062924,,,,,
279,"Baby, Feminine & Family Care | organic_volume_growth | PCENDC96","Baby, Feminine & Family Care",organic_volume_growth,PCENDC96,Expanding,2025-06-30,Origin,2025-04-01,2025-04-01,0,Recent trend,16,-1.6011825318370596,0.078763160307073,1.6668798016860498,-1.4698938108042392,0.0,4.0,-0.25,-1.4698938108042392,4.0,-0.25,2025-07-29,2.799610454764556,-1.3806763647910814,-1.3806763647910814,-0.0892174460131579,,,,,
280,Beauty | organic_volume_growth | PCENDC96,Beauty,organic_volume_growth,PCENDC96,Expanding,2025-06-30,Origin,2025-04-01,2025-04-01,0,Recent trend,16,-0.8560321226887075,0.2110375405336471,1.6668798016860498,-0.5042579089756702,1.0,0.0,0.5,-1.5042579089756702,-1.0,-0.5,2025-07-29,2.799610454764556,-0.2652092178629103,-1.2652092178629104,-0.23904869111275984,,,,,
281,Fabric & Home Care | organic_volume_growth | PCENDC96,Fabric & Home Care,organic_volume_growth,PCENDC96,Last eight,2025-06-30,Origin,2025-04-01,2025-04-01,0,Recent trend,8,-2.8840934270602387,2.2392737124125786,1.6668798016860498,0.8485066946068245,0.0,2.0,1.75,0.8485066946068245,2.0,1.75,2025-07-29,2.799610454764556,3.3850006692894565,3.3850006692894565,-2.5364939746826316,,,,,
282,"Baby, Feminine & Family Care | organic_volume_growth | PCENDC96","Baby, Feminine & Family Care",organic_volume_growth,PCENDC96,Expanding,2025-06-30,One month,2025-05-30,2025-05-30,1,YoY carry,13,-2.4748937456328104,0.9255678727953373,3.164169292812802,0.4537596958802612,0.0,-2.0,0.0,0.4537596958802612,-2.0,0.0,2025-07-29,2.799610454764556,0.1163357476392064,0.1163357476392064,0.33742394824105454,,,,,
283,Beauty | organic_volume_growth | PCENDC96,Beauty,organic_volume_growth,PCENDC96,Expanding,2025-06-30,One month,2025-05-30,2025-05-30,1,YoY carry,13,-1.1359071858735408,0.5456886697740604,3.164169292812802,0.5907441464614065,1.0,1.0,0.5,-0.4092558535385935,0.0,-0.5,2025-07-29,2.799610454764556,0.39180851907248204,-0.608191480927518,0.19893562738892426,,,,,
284,Fabric & Home Care | organic_volume_growth | PCENDC96,Fabric & Home Care,organic_volume_growth,PCENDC96,Last eight,2025-06-30,One month,2025-05-30,2025-05-30,1,YoY carry,8,-0.9276688782993148,0.9641694559247915,3.164169292812802,2.123126507205937,0.0,0.0,1.5,2.123126507205937,0.0,1.5,2025-07-29,2.799610454764556,1.7716300106723857,1.7716300106723857,0.3514964965335512,,,,,
285,"Baby, Feminine & Family Care | organic_volume_growth | PCENDC96","Baby, Feminine & Family Care",organic_volume_growth,PCENDC96,Expanding,2025-06-30,One month,2025-05-30,2025-05-30,1,Flat level,13,-2.4748937456328104,0.9255678727953373,2.87535536165735,0.18644279998705082,0.0,-2.0,0.0,0.18644279998705082,-2.0,0.0,2025-07-29,2.799610454764556,0.1163357476392064,0.1163357476392064,0.07010705234784423,,,,,
286,Beauty | organic_volume_growth | PCENDC96,Beauty,organic_volume_growth,PCENDC96,Expanding,2025-06-30,One month,2025-05-30,2025-05-30,1,Flat level,13,-1.1359071858735408,0.5456886697740604,2.87535536165735,0.433141656556971,1.0,1.0,0.5,-0.566858343443029,0.0,-0.5,2025-07-29,2.799610454764556,0.39180851907248204,-0.608191480927518,0.041333137484488816,,,,,
287,Fabric & Home Care | organic_volume_growth | PCENDC96,Fabric & Home Care,organic_volume_growth,PCENDC96,Last eight,2025-06-30,One month,2025-05-30,2025-05-30,1,Flat level,8,-0.9276688782993148,0.9641694559247915,2.87535536165735,1.8446609363402846,0.0,0.0,1.5,1.8446609363402846,0.0,1.5,2025-07-29,2.799610454764556,1.7716300106723857,1.7716300106723857,0.07303092566789919,,,,,
288,"Baby, Feminine & Family Care | organic_volume_growth | PCENDC96","Baby, Feminine & Family Care",organic_volume_growth,PCENDC96,Expanding,2025-06-30,One month,2025-05-30,2025-05-30,1,Recent trend,13,-2.4748937456328104,0.9255678727953373,3.076030179918754,0.3721809646488494,0.0,-2.0,0.0,0.3721809646488494,-2.0,0.0,2025-07-29,2.799610454764556,0.1163357476392064,0.1163357476392064,0.25584521700964263,,,,,
289,Beauty | organic_volume_growth | PCENDC96,Beauty,organic_volume_growth,PCENDC96,Expanding,2025-06-30,One month,2025-05-30,2025-05-30,1,Recent trend,13,-1.1359071858735408,0.5456886697740604,3.076030179918754,0.5426476311911876,1.0,1.0,0.5,-0.45735236880881236,0.0,-0.5,2025-07-29,2.799610454764556,0.39180851907248204,-0.608191480927518,0.15083911211870557,,,,,
290,Fabric & Home Care | organic_volume_growth | PCENDC96,Fabric & Home Care,organic_volume_growth,PCENDC96,Last eight,2025-06-30,One month,2025-05-30,2025-05-30,1,Recent trend,8,-0.9276688782993148,0.9641694559247915,3.076030179918754,2.038145466681189,0.0,0.0,1.5,2.038145466681189,0.0,1.5,2025-07-29,2.799610454764556,1.7716300106723857,1.7716300106723857,0.2665154560088033,,,,,
291,"Baby, Feminine & Family Care | organic_volume_growth | PCENDC96","Baby, Feminine & Family Care",organic_volume_growth,PCENDC96,Expanding,2025-06-30,Two months,2025-06-27,2025-06-27,2,YoY carry,13,-2.4761062293851994,0.9277699235219593,2.8539910458909246,0.1717408249933805,0.0,-2.0,0.0,0.1717408249933805,-2.0,0.0,2025-07-29,2.8015778549435932,0.12311344283663272,0.12311344283663272,0.04862738215674743,,,,,
292,Beauty | organic_volume_growth | PCENDC96,Beauty,organic_volume_growth,PCENDC96,Expanding,2025-06-30,Two months,2025-06-27,2025-06-27,2,YoY carry,13,-1.1354582985941697,0.5459227624258393,2.8539910458909246,0.422600377117214,1.0,1.0,0.5,-0.577399622882786,0.0,-0.5,2025-07-29,2.8015778549435932,0.39398682312769395,-0.606013176872306,0.028613553989520108,,,,,
293,Fabric & Home Care | organic_volume_growth | PCENDC96,Fabric & Home Care,organic_volume_growth,PCENDC96,Last eight,2025-06-30,Two months,2025-06-27,2025-06-27,2,YoY carry,8,-0.941194699681648,0.9731167648315336,2.8539910458909246,1.8360718337538935,0.0,0.0,1.5,1.8360718337538935,0.0,1.5,2025-07-29,2.8015778549435932,1.785067678944729,1.785067678944729,0.05100415480916448,,,,,
294,"Baby, Feminine & Family Care | organic_volume_growth | PCENDC96","Baby, Feminine & Family Care",organic_volume_growth,PCENDC96,Expanding,2025-06-30,Two months,2025-06-27,2025-06-27,2,Flat level,13,-2.4761062293851994,0.9277699235219593,2.6884523446491615,0.018158996802385197,0.0,-2.0,0.0,0.018158996802385197,-2.0,0.0,2025-07-29,2.8015778549435932,0.12311344283663272,0.12311344283663272,-0.10495444603424756,,,,,
295,Beauty | organic_volume_growth | PCENDC96,Beauty,organic_volume_growth,PCENDC96,Expanding,2025-06-30,Two months,2025-06-27,2025-06-27,2,Flat level,13,-1.1354582985941697,0.5459227624258393,2.6884523446491615,0.332229032046925,1.0,1.0,0.5,-0.667770967953075,0.0,-0.5,2025-07-29,2.8015778549435932,0.39398682312769395,-0.606013176872306,-0.06175779108076889,,,,,
296,Fabric & Home Care | organic_volume_growth | PCENDC96,Fabric & Home Care,organic_volume_growth,PCENDC96,Last eight,2025-06-30,Two months,2025-06-27,2025-06-27,2,Flat level,8,-0.941194699681648,0.9731167648315336,2.6884523446491615,1.6749833483470953,0.0,0.0,1.5,1.6749833483470953,0.0,1.5,2025-07-29,2.8015778549435932,1.785067678944729,1.785067678944729,-0.11008433059763377,,,,,
297,"Baby, Feminine & Family Care | organic_volume_growth | PCENDC96","Baby, Feminine & Family Care",organic_volume_growth,PCENDC96,Expanding,2025-06-30,Two months,2025-06-27,2025-06-27,2,Recent trend,13,-2.4761062293851994,0.9277699235219593,2.655006541605598,-0.01287101332947227,0.0,-2.0,0.0,-0.01287101332947227,-2.0,0.0,2025-07-29,2.8015778549435932,0.12311344283663272,0.12311344283663272,-0.13598445616610508,,,,,
298,Beauty | organic_volume_growth | PCENDC96,Beauty,organic_volume_growth,PCENDC96,Expanding,2025-06-30,Two months,2025-06-27,2025-06-27,2,Recent trend,13,-1.1354582985941697,0.5459227624258393,2.655006541605598,0.3139702068578323,1.0,1.0,0.5,-0.6860297931421677,0.0,-0.5,2025-07-29,2.8015778549435932,0.39398682312769395,-0.606013176872306,-0.08001661626986167,,,,,
299,Fabric & Home Care | organic_volume_growth | PCENDC96,Fabric & Home Care,organic_volume_growth,PCENDC96,Last eight,2025-06-30,Two months,2025-06-27,2025-06-27,2,Recent trend,8,-0.941194699681648,0.9731167648315336,2.655006541605598,1.6424366766921499,0.0,0.0,1.5,1.6424366766921499,0.0,1.5,2025-07-29,2.8015778549435932,1.785067678944729,1.785067678944729,-0.14263100225257905,,,,,
300,"Baby, Feminine & Family Care | organic_volume_growth | PCENDC96","Baby, Feminine & Family Care",organic_volume_growth,PCENDC96,Expanding,2025-06-30,Pre-earnings,2025-07-28,2025-07-28,2,YoY carry,17,-1.6379521275411333,0.07876832669396253,2.8539910458909246,-1.413148028456753,0.0,-2.0,0.0,-1.413148028456753,-2.0,0.0,2025-07-29,2.8015778549435932,-1.4172765278043655,-1.4172765278043655,0.004128499347612433,,,,,
301,Beauty | organic_volume_growth | PCENDC96,Beauty,organic_volume_growth,PCENDC96,Expanding,2025-06-30,Pre-earnings,2025-07-28,2025-07-28,2,YoY carry,17,-0.7824463724972401,0.2110272012180314,2.8539910458909246,-0.18017662978155613,1.0,1.0,0.5,-1.1801766297815561,0.0,-0.5,2025-07-29,2.8015778549435932,-0.19123723877407772,-1.1912372387740777,0.011060608992521589,,,,,
302,Fabric & Home Care | organic_volume_growth | PCENDC96,Fabric & Home Care,organic_volume_growth,PCENDC96,Last eight,2025-06-30,Pre-earnings,2025-07-28,2025-07-28,2,YoY carry,8,-0.941194699681648,0.9731167648315336,2.8539910458909246,1.8360718337538935,0.0,0.0,1.5,1.8360718337538935,0.0,1.5,2025-07-29,2.8015778549435932,1.785067678944729,1.785067678944729,0.05100415480916448,,,,,
303,"Baby, Feminine & Family Care | organic_volume_growth | PCENDC96","Baby, Feminine & Family Care",organic_volume_growth,PCENDC96,Expanding,2025-06-30,Pre-earnings,2025-07-28,2025-07-28,2,Flat level,17,-1.6379521275411333,0.07876832669396253,2.6884523446491615,-1.4261872349566587,0.0,-2.0,0.0,-1.4261872349566587,-2.0,0.0,2025-07-29,2.8015778549435932,-1.4172765278043655,-1.4172765278043655,-0.00891070715229302,,,,,
304,Beauty | organic_volume_growth | PCENDC96,Beauty,organic_volume_growth,PCENDC96,Expanding,2025-06-30,Pre-earnings,2025-07-28,2025-07-28,2,Flat level,17,-0.7824463724972401,0.2110272012180314,2.6884523446491615,-0.21510979859787327,1.0,1.0,0.5,-1.2151097985978732,0.0,-0.5,2025-07-29,2.8015778549435932,-0.19123723877407772,-1.1912372387740777,-0.02387255982379553,,,,,
305,Fabric & Home Care | organic_volume_growth | PCENDC96,Fabric & Home Care,organic_volume_growth,PCENDC96,Last eight,2025-06-30,Pre-earnings,2025-07-28,2025-07-28,2,Flat level,8,-0.941194699681648,0.9731167648315336,2.6884523446491615,1.6749833483470953,0.0,0.0,1.5,1.6749833483470953,0.0,1.5,2025-07-29,2.8015778549435932,1.785067678944729,1.785067678944729,-0.11008433059763377,,,,,
306,"Baby, Feminine & Family Care | organic_volume_growth | PCENDC96","Baby, Feminine & Family Care",organic_volume_growth,PCENDC96,Expanding,2025-06-30,Pre-earnings,2025-07-28,2025-07-28,2,Recent trend,17,-1.6379521275411333,0.07876832669396253,2.655006541605598,-1.428821704897336,0.0,-2.0,0.0,-1.428821704897336,-2.0,0.0,2025-07-29,2.8015778549435932,-1.4172765278043655,-1.4172765278043655,-0.011545177092970364,,,,,
307,Beauty | organic_volume_growth | PCENDC96,Beauty,organic_volume_growth,PCENDC96,Expanding,2025-06-30,Pre-earnings,2025-07-28,2025-07-28,2,Recent trend,17,-0.7824463724972401,0.2110272012180314,2.655006541605598,-0.222167772806646,1.0,1.0,0.5,-1.222167772806646,0.0,-0.5,2025-07-29,2.8015778549435932,-0.19123723877407772,-1.1912372387740777,-0.03093053403256827,,,,,
308,Fabric & Home Care | organic_volume_growth | PCENDC96,Fabric & Home Care,organic_volume_growth,PCENDC96,Last eight,2025-06-30,Pre-earnings,2025-07-28,2025-07-28,2,Recent trend,8,-0.941194699681648,0.9731167648315336,2.655006541605598,1.6424366766921499,0.0,0.0,1.5,1.6424366766921499,0.0,1.5,2025-07-29,2.8015778549435932,1.785067678944729,1.785067678944729,-0.14263100225257905,,,,,
309,"Baby, Feminine & Family Care | organic_volume_growth | PCENDC96","Baby, Feminine & Family Care",organic_volume_growth,PCENDC96,Expanding,2025-09-30,Origin,2025-07-01,2025-07-01,0,YoY carry,17,-1.6379521275411333,0.07876832669396253,2.8115539262481226,-1.416490729360728,0.0,-2.0,0.0,-1.416490729360728,-2.0,0.0,2025-10-24,3.0853630067698923,-1.3949232462544159,-1.3949232462544159,-0.021567483106312246,,,,,
310,Beauty | organic_volume_growth | PCENDC96,Beauty,organic_volume_growth,PCENDC96,Expanding,2025-09-30,Origin,2025-07-01,2025-07-01,0,YoY carry,17,-0.7824463724972401,0.2110272012180314,2.8115539262481226,-0.1891320163675314,4.0,1.0,0.5,-4.189132016367531,-3.0,-3.5,2025-10-24,3.0853630067698923,-0.13135085243693967,-4.13135085243694,-0.05778116393059165,,,,,
311,Fabric & Home Care | organic_volume_growth | PCENDC96,Fabric & Home Care,organic_volume_growth,PCENDC96,Last eight,2025-09-30,Origin,2025-07-01,2025-07-01,0,YoY carry,8,-0.941194699681648,0.9731167648315336,2.8115539262481226,1.7947755611783216,-2.0,0.0,1.5,3.7947755611783216,2.0,3.5,2025-10-24,3.0853630067698923,2.0612237677971628,4.061223767797163,-0.2664482066188414,,,,,
312,"Baby, Feminine & Family Care | organic_volume_growth | PCENDC96","Baby, Feminine & Family Care",organic_volume_growth,PCENDC96,Expanding,2025-09-30,Origin,2025-07-01,2025-07-01,0,Flat level,17,-1.6379521275411333,0.07876832669396253,1.4434674344409038,-1.5242526130929963,0.0,-2.0,0.0,-1.5242526130929963,-2.0,0.0,2025-10-24,3.0853630067698923,-1.3949232462544159,-1.3949232462544159,-0.12932936683858035,,,,,
313,Beauty | organic_volume_growth | PCENDC96,Beauty,organic_volume_growth,PCENDC96,Expanding,2025-09-30,Origin,2025-07-01,2025-07-01,0,Flat level,17,-0.7824463724972401,0.2110272012180314,1.4434674344409038,-0.477835479757804,4.0,1.0,0.5,-4.477835479757804,-3.0,-3.5,2025-10-24,3.0853630067698923,-0.13135085243693967,-4.13135085243694,-0.34648462732086427,,,,,
314,Fabric & Home Care | organic_volume_growth | PCENDC96,Fabric & Home Care,organic_volume_growth,PCENDC96,Last eight,2025-09-30,Origin,2025-07-01,2025-07-01,0,Flat level,8,-0.941194699681648,0.9731167648315336,1.4434674344409038,0.46346766026115804,-2.0,0.0,1.5,2.4634676602611583,2.0,3.5,2025-10-24,3.0853630067698923,2.0612237677971628,4.061223767797163,-1.5977561075360047,,,,,
315,"Baby, Feminine & Family Care | organic_volume_growth | PCENDC96","Baby, Feminine & Family Care",organic_volume_growth,PCENDC96,Expanding,2025-09-30,Origin,2025-07-01,2025-07-01,0,Recent trend,17,-1.6379521275411333,0.07876832669396253,1.1458252276087766,-1.5476973916786612,0.0,-2.0,0.0,-1.5476973916786612,-2.0,0.0,2025-10-24,3.0853630067698923,-1.3949232462544159,-1.3949232462544159,-0.1527741454242453,,,,,
316,Beauty | organic_volume_growth | PCENDC96,Beauty,organic_volume_growth,PCENDC96,Expanding,2025-09-30,Origin,2025-07-01,2025-07-01,0,Recent trend,17,-0.7824463724972401,0.2110272012180314,1.1458252276087766,-0.5406460816299462,4.0,1.0,0.5,-4.540646081629946,-3.0,-3.5,2025-10-24,3.0853630067698923,-0.13135085243693967,-4.13135085243694,-0.4092952291930065,,,,,
317,Fabric & Home Care | organic_volume_growth | PCENDC96,Fabric & Home Care,organic_volume_growth,PCENDC96,Last eight,2025-09-30,Origin,2025-07-01,2025-07-01,0,Recent trend,8,-0.941194699681648,0.9731167648315336,1.1458252276087766,0.1738270388713603,-2.0,0.0,1.5,2.1738270388713605,2.0,3.5,2025-10-24,3.0853630067698923,2.0612237677971628,4.061223767797163,-1.8873967289258025,,,,,
318,"Baby, Feminine & Family Care | organic_volume_growth | PCENDC96","Baby, Feminine & Family Care",organic_volume_growth,PCENDC96,Expanding,2025-09-30,One month,2025-08-29,2025-08-29,1,YoY carry,14,-2.4774629423663272,0.9100263166960223,2.818360254596275,0.08731905924638461,0.0,0.0,0.25,0.08731905924638461,0.0,0.25,2025-10-24,3.0853630067698923,0.3302985903546425,0.3302985903546425,-0.24297953110825787,,,,,
319,Beauty | organic_volume_growth | PCENDC96,Beauty,organic_volume_growth,PCENDC96,Expanding,2025-09-30,One month,2025-08-29,2025-08-29,1,YoY carry,14,-1.1334227360316185,0.5725446214939776,2.818360254596275,0.4802142691698761,4.0,1.0,0.5,-3.519785730830124,-3.0,-3.5,2025-10-24,3.0853630067698923,0.6330852588509701,-3.3669147411490297,-0.15287098968109403,,,,,
320,Fabric & Home Care | organic_volume_growth | PCENDC96,Fabric & Home Care,organic_volume_growth,PCENDC96,Last eight,2025-09-30,One month,2025-08-29,2025-08-29,1,YoY carry,8,2.0671928615314483,-0.5022260022005788,2.818360254596275,0.6517390581045557,-2.0,0.0,0.75,2.651739058104556,2.0,2.75,2025-10-24,3.0853630067698923,0.5176433333038479,2.517643333303848,0.13409572480070775,,,,,
321,"Baby, Feminine & Family Care | organic_volume_growth | PCENDC96","Baby, Feminine & Family Care",organic_volume_growth,PCENDC96,Expanding,2025-09-30,One month,2025-08-29,2025-08-29,1,Flat level,14,-2.4774629423663272,0.9100263166960223,2.528986071122863,-0.17601906308684345,0.0,0.0,0.25,-0.17601906308684345,0.0,0.25,2025-10-24,3.0853630067698923,0.3302985903546425,0.3302985903546425,-0.5063176534414859,,,,,
322,Beauty | organic_volume_growth | PCENDC96,Beauty,organic_volume_growth,PCENDC96,Expanding,2025-09-30,One month,2025-08-29,2025-08-29,1,Flat level,14,-1.1334227360316185,0.5725446214939776,2.528986071122863,0.31453463682296245,4.0,1.0,0.5,-3.6854653631770375,-3.0,-3.5,2025-10-24,3.0853630067698923,0.6330852588509701,-3.3669147411490297,-0.31855062202800755,,,,,
323,Fabric & Home Care | organic_volume_growth | PCENDC96,Fabric & Home Care,organic_volume_growth,PCENDC96,Last eight,2025-09-30,One month,2025-08-29,2025-08-29,1,Flat level,8,2.0671928615314483,-0.5022260022005788,2.528986071122863,0.7970702974104642,-2.0,0.0,0.75,2.797070297410464,2.0,2.75,2025-10-24,3.0853630067698923,0.5176433333038479,2.517643333303848,0.27942696410661627,,,,,
324,"Baby, Feminine & Family Care | organic_volume_growth | PCENDC96","Baby, Feminine & Family Care",organic_volume_growth,PCENDC96,Expanding,2025-09-30,One month,2025-08-29,2025-08-29,1,Recent trend,14,-2.4774629423663272,0.9100263166960223,2.969613259668491,0.22496327434145824,0.0,0.0,0.25,0.22496327434145824,0.0,0.25,2025-10-24,3.0853630067698923,0.3302985903546425,0.3302985903546425,-0.1053353160131843,,,,,
325,Beauty | organic_volume_growth | PCENDC96,Beauty,organic_volume_growth,PCENDC96,Expanding,2025-09-30,One month,2025-08-29,2025-08-29,1,Recent trend,14,-1.1334227360316185,0.5725446214939776,2.969613259668491,0.5668133637087747,4.0,1.0,0.5,-3.433186636291225,-3.0,-3.5,2025-10-24,3.0853630067698923,0.6330852588509701,-3.3669147411490297,-0.06627189514219543,,,,,
326,Fabric & Home Care | organic_volume_growth | PCENDC96,Fabric & Home Care,organic_volume_growth,PCENDC96,Last eight,2025-09-30,One month,2025-08-29,2025-08-29,1,Recent trend,8,2.0671928615314483,-0.5022260022005788,2.969613259668491,0.5757758660463128,-2.0,0.0,0.75,2.575775866046313,2.0,2.75,2025-10-24,3.0853630067698923,0.5176433333038479,2.517643333303848,0.0581325327424648,,,,,
327,"Baby, Feminine & Family Care | organic_volume_growth | PCENDC96","Baby, Feminine & Family Care",organic_volume_growth,PCENDC96,Expanding,2025-09-30,Two months,2025-09-26,2025-09-26,2,YoY carry,14,-2.5051935305431394,0.8255418264682003,3.2886468481588604,0.20972199509481637,0.0,0.0,0.25,0.20972199509481637,0.0,0.25,2025-10-24,2.8881391425745973,-0.12091386768780454,-0.12091386768780454,0.33063586278262086,,,,,
328,Beauty | organic_volume_growth | PCENDC96,Beauty,organic_volume_growth,PCENDC96,Expanding,2025-09-30,Two months,2025-09-26,2025-09-26,2,YoY carry,14,-1.1227505622635332,0.4991712676122301,3.2886468481588604,0.5188474536608902,4.0,1.0,0.5,-3.4811525463391098,-3.0,-3.5,2025-10-24,2.8881391425745973,0.31892551457592777,-3.6810744854240722,0.1999219390849625,,,,,
329,Fabric & Home Care | organic_volume_growth | PCENDC96,Fabric & Home Care,organic_volume_growth,PCENDC96,Last eight,2025-09-30,Two months,2025-09-26,2025-09-26,2,YoY carry,8,1.3798438022832429,-0.15592454233556874,3.2886468481588604,0.8670630475807619,-2.0,0.0,0.75,2.867063047580762,2.0,2.75,2025-10-24,2.8881391425745973,0.9295120282758569,2.929512028275857,-0.06244898069509495,,,,,
330,"Baby, Feminine & Family Care | organic_volume_growth | PCENDC96","Baby, Feminine & Family Care",organic_volume_growth,PCENDC96,Expanding,2025-09-30,Two months,2025-09-26,2025-09-26,2,Flat level,14,-2.5051935305431394,0.8255418264682003,2.983150097919429,-0.042478350077943094,0.0,0.0,0.25,-0.042478350077943094,0.0,0.25,2025-10-24,2.8881391425745973,-0.12091386768780454,-0.12091386768780454,0.07843551760986119,,,,,
331,Beauty | organic_volume_growth | PCENDC96,Beauty,organic_volume_growth,PCENDC96,Expanding,2025-09-30,Two months,2025-09-26,2025-09-26,2,Flat level,14,-1.1227505622635332,0.4991712676122301,2.983150097919429,0.3663522535924566,4.0,1.0,0.5,-3.6336477464075436,-3.0,-3.5,2025-10-24,2.8881391425745973,0.31892551457592777,-3.6810744854240722,0.04742673901652875,,,,,
332,Fabric & Home Care | organic_volume_growth | PCENDC96,Fabric & Home Care,organic_volume_growth,PCENDC96,Last eight,2025-09-30,Two months,2025-09-26,2025-09-26,2,Flat level,8,1.3798438022832429,-0.15592454233556874,2.983150097919429,0.9146974885468488,-2.0,0.0,0.75,2.9146974885468486,2.0,2.75,2025-10-24,2.8881391425745973,0.9295120282758569,2.929512028275857,-0.01481453972900808,,,,,
333,"Baby, Feminine & Family Care | organic_volume_growth | PCENDC96","Baby, Feminine & Family Care",organic_volume_growth,PCENDC96,Expanding,2025-09-30,Two months,2025-09-26,2025-09-26,2,Recent trend,14,-2.5051935305431394,0.8255418264682003,3.1009442925561626,0.054765684509816115,0.0,0.0,0.25,0.054765684509816115,0.0,0.25,2025-10-24,2.8881391425745973,-0.12091386768780454,-0.12091386768780454,0.17567955219762071,,,,,
334,Beauty | organic_volume_growth | PCENDC96,Beauty,organic_volume_growth,PCENDC96,Expanding,2025-09-30,Two months,2025-09-26,2025-09-26,2,Recent trend,14,-1.1227505622635332,0.4991712676122301,3.1009442925561626,0.4251517310466364,4.0,1.0,0.5,-3.574848268953364,-3.0,-3.5,2025-10-24,2.8881391425745973,0.31892551457592777,-3.6810744854240722,0.10622621647070869,,,,,
335,Fabric & Home Care | organic_volume_growth | PCENDC96,Fabric & Home Care,organic_volume_growth,PCENDC96,Last eight,2025-09-30,Two months,2025-09-26,2025-09-26,2,Recent trend,8,1.3798438022832429,-0.15592454233556874,3.1009442925561626,0.8963304826583293,-2.0,0.0,0.75,2.896330482658329,2.0,2.75,2025-10-24,2.8881391425745973,0.9295120282758569,2.929512028275857,-0.03318154561752763,,,,,
336,"Baby, Feminine & Family Care | organic_volume_growth | PCENDC96","Baby, Feminine & Family Care",organic_volume_growth,PCENDC96,Expanding,2025-09-30,Pre-earnings,2025-10-23,2025-10-23,2,YoY carry,18,-1.6631811981046392,0.1096159424435891,3.2886468481588604,-1.3026930744795668,0.0,0.0,0.25,-1.3026930744795668,0.0,0.25,2025-10-24,2.8881391425745973,-1.3465951040831055,-1.3465951040831055,0.04390202960353853,,,,,
337,Beauty | organic_volume_growth | PCENDC96,Beauty,organic_volume_growth,PCENDC96,Expanding,2025-09-30,Pre-earnings,2025-10-23,2025-10-23,2,YoY carry,18,-0.7634621368284027,0.21679107287119095,3.2886468481588604,-0.0505128583215827,4.0,1.0,0.5,-4.050512858321583,-3.0,-3.5,2025-10-24,2.8881391425745973,-0.13733935350837423,-4.1373393535083745,0.08682649518679149,,,,,
338,Fabric & Home Care | organic_volume_growth | PCENDC96,Fabric & Home Care,organic_volume_growth,PCENDC96,Last eight,2025-09-30,Pre-earnings,2025-10-23,2025-10-23,2,YoY carry,8,1.3798438022832429,-0.15592454233556874,3.2886468481588604,0.8670630475807619,-2.0,0.0,0.75,2.867063047580762,2.0,2.75,2025-10-24,2.8881391425745973,0.9295120282758569,2.929512028275857,-0.06244898069509495,,,,,
339,"Baby, Feminine & Family Care | organic_volume_growth | PCENDC96","Baby, Feminine & Family Care",organic_volume_growth,PCENDC96,Expanding,2025-09-30,Pre-earnings,2025-10-23,2025-10-23,2,Flat level,18,-1.6631811981046392,0.1096159424435891,2.983150097919429,-1.336180388670516,0.0,0.0,0.25,-1.336180388670516,0.0,0.25,2025-10-24,2.8881391425745973,-1.3465951040831055,-1.3465951040831055,0.010414715412589513,,,,,
340,Beauty | organic_volume_growth | PCENDC96,Beauty,organic_volume_growth,PCENDC96,Expanding,2025-09-30,Pre-earnings,2025-10-23,2025-10-23,2,Flat level,18,-0.7634621368284027,0.21679107287119095,2.983150097919429,-0.11674182656465126,4.0,1.0,0.5,-4.116741826564652,-3.0,-3.5,2025-10-24,2.8881391425745973,-0.13733935350837423,-4.1373393535083745,0.02059752694372293,,,,,
341,Fabric & Home Care | organic_volume_growth | PCENDC96,Fabric & Home Care,organic_volume_growth,PCENDC96,Last eight,2025-09-30,Pre-earnings,2025-10-23,2025-10-23,2,Flat level,8,1.3798438022832429,-0.15592454233556874,2.983150097919429,0.9146974885468488,-2.0,0.0,0.75,2.9146974885468486,2.0,2.75,2025-10-24,2.8881391425745973,0.9295120282758569,2.929512028275857,-0.01481453972900808,,,,,
342,"Baby, Feminine & Family Care | organic_volume_growth | PCENDC96","Baby, Feminine & Family Care",organic_volume_growth,PCENDC96,Expanding,2025-09-30,Pre-earnings,2025-10-23,2025-10-23,2,Recent trend,18,-1.6631811981046392,0.1096159424435891,3.1009442925561626,-1.3232682670110267,0.0,0.0,0.25,-1.3232682670110267,0.0,0.25,2025-10-24,2.8881391425745973,-1.3465951040831055,-1.3465951040831055,0.02332683707207861,,,,,
343,Beauty | organic_volume_growth | PCENDC96,Beauty,organic_volume_growth,PCENDC96,Expanding,2025-09-30,Pre-earnings,2025-10-23,2025-10-23,2,Recent trend,18,-0.7634621368284027,0.21679107287119095,3.1009442925561626,-0.09120509673135602,4.0,1.0,0.5,-4.091205096731356,-3.0,-3.5,2025-10-24,2.8881391425745973,-0.13733935350837423,-4.1373393535083745,0.04613425677701824,,,,,
344,Fabric & Home Care | organic_volume_growth | PCENDC96,Fabric & Home Care,organic_volume_growth,PCENDC96,Last eight,2025-09-30,Pre-earnings,2025-10-23,2025-10-23,2,Recent trend,8,1.3798438022832429,-0.15592454233556874,3.1009442925561626,0.8963304826583293,-2.0,0.0,0.75,2.896330482658329,2.0,2.75,2025-10-24,2.8881391425745973,0.9295120282758569,2.929512028275857,-0.03318154561752763,,,,,
345,"Baby, Feminine & Family Care | organic_volume_growth | PCENDC96","Baby, Feminine & Family Care",organic_volume_growth,PCENDC96,Expanding,2025-12-31,Origin,2025-10-01,2025-10-01,0,YoY carry,18,-1.6631811981046392,0.1096159424435891,3.299678659475047,-1.3014838120852832,-5.0,0.0,0.25,3.698516187914717,5.0,5.25,2026-01-23,2.459032140318529,-1.3936320725445475,3.6063679274554525,0.09214826045926443,,,,,
346,Beauty | organic_volume_growth | PCENDC96,Beauty,organic_volume_growth,PCENDC96,Expanding,2025-12-31,Origin,2025-10-01,2025-10-01,0,YoY carry,18,-0.7634621368284027,0.21679107287119095,3.299678659475047,-0.04812126011063411,3.0,1.0,0.5,-3.048121260110634,-2.0,-2.5,2026-01-23,2.459032140318529,-0.23036592090400787,-3.230365920904008,0.18224466079337376,,,,,
347,Fabric & Home Care | organic_volume_growth | PCENDC96,Fabric & Home Care,organic_volume_growth,PCENDC96,Last eight,2025-12-31,Origin,2025-10-01,2025-10-01,0,YoY carry,8,1.3798438022832429,-0.15592454233556874,3.299678659475047,0.8653429174501532,0.0,0.0,0.75,0.8653429174501532,0.0,0.75,2026-01-23,2.459032140318529,0.9964203412156223,0.9964203412156223,-0.13107742376546902,,,,,
348,"Baby, Feminine & Family Care | organic_volume_growth | PCENDC96","Baby, Feminine & Family Care",organic_volume_growth,PCENDC96,Expanding,2025-12-31,Origin,2025-10-01,2025-10-01,0,Flat level,18,-1.6631811981046392,0.1096159424435891,2.216010604576102,-1.4202711072190422,-5.0,0.0,0.25,3.579728892780958,5.0,5.25,2026-01-23,2.459032140318529,-1.3936320725445475,3.6063679274554525,-0.02663903467449451,,,,,
349,Beauty | organic_volume_growth | PCENDC96,Beauty,organic_volume_growth,PCENDC96,Expanding,2025-12-31,Origin,2025-10-01,2025-10-01,0,Flat level,18,-0.7634621368284027,0.21679107287119095,2.216010604576102,-0.28305082036841306,3.0,1.0,0.5,-3.283050820368413,-2.0,-2.5,2026-01-23,2.459032140318529,-0.23036592090400787,-3.230365920904008,-0.05268489946440523,,,,,
350,Fabric & Home Care | organic_volume_growth | PCENDC96,Fabric & Home Care,organic_volume_growth,PCENDC96,Last eight,2025-12-31,Origin,2025-10-01,2025-10-01,0,Flat level,8,1.3798438022832429,-0.15592454233556874,2.216010604576102,1.0343133629539472,0.0,0.0,0.75,1.0343133629539472,0.0,0.75,2026-01-23,2.459032140318529,0.9964203412156223,0.9964203412156223,0.03789302173832499,,,,,
351,"Baby, Feminine & Family Care | organic_volume_growth | PCENDC96","Baby, Feminine & Family Care",organic_volume_growth,PCENDC96,Expanding,2025-12-31,Origin,2025-10-01,2025-10-01,0,Recent trend,18,-1.6631811981046392,0.1096159424435891,3.2663823410754356,-1.3051336194065584,-5.0,0.0,0.25,3.6948663805934414,5.0,5.25,2026-01-23,2.459032140318529,-1.3936320725445475,3.6063679274554525,0.0884984531379892,,,,,
352,Beauty | organic_volume_growth | PCENDC96,Beauty,organic_volume_growth,PCENDC96,Expanding,2025-12-31,Origin,2025-10-01,2025-10-01,0,Recent trend,18,-0.7634621368284027,0.21679107287119095,3.2663823410754356,-0.05533960469914667,3.0,1.0,0.5,-3.055339604699147,-2.0,-2.5,2026-01-23,2.459032140318529,-0.23036592090400787,-3.230365920904008,0.1750263162048612,,,,,
353,Fabric & Home Care | organic_volume_growth | PCENDC96,Fabric & Home Care,organic_volume_growth,PCENDC96,Last eight,2025-12-31,Origin,2025-10-01,2025-10-01,0,Recent trend,8,1.3798438022832429,-0.15592454233556874,3.2663823410754356,0.870534630658072,0.0,0.0,0.75,0.870534630658072,0.0,0.75,2026-01-23,2.459032140318529,0.9964203412156223,0.9964203412156223,-0.1258857105575502,,,,,
354,"Baby, Feminine & Family Care | organic_volume_growth | PCENDC96","Baby, Feminine & Family Care",organic_volume_growth,PCENDC96,Expanding,2025-12-31,Pre-earnings,2026-01-22,2026-01-22,2,YoY carry,19,-1.5927425892447882,0.10955224516670203,2.918795720892664,-1.2729819648380343,-5.0,0.0,0.5,3.727018035161966,5.0,5.5,2026-01-23,2.459032140318529,-1.3233500973358128,3.6766499026641872,0.05036813249777842,,,,,
355,Beauty | organic_volume_growth | PCENDC96,Beauty,organic_volume_growth,PCENDC96,Expanding,2025-12-31,Pre-earnings,2026-01-22,2026-01-22,2,YoY carry,19,-0.5463557353544389,0.21659474465300949,2.918795720892664,0.08584007850660436,3.0,4.0,1.5,-2.9141599214933955,1.0,-1.5,2026-01-23,2.459032140318529,-0.013742296828603728,-3.0137422968286036,0.09958237533520815,,,,,
356,Fabric & Home Care | organic_volume_growth | PCENDC96,Fabric & Home Care,organic_volume_growth,PCENDC96,Last eight,2025-12-31,Pre-earnings,2026-01-22,2026-01-22,2,YoY carry,8,3.166549738853786,-0.9077940338446284,2.918795720892664,0.5168843974161943,0.0,-2.0,0.0,0.5168843974161943,-2.0,0.0,2026-01-23,2.459032140318529,0.9342550328404382,0.9342550328404382,-0.41737063542424396,,,,,
357,"Baby, Feminine & Family Care | organic_volume_growth | PCENDC96","Baby, Feminine & Family Care",organic_volume_growth,PCENDC96,Expanding,2025-12-31,Pre-earnings,2026-01-22,2026-01-22,2,Flat level,19,-1.5927425892447882,0.10955224516670203,2.7760167521564627,-1.2886237214256715,-5.0,0.0,0.5,3.7113762785743285,5.0,5.5,2026-01-23,2.459032140318529,-1.3233500973358128,3.6766499026641872,0.0347263759101412,,,,,
358,Beauty | organic_volume_growth | PCENDC96,Beauty,organic_volume_growth,PCENDC96,Expanding,2025-12-31,Pre-earnings,2026-01-22,2026-01-22,2,Flat level,19,-0.5463557353544389,0.21659474465300949,2.7760167521564627,0.0549149042313668,3.0,4.0,1.5,-2.945085095768633,1.0,-1.5,2026-01-23,2.459032140318529,-0.013742296828603728,-3.0137422968286036,0.0686572010599706,,,,,
359,Fabric & Home Care | organic_volume_growth | PCENDC96,Fabric & Home Care,organic_volume_growth,PCENDC96,Last eight,2025-12-31,Pre-earnings,2026-01-22,2026-01-22,2,Flat level,8,3.166549738853786,-0.9077940338446284,2.7760167521564627,0.6464982933934067,0.0,-2.0,0.0,0.6464982933934067,-2.0,0.0,2026-01-23,2.459032140318529,0.9342550328404382,0.9342550328404382,-0.2877567394470317,,,,,
360,"Baby, Feminine & Family Care | organic_volume_growth | PCENDC96","Baby, Feminine & Family Care",organic_volume_growth,PCENDC96,Expanding,2025-12-31,Pre-earnings,2026-01-22,2026-01-22,2,Recent trend,19,-1.5927425892447882,0.10955224516670203,2.9378710160797628,-1.27089222342307,-5.0,0.0,0.5,3.72910777657693,5.0,5.5,2026-01-23,2.459032140318529,-1.3233500973358128,3.6766499026641872,0.05245787391274267,,,,,
361,Beauty | organic_volume_growth | PCENDC96,Beauty,organic_volume_growth,PCENDC96,Expanding,2025-12-31,Pre-earnings,2026-01-22,2026-01-22,2,Recent trend,19,-0.5463557353544389,0.21659474465300949,2.9378710160797628,0.0899716871968348,3.0,4.0,1.5,-2.910028312803165,1.0,-1.5,2026-01-23,2.459032140318529,-0.013742296828603728,-3.0137422968286036,0.10371398402543858,,,,,
362,Fabric & Home Care | organic_volume_growth | PCENDC96,Fabric & Home Care,organic_volume_growth,PCENDC96,Last eight,2025-12-31,Pre-earnings,2026-01-22,2026-01-22,2,Recent trend,8,3.166549738853786,-0.9077940338446284,2.9378710160797628,0.4995679582515211,0.0,-2.0,0.0,0.4995679582515211,-2.0,0.0,2026-01-23,2.459032140318529,0.9342550328404382,0.9342550328404382,-0.43468707458891737,,,,,
363,"Baby, Feminine & Family Care | organic_volume_growth | PCENDC96","Baby, Feminine & Family Care",organic_volume_growth,PCENDC96,Expanding,2025-12-31,Two months,2026-01-22,2026-01-22,2,YoY carry,19,-1.5927425892447882,0.10955224516670203,2.918795720892664,-1.2729819648380343,-5.0,0.0,0.5,3.727018035161966,5.0,5.5,2026-01-23,2.459032140318529,-1.3233500973358128,3.6766499026641872,0.05036813249777842,,,,,
364,Beauty | organic_volume_growth | PCENDC96,Beauty,organic_volume_growth,PCENDC96,Expanding,2025-12-31,Two months,2026-01-22,2026-01-22,2,YoY carry,19,-0.5463557353544389,0.21659474465300949,2.918795720892664,0.08584007850660436,3.0,4.0,1.5,-2.9141599214933955,1.0,-1.5,2026-01-23,2.459032140318529,-0.013742296828603728,-3.0137422968286036,0.09958237533520815,,,,,
365,Fabric & Home Care | organic_volume_growth | PCENDC96,Fabric & Home Care,organic_volume_growth,PCENDC96,Last eight,2025-12-31,Two months,2026-01-22,2026-01-22,2,YoY carry,8,3.166549738853786,-0.9077940338446284,2.918795720892664,0.5168843974161943,0.0,-2.0,0.0,0.5168843974161943,-2.0,0.0,2026-01-23,2.459032140318529,0.9342550328404382,0.9342550328404382,-0.41737063542424396,,,,,
366,"Baby, Feminine & Family Care | organic_volume_growth | PCENDC96","Baby, Feminine & Family Care",organic_volume_growth,PCENDC96,Expanding,2025-12-31,Two months,2026-01-22,2026-01-22,2,Flat level,19,-1.5927425892447882,0.10955224516670203,2.7760167521564627,-1.2886237214256715,-5.0,0.0,0.5,3.7113762785743285,5.0,5.5,2026-01-23,2.459032140318529,-1.3233500973358128,3.6766499026641872,0.0347263759101412,,,,,
367,Beauty | organic_volume_growth | PCENDC96,Beauty,organic_volume_growth,PCENDC96,Expanding,2025-12-31,Two months,2026-01-22,2026-01-22,2,Flat level,19,-0.5463557353544389,0.21659474465300949,2.7760167521564627,0.0549149042313668,3.0,4.0,1.5,-2.945085095768633,1.0,-1.5,2026-01-23,2.459032140318529,-0.013742296828603728,-3.0137422968286036,0.0686572010599706,,,,,
368,Fabric & Home Care | organic_volume_growth | PCENDC96,Fabric & Home Care,organic_volume_growth,PCENDC96,Last eight,2025-12-31,Two months,2026-01-22,2026-01-22,2,Flat level,8,3.166549738853786,-0.9077940338446284,2.7760167521564627,0.6464982933934067,0.0,-2.0,0.0,0.6464982933934067,-2.0,0.0,2026-01-23,2.459032140318529,0.9342550328404382,0.9342550328404382,-0.2877567394470317,,,,,
369,"Baby, Feminine & Family Care | organic_volume_growth | PCENDC96","Baby, Feminine & Family Care",organic_volume_growth,PCENDC96,Expanding,2025-12-31,Two months,2026-01-22,2026-01-22,2,Recent trend,19,-1.5927425892447882,0.10955224516670203,2.9378710160797628,-1.27089222342307,-5.0,0.0,0.5,3.72910777657693,5.0,5.5,2026-01-23,2.459032140318529,-1.3233500973358128,3.6766499026641872,0.05245787391274267,,,,,
370,Beauty | organic_volume_growth | PCENDC96,Beauty,organic_volume_growth,PCENDC96,Expanding,2025-12-31,Two months,2026-01-22,2026-01-22,2,Recent trend,19,-0.5463557353544389,0.21659474465300949,2.9378710160797628,0.0899716871968348,3.0,4.0,1.5,-2.910028312803165,1.0,-1.5,2026-01-23,2.459032140318529,-0.013742296828603728,-3.0137422968286036,0.10371398402543858,,,,,
371,Fabric & Home Care | organic_volume_growth | PCENDC96,Fabric & Home Care,organic_volume_growth,PCENDC96,Last eight,2025-12-31,Two months,2026-01-22,2026-01-22,2,Recent trend,8,3.166549738853786,-0.9077940338446284,2.9378710160797628,0.4995679582515211,0.0,-2.0,0.0,0.4995679582515211,-2.0,0.0,2026-01-23,2.459032140318529,0.9342550328404382,0.9342550328404382,-0.43468707458891737,,,,,
372,"Baby, Feminine & Family Care | organic_volume_growth | PCENDC96","Baby, Feminine & Family Care",organic_volume_growth,PCENDC96,Expanding,2026-03-31,Origin,2026-01-01,2026-01-01,0,YoY carry,19,-1.5931128704128805,0.10964185151743827,3.0175188319920387,-1.2622665186845357,3.0,0.0,0.5,-4.262266518684536,-3.0,-2.5,2026-04-24,1.4340718660131646,-1.4358785758141295,-4.4358785758141295,0.17361205712959385,,,,,
373,Beauty | organic_volume_growth | PCENDC96,Beauty,organic_volume_growth,PCENDC96,Expanding,2026-03-31,Origin,2026-01-01,2026-01-01,0,YoY carry,19,-0.5473859445954838,0.21687097108206654,3.0175188319920387,0.10702629475705283,5.0,4.0,1.5,-4.892973705242947,-1.0,-3.5,2026-04-24,1.4340718660131646,-0.2363773864117376,-5.236377386411737,0.34340368116879044,,,,,
374,Fabric & Home Care | organic_volume_growth | PCENDC96,Fabric & Home Care,organic_volume_growth,PCENDC96,Last eight,2026-03-31,Origin,2026-01-01,2026-01-01,0,YoY carry,8,3.195655452228598,-0.9179755675403887,3.0175188319920387,0.4256468898668957,2.0,-2.0,0.0,-1.5743531101331043,-4.0,-2.0,2026-04-24,1.4340718660131646,1.879212517131459,-0.12078748286854091,-1.4535656272645634,,,,,
375,"Baby, Feminine & Family Care | organic_volume_growth | PCENDC96","Baby, Feminine & Family Care",organic_volume_growth,PCENDC96,Expanding,2026-03-31,Origin,2026-01-01,2026-01-01,0,Flat level,19,-1.5931128704128805,0.10964185151743827,1.4789761816045077,-1.4309551835115712,3.0,0.0,0.5,-4.430955183511571,-3.0,-2.5,2026-04-24,1.4340718660131646,-1.4358785758141295,-4.4358785758141295,0.00492339230255823,,,,,
376,Beauty | organic_volume_growth | PCENDC96,Beauty,organic_volume_growth,PCENDC96,Expanding,2026-03-31,Origin,2026-01-01,2026-01-01,0,Flat level,19,-0.5473859445954838,0.21687097108206654,1.4789761816045077,-0.22663894388366745,5.0,4.0,1.5,-5.226638943883668,-1.0,-3.5,2026-04-24,1.4340718660131646,-0.2363773864117376,-5.236377386411737,0.009738442528070162,,,,,
377,Fabric & Home Care | organic_volume_growth | PCENDC96,Fabric & Home Care,organic_volume_growth,PCENDC96,Last eight,2026-03-31,Origin,2026-01-01,2026-01-01,0,Flat level,8,3.195655452228598,-0.9179755675403887,1.4789761816045077,1.837991452541483,2.0,-2.0,0.0,-0.1620085474585169,-4.0,-2.0,2026-04-24,1.4340718660131646,1.879212517131459,-0.12078748286854091,-0.04122106458997592,,,,,
378,"Baby, Feminine & Family Care | organic_volume_growth | PCENDC96","Baby, Feminine & Family Care",organic_volume_growth,PCENDC96,Expanding,2026-03-31,Origin,2026-01-01,2026-01-01,0,Recent trend,19,-1.5931128704128805,0.10964185151743827,1.9948981054200399,-1.3743885485459977,3.0,0.0,0.5,-4.374388548545998,-3.0,-2.5,2026-04-24,1.4340718660131646,-1.4358785758141295,-4.4358785758141295,0.06149002726813191,,,,,
379,Beauty | organic_volume_growth | PCENDC96,Beauty,organic_volume_growth,PCENDC96,Expanding,2026-03-31,Origin,2026-01-01,2026-01-01,0,Recent trend,19,-0.5473859445954838,0.21687097108206654,1.9948981054200399,-0.11475045526326505,5.0,4.0,1.5,-5.114750455263265,-1.0,-3.5,2026-04-24,1.4340718660131646,-0.2363773864117376,-5.236377386411737,0.12162693114847258,,,,,
380,Fabric & Home Care | organic_volume_growth | PCENDC96,Fabric & Home Care,organic_volume_growth,PCENDC96,Last eight,2026-03-31,Origin,2026-01-01,2026-01-01,0,Recent trend,8,3.195655452228598,-0.9179755675403887,1.9948981054200399,1.3643877317203907,2.0,-2.0,0.0,-0.6356122682796093,-4.0,-2.0,2026-04-24,1.4340718660131646,1.879212517131459,-0.12078748286854091,-0.5148247854110682,,,,,
381,"Baby, Feminine & Family Care | organic_volume_growth | PCENDC96","Baby, Feminine & Family Care",organic_volume_growth,PCENDC96,Expanding,2026-03-31,One month,2026-03-13,2026-03-13,1,YoY carry,16,-2.6798746297492615,0.765712231842195,2.0377604639839397,-1.1195365169123324,3.0,-5.0,-1.75,-4.119536516912333,-8.0,-4.75,2026-04-24,1.4340718660131646,-1.58178826060222,-4.58178826060222,0.46225174368988775,,,,,
382,Beauty | organic_volume_growth | PCENDC96,Beauty,organic_volume_growth,PCENDC96,Expanding,2026-03-31,One month,2026-03-13,2026-03-13,1,YoY carry,16,-0.9504523118378174,0.6573833828530388,2.0377604639839397,0.38913755542012285,5.0,3.0,2.25,-4.610862444579877,-2.0,-2.75,2026-04-24,1.4340718660131646,-0.007717297303713511,-5.007717297303714,0.39685485272383625,,,,,
383,Fabric & Home Care | organic_volume_growth | PCENDC96,Fabric & Home Care,organic_volume_growth,PCENDC96,Last eight,2026-03-31,One month,2026-03-13,2026-03-13,1,YoY carry,8,2.68211146841145,-0.7741267437616038,2.0377604639839397,1.1046265958614276,2.0,0.0,-0.5,-0.8953734041385724,-2.0,-2.5,2026-04-24,1.4340718660131646,1.5719580844545518,-0.42804191554544824,-0.4673314885931241,,,,,
384,"Baby, Feminine & Family Care | organic_volume_growth | PCENDC96","Baby, Feminine & Family Care",organic_volume_growth,PCENDC96,Expanding,2026-03-31,One month,2026-03-13,2026-03-13,1,Flat level,16,-2.6798746297492615,0.765712231842195,1.5878930321878038,-1.464005512146068,3.0,-5.0,-1.75,-4.464005512146068,-8.0,-4.75,2026-04-24,1.4340718660131646,-1.58178826060222,-4.58178826060222,0.11778274845615208,,,,,
385,Beauty | organic_volume_growth | PCENDC96,Beauty,organic_volume_growth,PCENDC96,Expanding,2026-03-31,One month,2026-03-13,2026-03-13,1,Flat level,16,-0.9504523118378174,0.6573833828530388,1.5878930321878038,0.0934021812705701,5.0,3.0,2.25,-4.90659781872943,-2.0,-2.75,2026-04-24,1.4340718660131646,-0.007717297303713511,-5.007717297303714,0.1011194785742837,,,,,
386,Fabric & Home Care | organic_volume_growth | PCENDC96,Fabric & Home Care,organic_volume_growth,PCENDC96,Last eight,2026-03-31,One month,2026-03-13,2026-03-13,1,Flat level,8,2.68211146841145,-0.7741267437616038,1.5878930321878038,1.452881005962166,2.0,0.0,-0.5,-0.547118994037834,-2.0,-2.5,2026-04-24,1.4340718660131646,1.5719580844545518,-0.42804191554544824,-0.11907707849238597,,,,,
387,"Baby, Feminine & Family Care | organic_volume_growth | PCENDC96","Baby, Feminine & Family Care",organic_volume_growth,PCENDC96,Expanding,2026-03-31,One month,2026-03-13,2026-03-13,1,Recent trend,16,-2.6798746297492615,0.765712231842195,1.520536558800778,-1.515581187712267,3.0,-5.0,-1.75,-4.515581187712267,-8.0,-4.75,2026-04-24,1.4340718660131646,-1.58178826060222,-4.58178826060222,0.06620707288995317,,,,,
388,Beauty | organic_volume_growth | PCENDC96,Beauty,organic_volume_growth,PCENDC96,Expanding,2026-03-31,One month,2026-03-13,2026-03-13,1,Recent trend,16,-0.9504523118378174,0.6573833828530388,1.520536558800778,0.049123154938356506,5.0,3.0,2.25,-4.950876845061644,-2.0,-2.75,2026-04-24,1.4340718660131646,-0.007717297303713511,-5.007717297303714,0.05684045224207002,,,,,
389,Fabric & Home Care | organic_volume_growth | PCENDC96,Fabric & Home Care,organic_volume_growth,PCENDC96,Last eight,2026-03-31,One month,2026-03-13,2026-03-13,1,Recent trend,8,2.68211146841145,-0.7741267437616038,1.520536558800778,1.5050234533765292,2.0,0.0,-0.5,-0.4949765466234708,-2.0,-2.5,2026-04-24,1.4340718660131646,1.5719580844545518,-0.42804191554544824,-0.06693463107802257,,,,,
390,"Baby, Feminine & Family Care | organic_volume_growth | PCENDC96","Baby, Feminine & Family Care",organic_volume_growth,PCENDC96,Expanding,2026-03-31,Two months,2026-04-09,2026-04-09,2,YoY carry,16,-2.684001104034804,0.7696496580293124,1.2714440995043708,-1.7054345876478783,3.0,-5.0,-1.75,-4.705434587647878,-8.0,-4.75,2026-04-24,1.294581864388955,-1.6876266148168952,-4.687626614816895,-0.01780797283098294,,,,,
391,Beauty | organic_volume_growth | PCENDC96,Beauty,organic_volume_growth,PCENDC96,Expanding,2026-03-31,Two months,2026-04-09,2026-04-09,2,YoY carry,16,-0.9459287435257839,0.6555203664562916,1.2714440995043708,-0.1124712414899891,5.0,3.0,2.25,-5.112471241489989,-2.0,-2.75,2026-04-24,1.294581864388955,-0.09730396537386687,-5.097303965373867,-0.015167276116122216,,,,,
392,Fabric & Home Care | organic_volume_growth | PCENDC96,Fabric & Home Care,organic_volume_growth,PCENDC96,Last eight,2026-03-31,Two months,2026-04-09,2026-04-09,2,YoY carry,8,2.6384346754690453,-0.7591310455544314,1.2714440995043708,1.6732419868482797,2.0,0.0,-0.5,-0.32675801315172026,-2.0,-2.5,2026-04-24,1.294581864388955,1.6556773911996525,-0.3443226088003475,0.01756459564862709,,,,,
393,"Baby, Feminine & Family Care | organic_volume_growth | PCENDC96","Baby, Feminine & Family Care",organic_volume_growth,PCENDC96,Expanding,2026-03-31,Two months,2026-04-09,2026-04-09,2,Flat level,16,-2.684001104034804,0.7696496580293124,1.0108248062904224,-1.9060201375458345,3.0,-5.0,-1.75,-4.906020137545834,-8.0,-4.75,2026-04-24,1.294581864388955,-1.6876266148168952,-4.687626614816895,-0.21839352272893942,,,,,
394,Beauty | organic_volume_growth | PCENDC96,Beauty,organic_volume_growth,PCENDC96,Expanding,2026-03-31,Two months,2026-04-09,2026-04-09,2,Flat level,16,-0.9459287435257839,0.6555203664562916,1.0108248062904224,-0.2833124960831762,5.0,3.0,2.25,-5.283312496083176,-2.0,-2.75,2026-04-24,1.294581864388955,-0.09730396537386687,-5.097303965373867,-0.1860085307093094,,,,,
395,Fabric & Home Care | organic_volume_growth | PCENDC96,Fabric & Home Care,organic_volume_growth,PCENDC96,Last eight,2026-03-31,Two months,2026-04-09,2026-04-09,2,Flat level,8,2.6384346754690453,-0.7591310455544314,1.0108248062904224,1.8710861833974413,2.0,0.0,-0.5,-0.12891381660255874,-2.0,-2.5,2026-04-24,1.294581864388955,1.6556773911996525,-0.3443226088003475,0.21540879219778866,,,,,
396,"Baby, Feminine & Family Care | organic_volume_growth | PCENDC96","Baby, Feminine & Family Care",organic_volume_growth,PCENDC96,Expanding,2026-03-31,Two months,2026-04-09,2026-04-09,2,Recent trend,16,-2.684001104034804,0.7696496580293124,0.9167168257425917,-1.9784503125923019,3.0,-5.0,-1.75,-4.978450312592302,-8.0,-4.75,2026-04-24,1.294581864388955,-1.6876266148168952,-4.687626614816895,-0.29082369777540645,,,,,
397,Beauty | organic_volume_growth | PCENDC96,Beauty,organic_volume_growth,PCENDC96,Expanding,2026-03-31,Two months,2026-04-09,2026-04-09,2,Recent trend,16,-0.9459287435257839,0.6555203664562916,0.9167168257425917,-0.34500219397835175,5.0,3.0,2.25,-5.345002193978352,-2.0,-2.75,2026-04-24,1.294581864388955,-0.09730396537386687,-5.097303965373867,-0.2476982286044849,,,,,
398,Fabric & Home Care | organic_volume_growth | PCENDC96,Fabric & Home Care,organic_volume_growth,PCENDC96,Last eight,2026-03-31,Two months,2026-04-09,2026-04-09,2,Recent trend,8,2.6384346754690453,-0.7591310455544314,0.9167168257425917,1.9425264730657321,2.0,0.0,-0.5,-0.05747352693426788,-2.0,-2.5,2026-04-24,1.294581864388955,1.6556773911996525,-0.3443226088003475,0.28684908186607944,,,,,
399,"Baby, Feminine & Family Care | organic_volume_growth | PCENDC96","Baby, Feminine & Family Care",organic_volume_growth,PCENDC96,Expanding,2026-03-31,Pre-earnings,2026-04-23,2026-04-23,2,YoY carry,20,-1.8106477340706817,0.12161704139556496,1.2714440995043708,-1.6560184643891118,3.0,-5.0,-1.75,-4.656018464389112,-8.0,-4.75,2026-04-24,1.294581864388955,-1.6532045178793424,-4.653204517879343,-0.002813946509769338,,,,,
400,Beauty | organic_volume_growth | PCENDC96,Beauty,organic_volume_growth,PCENDC96,Expanding,2026-03-31,Pre-earnings,2026-04-23,2026-04-23,2,YoY carry,20,-0.3620349191083958,0.20638941842942254,1.2714440995043708,-0.09962231084616785,5.0,3.0,2.25,-5.099622310846168,-2.0,-2.75,2026-04-24,1.294581864388955,-0.09484692100788178,-5.094846921007882,-0.004775389838286069,,,,,
401,Fabric & Home Care | organic_volume_growth | PCENDC96,Fabric & Home Care,organic_volume_growth,PCENDC96,Last eight,2026-03-31,Pre-earnings,2026-04-23,2026-04-23,2,YoY carry,8,2.6384346754690453,-0.7591310455544314,1.2714440995043708,1.6732419868482797,2.0,0.0,-0.5,-0.32675801315172026,-2.0,-2.5,2026-04-24,1.294581864388955,1.6556773911996525,-0.3443226088003475,0.01756459564862709,,,,,
402,"Baby, Feminine & Family Care | organic_volume_growth | PCENDC96","Baby, Feminine & Family Care",organic_volume_growth,PCENDC96,Expanding,2026-03-31,Pre-earnings,2026-04-23,2026-04-23,2,Flat level,20,-1.8106477340706817,0.12161704139556496,1.0108248062904224,-1.6877142117603954,3.0,-5.0,-1.75,-4.687714211760396,-8.0,-4.75,2026-04-24,1.294581864388955,-1.6532045178793424,-4.653204517879343,-0.03450969388105298,,,,,
403,Beauty | organic_volume_growth | PCENDC96,Beauty,organic_volume_growth,PCENDC96,Expanding,2026-03-31,Pre-earnings,2026-04-23,2026-04-23,2,Flat level,20,-0.3620349191083958,0.20638941842942254,1.0108248062904224,-0.15341137520408182,5.0,3.0,2.25,-5.153411375204082,-2.0,-2.75,2026-04-24,1.294581864388955,-0.09484692100788178,-5.094846921007882,-0.05856445419620002,,,,,
404,Fabric & Home Care | organic_volume_growth | PCENDC96,Fabric & Home Care,organic_volume_growth,PCENDC96,Last eight,2026-03-31,Pre-earnings,2026-04-23,2026-04-23,2,Flat level,8,2.6384346754690453,-0.7591310455544314,1.0108248062904224,1.8710861833974413,2.0,0.0,-0.5,-0.12891381660255874,-2.0,-2.5,2026-04-24,1.294581864388955,1.6556773911996525,-0.3443226088003475,0.21540879219778866,,,,,
405,"Baby, Feminine & Family Care | organic_volume_growth | PCENDC96","Baby, Feminine & Family Care",organic_volume_growth,PCENDC96,Expanding,2026-03-31,Pre-earnings,2026-04-23,2026-04-23,2,Recent trend,20,-1.8106477340706817,0.12161704139556496,0.9167168257425917,-1.699159345926334,3.0,-5.0,-1.75,-4.6991593459263346,-8.0,-4.75,2026-04-24,1.294581864388955,-1.6532045178793424,-4.653204517879343,-0.045954828046991525,,,,,
406,Beauty | organic_volume_growth | PCENDC96,Beauty,organic_volume_growth,PCENDC96,Expanding,2026-03-31,Pre-earnings,2026-04-23,2026-04-23,2,Recent trend,20,-0.3620349191083958,0.20638941842942254,0.9167168257425917,-0.172834266578916,5.0,3.0,2.25,-5.172834266578916,-2.0,-2.75,2026-04-24,1.294581864388955,-0.09484692100788178,-5.094846921007882,-0.0779873455710342,,,,,
407,Fabric & Home Care | organic_volume_growth | PCENDC96,Fabric & Home Care,organic_volume_growth,PCENDC96,Last eight,2026-03-31,Pre-earnings,2026-04-23,2026-04-23,2,Recent trend,8,2.6384346754690453,-0.7591310455544314,0.9167168257425917,1.9425264730657321,2.0,0.0,-0.5,-0.05747352693426788,-2.0,-2.5,2026-04-24,1.294581864388955,1.6556773911996525,-0.3443226088003475,0.28684908186607944,,,,,
408,Beauty | organic_sales_growth | RSHPCS,Beauty,organic_sales_growth,RSHPCS,Expanding,2024-09-30,Origin,2024-07-01,2024-07-01,0,YoY carry,13,3.0928816148137774,0.15246246550170753,0.2843167026613802,3.1362292402848473,-2.0,3.0,5.0,5.136229240284847,5.0,7.0,2024-10-18,3.412725976566078,3.613194231282764,5.613194231282764,-0.47696499099791684,,,,,
409,Beauty | organic_sales_growth | RSHPCS,Beauty,organic_sales_growth,RSHPCS,Expanding,2024-09-30,Origin,2024-07-01,2024-07-01,0,Flat level,13,3.0928816148137774,0.15246246550170753,-0.9057341839252775,2.9547911480433524,-2.0,3.0,5.0,4.954791148043352,5.0,7.0,2024-10-18,3.412725976566078,3.613194231282764,5.613194231282764,-0.6584030832394117,,,,,
410,Beauty | organic_sales_growth | RSHPCS,Beauty,organic_sales_growth,RSHPCS,Expanding,2024-09-30,Origin,2024-07-01,2024-07-01,0,Recent trend,13,3.0928816148137774,0.15246246550170753,-1.1566161551538223,2.91654106415992,-2.0,3.0,5.0,4.9165410641599205,5.0,7.0,2024-10-18,3.412725976566078,3.613194231282764,5.613194231282764,-0.696653167122844,,,,,
411,Beauty | organic_sales_growth | RSHPCS,Beauty,organic_sales_growth,RSHPCS,Expanding,2024-09-30,One month,2024-08-15,2024-08-15,1,YoY carry,10,1.7043114305123566,0.4312640425658003,2.3472851910034898,2.7166111310393584,-2.0,3.0,3.0,4.716611131039358,5.0,5.0,2024-10-18,3.5186913322720503,3.2217964790092424,5.221796479009242,-0.5051853479698843,,,,,
412,Beauty | organic_sales_growth | RSHPCS,Beauty,organic_sales_growth,RSHPCS,Expanding,2024-09-30,One month,2024-08-15,2024-08-15,1,Flat level,10,1.7043114305123566,0.4312640425658003,1.863643849151897,2.5080340108004924,-2.0,3.0,3.0,4.508034010800492,5.0,5.0,2024-10-18,3.5186913322720503,3.2217964790092424,5.221796479009242,-0.7137624682087504,,,,,
413,Beauty | organic_sales_growth | RSHPCS,Beauty,organic_sales_growth,RSHPCS,Expanding,2024-09-30,One month,2024-08-15,2024-08-15,1,Recent trend,10,1.7043114305123566,0.4312640425658003,2.4729648130866755,2.7708122329270948,-2.0,3.0,3.0,4.770812232927095,5.0,5.0,2024-10-18,3.5186913322720503,3.2217964790092424,5.221796479009242,-0.4509842460821477,,,,,
414,Beauty | organic_sales_growth | RSHPCS,Beauty,organic_sales_growth,RSHPCS,Expanding,2024-09-30,Two months,2024-09-17,2024-09-17,2,YoY carry,10,1.684901369103843,0.4356634222131164,3.827561416717651,3.3524298746419388,-2.0,3.0,3.0,5.352429874641938,5.0,5.0,2024-10-18,4.085410557184743,3.464765313592543,5.464765313592543,-0.11233543895060402,,,,,
415,Beauty | organic_sales_growth | RSHPCS,Beauty,organic_sales_growth,RSHPCS,Expanding,2024-09-30,Two months,2024-09-17,2024-09-17,2,Flat level,10,1.684901369103843,0.4356634222131164,3.6812683284457526,3.288695327159278,-2.0,3.0,3.0,5.288695327159278,5.0,5.0,2024-10-18,4.085410557184743,3.464765313592543,5.464765313592543,-0.17606998643326474,,,,,
416,Beauty | organic_sales_growth | RSHPCS,Beauty,organic_sales_growth,RSHPCS,Expanding,2024-09-30,Two months,2024-09-17,2024-09-17,2,Recent trend,10,1.684901369103843,0.4356634222131164,4.087243401759522,3.4655638169323755,-2.0,3.0,3.0,5.4655638169323755,5.0,5.0,2024-10-18,4.085410557184743,3.464765313592543,5.464765313592543,0.0007985033398326982,,,,,
417,Beauty | organic_sales_growth | RSHPCS,Beauty,organic_sales_growth,RSHPCS,Expanding,2024-09-30,Pre-earnings,2024-10-17,2024-10-17,3,YoY carry,14,3.044840497374328,0.1580468385365643,4.273198477134077,3.72020600712463,-2.0,3.0,3.0,5.72020600712463,5.0,5.0,2024-10-18,4.273198477134077,3.72020600712463,5.72020600712463,0.0,,,,,
418,Beauty | organic_sales_growth | RSHPCS,Beauty,organic_sales_growth,RSHPCS,Expanding,2024-09-30,Pre-earnings,2024-10-17,2024-10-17,3,Flat level,14,3.044840497374328,0.1580468385365643,4.273198477134077,3.72020600712463,-2.0,3.0,3.0,5.72020600712463,5.0,5.0,2024-10-18,4.273198477134077,3.72020600712463,5.72020600712463,0.0,,,,,
419,Beauty | organic_sales_growth | RSHPCS,Beauty,organic_sales_growth,RSHPCS,Expanding,2024-09-30,Pre-earnings,2024-10-17,2024-10-17,3,Recent trend,14,3.044840497374328,0.1580468385365643,4.273198477134077,3.72020600712463,-2.0,3.0,3.0,5.72020600712463,5.0,5.0,2024-10-18,4.273198477134077,3.72020600712463,5.72020600712463,0.0,,,,,
420,Beauty | organic_sales_growth | RSHPCS,Beauty,organic_sales_growth,RSHPCS,Expanding,2024-12-31,Origin,2024-10-01,2024-10-01,0,YoY carry,14,3.0411878225134874,0.15841282704797968,3.269310346680143,3.5590885170282993,2.0,3.0,3.0,1.5590885170282993,1.0,1.0,2025-01-22,2.201839783302484,3.389987487293145,1.389987487293145,0.1691010297351546,,,,,
421,Beauty | organic_sales_growth | RSHPCS,Beauty,organic_sales_growth,RSHPCS,Expanding,2024-12-31,Origin,2024-10-01,2024-10-01,0,Flat level,14,3.0411878225134874,0.15841282704797968,1.3677689275082505,3.2578599650684525,2.0,3.0,3.0,1.2578599650684525,1.0,1.0,2025-01-22,2.201839783302484,3.389987487293145,1.389987487293145,-0.1321275222246923,,,,,
422,Beauty | organic_sales_growth | RSHPCS,Beauty,organic_sales_growth,RSHPCS,Expanding,2024-12-31,Origin,2024-10-01,2024-10-01,0,Recent trend,14,3.0411878225134874,0.15841282704797968,4.932013838603266,3.822482077726389,2.0,3.0,3.0,1.8224820777263888,1.0,1.0,2025-01-22,2.201839783302484,3.389987487293145,1.389987487293145,0.4324945904332442,,,,,
423,Beauty | organic_sales_growth | RSHPCS,Beauty,organic_sales_growth,RSHPCS,Expanding,2024-12-31,One month,2024-11-15,2024-11-15,1,YoY carry,11,0.8892262668317752,0.49056444885143835,2.827132020564882,2.2761167283304395,2.0,-2.0,1.25,0.27611672833043954,-4.0,-0.75,2025-01-22,2.2356560309057194,1.9859596354544335,-0.014040364545566453,0.29015709287600616,,,,,
424,Beauty | organic_sales_growth | RSHPCS,Beauty,organic_sales_growth,RSHPCS,Expanding,2024-12-31,One month,2024-11-15,2024-11-15,1,Flat level,11,0.8892262668317752,0.49056444885143835,2.4261339247388714,2.079401318461077,2.0,-2.0,1.25,0.0794013184610769,-4.0,-0.75,2025-01-22,2.2356560309057194,1.9859596354544335,-0.014040364545566453,0.09344168300664298,,,,,
425,Beauty | organic_sales_growth | RSHPCS,Beauty,organic_sales_growth,RSHPCS,Expanding,2024-12-31,One month,2024-11-15,2024-11-15,1,Recent trend,11,0.8892262668317752,0.49056444885143835,3.0123229360423442,2.3669648077139342,2.0,-2.0,1.25,0.36696480771393425,-4.0,-0.75,2025-01-22,2.2356560309057194,1.9859596354544335,-0.014040364545566453,0.3810051722595007,,,,,
426,Beauty | organic_sales_growth | RSHPCS,Beauty,organic_sales_growth,RSHPCS,Expanding,2024-12-31,Two months,2024-12-17,2024-12-17,2,YoY carry,11,0.8443426378207364,0.5002415345829347,2.055617095783213,1.8726476883302465,2.0,-2.0,1.25,-0.12735231166975347,-4.0,-0.75,2025-01-22,2.2326821716525336,1.9612229936041592,-0.03877700639584081,-0.08857530527391261,,,,,
427,Beauty | organic_sales_growth | RSHPCS,Beauty,organic_sales_growth,RSHPCS,Expanding,2024-12-31,Two months,2024-12-17,2024-12-17,2,Flat level,11,0.8443426378207364,0.5002415345829347,2.251474286123356,1.9706235897851014,2.0,-2.0,1.25,-0.029376410214898563,-4.0,-0.75,2025-01-22,2.2326821716525336,1.9612229936041592,-0.03877700639584081,0.009400596180942432,,,,,
428,Beauty | organic_sales_growth | RSHPCS,Beauty,organic_sales_growth,RSHPCS,Expanding,2024-12-31,Two months,2024-12-17,2024-12-17,2,Recent trend,11,0.8443426378207364,0.5002415345829347,2.0465507521320037,1.868112326669109,2.0,-2.0,1.25,-0.1318876733308909,-4.0,-0.75,2025-01-22,2.2326821716525336,1.9612229936041592,-0.03877700639584081,-0.09311066693504991,,,,,
429,Beauty | organic_sales_growth | RSHPCS,Beauty,organic_sales_growth,RSHPCS,Expanding,2024-12-31,Pre-earnings,2025-01-21,2025-01-21,3,YoY carry,15,2.3710796383045762,0.20406615214451806,2.3264143847269825,2.845822070089468,2.0,-2.0,1.25,0.8458220700894681,-4.0,-0.75,2025-01-22,2.3264143847269825,2.845822070089468,0.8458220700894681,0.0,,,,,
430,Beauty | organic_sales_growth | RSHPCS,Beauty,organic_sales_growth,RSHPCS,Expanding,2024-12-31,Pre-earnings,2025-01-21,2025-01-21,3,Flat level,15,2.3710796383045762,0.20406615214451806,2.3264143847269825,2.845822070089468,2.0,-2.0,1.25,0.8458220700894681,-4.0,-0.75,2025-01-22,2.3264143847269825,2.845822070089468,0.8458220700894681,0.0,,,,,
431,Beauty | organic_sales_growth | RSHPCS,Beauty,organic_sales_growth,RSHPCS,Expanding,2024-12-31,Pre-earnings,2025-01-21,2025-01-21,3,Recent trend,15,2.3710796383045762,0.20406615214451806,2.3264143847269825,2.845822070089468,2.0,-2.0,1.25,0.8458220700894681,-4.0,-0.75,2025-01-22,2.3264143847269825,2.845822070089468,0.8458220700894681,0.0,,,,,
432,Beauty | organic_sales_growth | RSHPCS,Beauty,organic_sales_growth,RSHPCS,Expanding,2025-03-31,Origin,2025-01-01,2025-01-01,0,YoY carry,15,2.3774467304403206,0.20290665863832638,2.894457861264632,2.9647515036389636,2.0,-2.0,1.25,0.9647515036389636,-4.0,-0.75,2025-04-24,6.552318137015578,3.7069557099574553,1.7069557099574553,-0.7422042063184916,,,,,
433,Beauty | organic_sales_growth | RSHPCS,Beauty,organic_sales_growth,RSHPCS,Expanding,2025-03-31,Origin,2025-01-01,2025-01-01,0,Flat level,15,2.3774467304403206,0.20290665863832638,5.243328389693902,3.4413529741365867,2.0,-2.0,1.25,1.4413529741365867,-4.0,-0.75,2025-04-24,6.552318137015578,3.7069557099574553,1.7069557099574553,-0.2656027358208684,,,,,
434,Beauty | organic_sales_growth | RSHPCS,Beauty,organic_sales_growth,RSHPCS,Expanding,2025-03-31,Origin,2025-01-01,2025-01-01,0,Recent trend,15,2.3774467304403206,0.20290665863832638,3.344786609799466,3.056126205292946,2.0,-2.0,1.25,1.056126205292946,-4.0,-0.75,2025-04-24,6.552318137015578,3.7069557099574553,1.7069557099574553,-0.6508295046645093,,,,,
435,Beauty | organic_sales_growth | RSHPCS,Beauty,organic_sales_growth,RSHPCS,Expanding,2025-03-31,One month,2025-02-14,2025-02-14,1,YoY carry,12,0.7051070047802481,0.5261161858739635,4.1390962985257795,2.8827525623256713,2.0,2.0,1.5,0.8827525623256713,0.0,-0.5,2025-04-24,6.410185645158317,4.077609427154973,2.0776094271549734,-1.1948568648293025,,,,,
436,Beauty | organic_sales_growth | RSHPCS,Beauty,organic_sales_growth,RSHPCS,Expanding,2025-03-31,One month,2025-02-14,2025-02-14,1,Flat level,12,0.7051070047802481,0.5261161858739635,5.210575702378972,3.446475219523421,2.0,2.0,1.5,1.4464752195234212,0.0,-0.5,2025-04-24,6.410185645158317,4.077609427154973,2.0776094271549734,-0.6311342076315526,,,,,
437,Beauty | organic_sales_growth | RSHPCS,Beauty,organic_sales_growth,RSHPCS,Expanding,2025-03-31,One month,2025-02-14,2025-02-14,1,Recent trend,12,0.7051070047802481,0.5261161858739635,5.144339570569079,3.411627318488555,2.0,2.0,1.5,1.4116273184885548,0.0,-0.5,2025-04-24,6.410185645158317,4.077609427154973,2.0776094271549734,-0.6659821086664188,,,,,
438,Beauty | organic_sales_growth | RSHPCS,Beauty,organic_sales_growth,RSHPCS,Expanding,2025-03-31,Two months,2025-03-17,2025-03-17,2,YoY carry,12,0.6734451038191187,0.5304726622459847,5.4432170461136575,3.560922941453755,2.0,2.0,1.5,1.560922941453755,0.0,-0.5,2025-04-24,6.189670705473538,3.9568962013776483,1.9568962013776483,-0.39597325992389304,,,,,
439,Beauty | organic_sales_growth | RSHPCS,Beauty,organic_sales_growth,RSHPCS,Expanding,2025-03-31,Two months,2025-03-17,2025-03-17,2,Flat level,12,0.6734451038191187,0.5304726622459847,5.919395465994959,3.8135225755522755,2.0,2.0,1.5,1.8135225755522755,0.0,-0.5,2025-04-24,6.189670705473538,3.9568962013776483,1.9568962013776483,-0.14337362582537286,,,,,
440,Beauty | organic_sales_growth | RSHPCS,Beauty,organic_sales_growth,RSHPCS,Expanding,2025-03-31,Two months,2025-03-17,2025-03-17,2,Recent trend,12,0.6734451038191187,0.5304726622459847,6.022357461986805,3.8681410996762304,2.0,2.0,1.5,1.8681410996762304,0.0,-0.5,2025-04-24,6.189670705473538,3.9568962013776483,1.9568962013776483,-0.08875510170141793,,,,,
441,Beauty | organic_sales_growth | RSHPCS,Beauty,organic_sales_growth,RSHPCS,Expanding,2025-03-31,Pre-earnings,2025-04-23,2025-04-23,3,YoY carry,16,2.2149707533791574,0.21951601562002576,6.01973835207712,3.5363997315021862,2.0,2.0,1.5,1.5363997315021862,0.0,-0.5,2025-04-24,6.01973835207712,3.5363997315021862,1.5363997315021862,0.0,,,,,
442,Beauty | organic_sales_growth | RSHPCS,Beauty,organic_sales_growth,RSHPCS,Expanding,2025-03-31,Pre-earnings,2025-04-23,2025-04-23,3,Flat level,16,2.2149707533791574,0.21951601562002576,6.01973835207712,3.5363997315021862,2.0,2.0,1.5,1.5363997315021862,0.0,-0.5,2025-04-24,6.01973835207712,3.5363997315021862,1.5363997315021862,0.0,,,,,
443,Beauty | organic_sales_growth | RSHPCS,Beauty,organic_sales_growth,RSHPCS,Expanding,2025-03-31,Pre-earnings,2025-04-23,2025-04-23,3,Recent trend,16,2.2149707533791574,0.21951601562002576,6.01973835207712,3.5363997315021862,2.0,2.0,1.5,1.5363997315021862,0.0,-0.5,2025-04-24,6.01973835207712,3.5363997315021862,1.5363997315021862,0.0,,,,,
444,Beauty | organic_sales_growth | RSHPCS,Beauty,organic_sales_growth,RSHPCS,Expanding,2025-06-30,Origin,2025-04-01,2025-04-01,0,YoY carry,16,2.2203419762536214,0.2189494013543564,5.267727303523273,3.37370771585804,1.0,2.0,1.5,2.37370771585804,1.0,0.5,2025-07-29,6.3967109401350974,3.6208980072330634,2.6208980072330634,-0.2471902913750232,,,,,
445,Beauty | organic_sales_growth | RSHPCS,Beauty,organic_sales_growth,RSHPCS,Expanding,2025-06-30,Origin,2025-04-01,2025-04-01,0,Flat level,16,2.2203419762536214,0.2189494013543564,5.637346509020302,3.4546356196306878,1.0,2.0,1.5,2.4546356196306878,1.0,0.5,2025-07-29,6.3967109401350974,3.6208980072330634,2.6208980072330634,-0.1662623876023758,,,,,
446,Beauty | organic_sales_growth | RSHPCS,Beauty,organic_sales_growth,RSHPCS,Expanding,2025-06-30,Origin,2025-04-01,2025-04-01,0,Recent trend,16,2.2203419762536214,0.2189494013543564,6.556241282806274,3.6558270802587725,1.0,2.0,1.5,2.6558270802587725,1.0,0.5,2025-07-29,6.3967109401350974,3.6208980072330634,2.6208980072330634,0.03492907302570953,,,,,
447,Beauty | organic_sales_growth | RSHPCS,Beauty,organic_sales_growth,RSHPCS,Expanding,2025-06-30,One month,2025-05-15,2025-05-15,1,YoY carry,13,1.4703954323021362,0.3281501422019703,8.559001372752363,4.279032949877683,1.0,2.0,1.25,3.279032949877683,1.0,0.25,2025-07-29,8.1666697558896,4.150289274013838,3.150289274013838,0.12874367586384433,,,,,
448,Beauty | organic_sales_growth | RSHPCS,Beauty,organic_sales_growth,RSHPCS,Expanding,2025-06-30,One month,2025-05-15,2025-05-15,1,Flat level,13,1.4703954323021362,0.3281501422019703,8.075846601545855,4.120485643000707,1.0,2.0,1.25,3.1204856430007073,1.0,0.25,2025-07-29,8.1666697558896,4.150289274013838,3.150289274013838,-0.02980363101313149,,,,,
449,Beauty | organic_sales_growth | RSHPCS,Beauty,organic_sales_growth,RSHPCS,Expanding,2025-06-30,One month,2025-05-15,2025-05-15,1,Recent trend,13,1.4703954323021362,0.3281501422019703,8.495671998665454,4.258251406765503,1.0,2.0,1.25,3.2582514067655026,1.0,0.25,2025-07-29,8.1666697558896,4.150289274013838,3.150289274013838,0.10796213275166354,,,,,
450,Beauty | organic_sales_growth | RSHPCS,Beauty,organic_sales_growth,RSHPCS,Expanding,2025-06-30,Two months,2025-06-17,2025-06-17,2,YoY carry,13,1.4751281114696664,0.3271016981943543,8.295530505524983,4.188610227249959,1.0,2.0,1.25,3.188610227249959,1.0,0.25,2025-07-29,8.149136708649586,4.140724567686897,3.140724567686897,0.047885659563061865,,,,,
451,Beauty | organic_sales_growth | RSHPCS,Beauty,organic_sales_growth,RSHPCS,Expanding,2025-06-30,Two months,2025-06-17,2025-06-17,2,Flat level,13,1.4751281114696664,0.3271016981943543,7.937831901465242,4.071606406420267,1.0,2.0,1.25,3.0716064064202673,1.0,0.25,2025-07-29,8.149136708649586,4.140724567686897,3.140724567686897,-0.06911816126662937,,,,,
452,Beauty | organic_sales_growth | RSHPCS,Beauty,organic_sales_growth,RSHPCS,Expanding,2025-06-30,Two months,2025-06-17,2025-06-17,2,Recent trend,13,1.4751281114696664,0.3271016981943543,7.853958721420562,4.044171346794692,1.0,2.0,1.25,3.044171346794692,1.0,0.25,2025-07-29,8.149136708649586,4.140724567686897,3.140724567686897,-0.09655322089220507,,,,,
453,Beauty | organic_sales_growth | RSHPCS,Beauty,organic_sales_growth,RSHPCS,Expanding,2025-06-30,Pre-earnings,2025-07-28,2025-07-28,3,YoY carry,17,2.3830616924940227,0.17256700553599075,8.247422680412363,3.8062947278423986,1.0,2.0,1.25,2.8062947278423986,1.0,0.25,2025-07-29,8.247422680412363,3.8062947278423986,2.8062947278423986,0.0,,,,,
454,Beauty | organic_sales_growth | RSHPCS,Beauty,organic_sales_growth,RSHPCS,Expanding,2025-06-30,Pre-earnings,2025-07-28,2025-07-28,3,Flat level,17,2.3830616924940227,0.17256700553599075,8.247422680412363,3.8062947278423986,1.0,2.0,1.25,2.8062947278423986,1.0,0.25,2025-07-29,8.247422680412363,3.8062947278423986,2.8062947278423986,0.0,,,,,
455,Beauty | organic_sales_growth | RSHPCS,Beauty,organic_sales_growth,RSHPCS,Expanding,2025-06-30,Pre-earnings,2025-07-28,2025-07-28,3,Recent trend,17,2.3830616924940227,0.17256700553599075,8.247422680412363,3.8062947278423986,1.0,2.0,1.25,2.8062947278423986,1.0,0.25,2025-07-29,8.247422680412363,3.8062947278423986,2.8062947278423986,0.0,,,,,
456,Beauty | organic_sales_growth | RSHPCS,Beauty,organic_sales_growth,RSHPCS,Expanding,2025-09-30,Origin,2025-07-01,2025-07-01,0,YoY carry,17,2.381476192237818,0.17276281378110395,8.582796428221396,3.8642642532877547,6.0,2.0,1.25,-2.1357357467122453,-4.0,-4.75,2025-10-24,5.199283946717204,3.279719116519605,-2.720280883480395,0.5845451367681498,,,,,
457,Beauty | organic_sales_growth | RSHPCS,Beauty,organic_sales_growth,RSHPCS,Expanding,2025-09-30,Origin,2025-07-01,2025-07-01,0,Flat level,17,2.381476192237818,0.17276281378110395,2.1613225925340984,2.754872364812679,6.0,2.0,1.25,-3.245127635187321,-4.0,-4.75,2025-10-24,5.199283946717204,3.279719116519605,-2.720280883480395,-0.5248467517069262,,,,,
458,Beauty | organic_sales_growth | RSHPCS,Beauty,organic_sales_growth,RSHPCS,Expanding,2025-09-30,Origin,2025-07-01,2025-07-01,0,Recent trend,17,2.381476192237818,0.17276281378110395,1.4465855841625963,2.6313923881329297,6.0,2.0,1.25,-3.3686076118670703,-4.0,-4.75,2025-10-24,5.199283946717204,3.279719116519605,-2.720280883480395,-0.6483267283866754,,,,,
459,Beauty | organic_sales_growth | RSHPCS,Beauty,organic_sales_growth,RSHPCS,Expanding,2025-09-30,One month,2025-08-15,2025-08-15,1,YoY carry,14,1.8386865496570022,0.21979101983971797,7.190091518822905,3.4190040973199953,6.0,1.0,0.75,-2.5809959026800047,-5.0,-5.25,2025-10-24,5.339788763334097,3.0123241676788695,-2.9876758323211305,0.40667992964112554,,,,,
460,Beauty | organic_sales_growth | RSHPCS,Beauty,organic_sales_growth,RSHPCS,Expanding,2025-09-30,One month,2025-08-15,2025-08-15,1,Flat level,14,1.8386865496570022,0.21979101983971797,4.533152909336935,2.8350328506895517,6.0,1.0,0.75,-3.1649671493104483,-5.0,-5.25,2025-10-24,5.339788763334097,3.0123241676788695,-2.9876758323211305,-0.17729131698931805,,,,,
461,Beauty | organic_sales_growth | RSHPCS,Beauty,organic_sales_growth,RSHPCS,Expanding,2025-09-30,One month,2025-08-15,2025-08-15,1,Recent trend,14,1.8386865496570022,0.21979101983971797,5.259388784422603,2.9946529743188206,6.0,1.0,0.75,-3.0053470256811794,-5.0,-5.25,2025-10-24,5.339788763334097,3.0123241676788695,-2.9876758323211305,-0.01767119336004908,,,,,
462,Beauty | organic_sales_growth | RSHPCS,Beauty,organic_sales_growth,RSHPCS,Expanding,2025-09-30,Two months,2025-09-16,2025-09-16,2,YoY carry,14,1.8413775129661356,0.21926979980399497,5.902288666144195,3.1355711671769617,6.0,1.0,0.75,-2.8644288328230383,-5.0,-5.25,2025-10-24,5.36439203556931,3.017626680675563,-2.982373319324437,0.1179444865013986,,,,,
463,Beauty | organic_sales_growth | RSHPCS,Beauty,organic_sales_growth,RSHPCS,Expanding,2025-09-30,Two months,2025-09-16,2025-09-16,2,Flat level,14,1.8413775129661356,0.21926979980399497,4.538425039101623,2.8365170627153864,6.0,1.0,0.75,-3.1634829372846136,-5.0,-5.25,2025-10-24,5.36439203556931,3.017626680675563,-2.982373319324437,-0.1811096179601766,,,,,
464,Beauty | organic_sales_growth | RSHPCS,Beauty,organic_sales_growth,RSHPCS,Expanding,2025-09-30,Two months,2025-09-16,2025-09-16,2,Recent trend,14,1.8413775129661356,0.21926979980399497,4.594221745777904,2.848751595418017,6.0,1.0,0.75,-3.151248404581983,-5.0,-5.25,2025-10-24,5.36439203556931,3.017626680675563,-2.982373319324437,-0.16887508525754624,,,,,
465,Beauty | organic_sales_growth | RSHPCS,Beauty,organic_sales_growth,RSHPCS,Expanding,2025-09-30,Pre-earnings,2025-10-23,2025-10-23,2,YoY carry,18,2.3904470592847953,0.1463961123061077,5.902288666144195,3.2545191737167074,6.0,1.0,0.75,-2.7454808262832926,-5.0,-5.25,2025-10-24,5.36439203556931,3.1757731981779895,-2.8242268018220105,0.07874597553871787,,,,,
466,Beauty | organic_sales_growth | RSHPCS,Beauty,organic_sales_growth,RSHPCS,Expanding,2025-09-30,Pre-earnings,2025-10-23,2025-10-23,2,Flat level,18,2.3904470592847953,0.1463961123061077,4.538425039101623,3.054854841001968,6.0,1.0,0.75,-2.945145158998032,-5.0,-5.25,2025-10-24,5.36439203556931,3.1757731981779895,-2.8242268018220105,-0.12091835717602187,,,,,
467,Beauty | organic_sales_growth | RSHPCS,Beauty,organic_sales_growth,RSHPCS,Expanding,2025-09-30,Pre-earnings,2025-10-23,2025-10-23,2,Recent trend,18,2.3904470592847953,0.1463961123061077,4.594221745777904,3.0630232619388593,6.0,1.0,0.75,-2.9369767380611407,-5.0,-5.25,2025-10-24,5.36439203556931,3.1757731981779895,-2.8242268018220105,-0.11274993623913009,,,,,
468,Beauty | organic_sales_growth | RSHPCS,Beauty,organic_sales_growth,RSHPCS,Expanding,2025-12-31,Origin,2025-10-01,2025-10-01,0,YoY carry,18,2.3904470592847953,0.1463961123061077,6.847594769665077,3.3929083122113997,4.0,1.0,0.75,-0.6070916877886003,-3.0,-3.25,2026-01-23,6.454437206696095,3.335351573468997,-0.6646484265310031,0.057556738742402705,,,,,
469,Beauty | organic_sales_growth | RSHPCS,Beauty,organic_sales_growth,RSHPCS,Expanding,2025-12-31,Origin,2025-10-01,2025-10-01,0,Flat level,18,2.3904470592847953,0.1463961123061077,4.129018701407849,2.9949193448101177,4.0,1.0,0.75,-1.0050806551898823,-3.0,-3.25,2026-01-23,6.454437206696095,3.335351573468997,-0.6646484265310031,-0.3404322286588791,,,,,
470,Beauty | organic_sales_growth | RSHPCS,Beauty,organic_sales_growth,RSHPCS,Expanding,2025-12-31,Origin,2025-10-01,2025-10-01,0,Recent trend,18,2.3904470592847953,0.1463961123061077,4.629386425719684,3.0681712343728247,4.0,1.0,0.75,-0.9318287656271753,-3.0,-3.25,2026-01-23,6.454437206696095,3.335351573468997,-0.6646484265310031,-0.2671803390961723,,,,,
471,Beauty | organic_sales_growth | RSHPCS,Beauty,organic_sales_growth,RSHPCS,Expanding,2025-12-31,One month,2025-12-16,2025-12-16,1,YoY carry,15,1.840358489057606,0.2523068591346078,5.901376038464989,3.329316141894942,4.0,6.0,2.75,-0.670683858105058,2.0,-1.25,2026-01-23,6.454437206696095,3.468857268160649,-0.5311427318393509,-0.13954112626570728,,,,,
472,Beauty | organic_sales_growth | RSHPCS,Beauty,organic_sales_growth,RSHPCS,Expanding,2025-12-31,One month,2025-12-16,2025-12-16,1,Flat level,15,1.840358489057606,0.2523068591346078,6.112103383063672,3.3824840963444114,4.0,6.0,2.75,-0.6175159036555886,2.0,-1.25,2026-01-23,6.454437206696095,3.468857268160649,-0.5311427318393509,-0.08637317181623758,,,,,
473,Beauty | organic_sales_growth | RSHPCS,Beauty,organic_sales_growth,RSHPCS,Expanding,2025-12-31,One month,2025-12-16,2025-12-16,1,Recent trend,15,1.840358489057606,0.2523068591346078,6.481140996007562,3.4755948173688176,4.0,6.0,2.75,-0.5244051826311824,2.0,-1.25,2026-01-23,6.454437206696095,3.468857268160649,-0.5311427318393509,0.006737549208168382,,,,,
474,Beauty | organic_sales_growth | RSHPCS,Beauty,organic_sales_growth,RSHPCS,Expanding,2025-12-31,Two months,2026-01-14,2026-01-14,2,YoY carry,15,1.8391643356173062,0.25248643106441143,6.383120720520252,3.450815705394759,4.0,6.0,2.75,-0.549184294605241,2.0,-1.25,2026-01-23,6.589971896094338,3.5030428204769377,-0.4969571795230623,-0.052227115082178775,,,,,
475,Beauty | organic_sales_growth | RSHPCS,Beauty,organic_sales_growth,RSHPCS,Expanding,2025-12-31,Two months,2026-01-14,2026-01-14,2,Flat level,15,1.8391643356173062,0.25248643106441143,6.734431224227144,3.539516840671153,4.0,6.0,2.75,-0.460483159328847,2.0,-1.25,2026-01-23,6.589971896094338,3.5030428204769377,-0.4969571795230623,0.036474020194215064,,,,,
476,Beauty | organic_sales_growth | RSHPCS,Beauty,organic_sales_growth,RSHPCS,Expanding,2025-12-31,Two months,2026-01-14,2026-01-14,2,Recent trend,15,1.8391643356173062,0.25248643106441143,6.7519414458189875,3.5439379340280244,4.0,6.0,2.75,-0.4560620659719756,2.0,-1.25,2026-01-23,6.589971896094338,3.5030428204769377,-0.4969571795230623,0.04089511355108656,,,,,
477,Beauty | organic_sales_growth | RSHPCS,Beauty,organic_sales_growth,RSHPCS,Expanding,2025-12-31,Pre-earnings,2026-01-22,2026-01-22,2,YoY carry,19,2.500949651883116,0.15124134392360636,6.383120720520252,3.466341408081217,4.0,6.0,2.75,-0.5336585919187828,2.0,-1.25,2026-01-23,6.589971896094338,3.4976258578672197,-0.5023741421327803,-0.03128444978600253,,,,,
478,Beauty | organic_sales_growth | RSHPCS,Beauty,organic_sales_growth,RSHPCS,Expanding,2025-12-31,Pre-earnings,2026-01-22,2026-01-22,2,Flat level,19,2.500949651883116,0.15124134392360636,6.734431224227144,3.5194740807963267,4.0,6.0,2.75,-0.48052591920367327,2.0,-1.25,2026-01-23,6.589971896094338,3.4976258578672197,-0.5023741421327803,0.021848222929106906,,,,,
479,Beauty | organic_sales_growth | RSHPCS,Beauty,organic_sales_growth,RSHPCS,Expanding,2025-12-31,Pre-earnings,2026-01-22,2026-01-22,2,Recent trend,19,2.500949651883116,0.15124134392360636,6.7519414458189875,3.5221223502422774,4.0,6.0,2.75,-0.4778776497577226,2.0,-1.25,2026-01-23,6.589971896094338,3.4976258578672197,-0.5023741421327803,0.024496492375057428,,,,,
480,Beauty | organic_sales_growth | RSHPCS,Beauty,organic_sales_growth,RSHPCS,Expanding,2026-03-31,Origin,2026-01-01,2026-01-01,0,YoY carry,19,2.501497919744851,0.15116925548975663,6.018787713325424,3.41135357731915,7.0,6.0,2.75,-3.58864642268085,-1.0,-4.25,2026-04-24,3.133313626958323,2.9751586079480496,-4.02484139205195,0.4361949693711004,,,,,
481,Beauty | organic_sales_growth | RSHPCS,Beauty,organic_sales_growth,RSHPCS,Expanding,2026-03-31,Origin,2026-01-01,2026-01-01,0,Flat level,19,2.501497919744851,0.15116925548975663,5.368538192693562,3.3130558414026603,7.0,6.0,2.75,-3.6869441585973397,-1.0,-4.25,2026-04-24,3.133313626958323,2.9751586079480496,-4.02484139205195,0.3378972334546106,,,,,
482,Beauty | organic_sales_growth | RSHPCS,Beauty,organic_sales_growth,RSHPCS,Expanding,2026-03-31,Origin,2026-01-01,2026-01-01,0,Recent trend,19,2.501497919744851,0.15116925548975663,6.834344734050868,3.534640724951659,7.0,6.0,2.75,-3.465359275048341,-1.0,-4.25,2026-04-24,3.133313626958323,2.9751586079480496,-4.02484139205195,0.5594821170036097,,,,,
483,Beauty | organic_sales_growth | RSHPCS,Beauty,organic_sales_growth,RSHPCS,Expanding,2026-03-31,One month,2026-03-06,2026-03-06,1,YoY carry,16,1.9101269254441684,0.24691270169268392,4.21524520380494,2.9509245070127745,7.0,4.0,3.25,-4.0490754929872255,-3.0,-3.75,2026-04-24,2.827571859505573,2.608290332504896,-4.391709667495104,0.3426341745078787,,,,,
484,Beauty | organic_sales_growth | RSHPCS,Beauty,organic_sales_growth,RSHPCS,Expanding,2026-03-31,One month,2026-03-06,2026-03-06,1,Flat level,16,1.9101269254441684,0.24691270169268392,1.1840782219756596,2.202490878247648,7.0,4.0,3.25,-4.797509121752352,-3.0,-3.75,2026-04-24,2.827571859505573,2.608290332504896,-4.391709667495104,-0.40579945425724756,,,,,
485,Beauty | organic_sales_growth | RSHPCS,Beauty,organic_sales_growth,RSHPCS,Expanding,2026-03-31,One month,2026-03-06,2026-03-06,1,Recent trend,16,1.9101269254441684,0.24691270169268392,-0.5218265663465171,1.7812813181325333,7.0,4.0,3.25,-5.2187186818674665,-3.0,-3.75,2026-04-24,2.827571859505573,2.608290332504896,-4.391709667495104,-0.8270090143723623,,,,,
486,Beauty | organic_sales_growth | RSHPCS,Beauty,organic_sales_growth,RSHPCS,Expanding,2026-03-31,Two months,2026-04-01,2026-04-01,2,YoY carry,16,1.935687076407091,0.24174966373428922,3.1939003630766516,2.7078114151816957,7.0,4.0,3.25,-4.292188584818304,-3.0,-3.75,2026-04-24,2.6362905109110324,2.5730094209257306,-4.426990579074269,0.13480199425596517,,,,,
487,Beauty | organic_sales_growth | RSHPCS,Beauty,organic_sales_growth,RSHPCS,Expanding,2026-03-31,Two months,2026-04-01,2026-04-01,2,Flat level,16,1.935687076407091,0.24174966373428922,2.6224517155781557,2.56966389680752,7.0,4.0,3.25,-4.43033610319248,-3.0,-3.75,2026-04-24,2.6362905109110324,2.5730094209257306,-4.426990579074269,-0.0033455241182105896,,,,,
488,Beauty | organic_sales_growth | RSHPCS,Beauty,organic_sales_growth,RSHPCS,Expanding,2026-03-31,Two months,2026-04-01,2026-04-01,2,Recent trend,16,1.935687076407091,0.24174966373428922,2.5061193423112416,2.541540584688832,7.0,4.0,3.25,-4.458459415311168,-3.0,-3.75,2026-04-24,2.6362905109110324,2.5730094209257306,-4.426990579074269,-0.0314688362368989,,,,,
489,Beauty | organic_sales_growth | RSHPCS,Beauty,organic_sales_growth,RSHPCS,Expanding,2026-03-31,Pre-earnings,2026-04-23,2026-04-23,3,YoY carry,20,2.5711425839290016,0.14425763148523038,2.2175244833685603,2.8910374136602592,7.0,4.0,3.25,-4.108962586339741,-3.0,-3.75,2026-04-24,2.2175244833685603,2.8910374136602592,-4.108962586339741,0.0,,,,,
490,Beauty | organic_sales_growth | RSHPCS,Beauty,organic_sales_growth,RSHPCS,Expanding,2026-03-31,Pre-earnings,2026-04-23,2026-04-23,3,Flat level,20,2.5711425839290016,0.14425763148523038,2.2175244833685603,2.8910374136602592,7.0,4.0,3.25,-4.108962586339741,-3.0,-3.75,2026-04-24,2.2175244833685603,2.8910374136602592,-4.108962586339741,0.0,,,,,
491,Beauty | organic_sales_growth | RSHPCS,Beauty,organic_sales_growth,RSHPCS,Expanding,2026-03-31,Pre-earnings,2026-04-23,2026-04-23,3,Recent trend,20,2.5711425839290016,0.14425763148523038,2.2175244833685603,2.8910374136602592,7.0,4.0,3.25,-4.108962586339741,-3.0,-3.75,2026-04-24,2.2175244833685603,2.8910374136602592,-4.108962586339741,0.0,,,,,
492,Health Care | price_contribution | CUUR0000SEGB,Health Care,price_contribution,CUUR0000SEGB,Expanding,2024-09-30,Origin,2024-07-01,2024-07-01,0,Available-history choice,13,1.4240774162255865,0.7034112072834454,0.3368313168963688,1.661008339494534,1.0,4.0,5.25,0.6610083394945341,3.0,4.25,2024-10-18,0.373301115227731,1.6866616043681812,0.6866616043681812,-0.025653264873647278,Flat level,5,2024-06-30,0.8719644900875015,Lowest earlier monthly MAPE
493,Health Care | price_contribution | CUUR0000SEGB,Health Care,price_contribution,CUUR0000SEGB,Expanding,2024-09-30,One month,2024-08-14,2024-08-14,1,Available-history choice,10,2.4132031844812296,0.5202874585826232,0.9729515490539242,2.9194176732625223,1.0,2.0,4.25,1.9194176732625223,1.0,3.25,2024-10-18,0.373301115227731,2.607427073009125,1.607427073009125,0.3119906002533975,YoY carry,2,2024-06-30,1.2133566347727247,Fallback: fewer than four completed quarters
494,Health Care | price_contribution | CUUR0000SEGB,Health Care,price_contribution,CUUR0000SEGB,Expanding,2024-09-30,Two months,2024-09-11,2024-09-11,2,Available-history choice,10,2.4132031844812296,0.5202874585826232,0.24200984123481373,2.539117869729275,1.0,2.0,4.25,1.539117869729275,1.0,3.25,2024-10-18,0.373301115227731,2.607427073009125,1.607427073009125,-0.06830920327984978,Flat level,4,2024-06-30,0.23275879250140574,Lowest earlier monthly MAPE
495,Health Care | price_contribution | CUUR0000SEGB,Health Care,price_contribution,CUUR0000SEGB,Expanding,2024-09-30,Pre-earnings,2024-10-17,2024-10-17,3,Available-history choice,14,1.3556789650290924,0.7116235919433743,0.373301115227731,1.6213288455239176,1.0,2.0,4.25,0.6213288455239176,1.0,3.25,2024-10-18,0.373301115227731,1.6213288455239176,0.6213288455239176,0.0,YoY carry,0,,,Fallback: fewer than four completed quarters
496,Health Care | price_contribution | CUUR0000SEGB,Health Care,price_contribution,CUUR0000SEGB,Expanding,2024-12-31,Origin,2024-10-01,2024-10-01,0,Available-history choice,14,1.3556789650290924,0.7116235919433743,0.10583593560089533,1.4309943136780892,1.0,2.0,4.25,0.43099431367808916,1.0,3.25,2025-01-22,0.341068456777438,1.5983913253396362,0.5983913253396362,-0.1673970116615472,Flat level,6,2024-09-30,0.7674810049014321,Lowest earlier monthly MAPE
497,Health Care | price_contribution | CUUR0000SEGB,Health Care,price_contribution,CUUR0000SEGB,Expanding,2024-12-31,One month,2024-11-13,2024-11-13,1,Available-history choice,11,1.8473218095476822,0.6201248572543776,0.07572588244633138,1.8942813115901753,1.0,1.0,3.0,0.8942813115901753,0.0,2.0,2025-01-22,0.341068456777438,2.058826837620762,1.058826837620762,-0.1645455260305866,YoY carry,3,2024-09-30,1.1077576865110887,Fallback: fewer than four completed quarters
498,Health Care | price_contribution | CUUR0000SEGB,Health Care,price_contribution,CUUR0000SEGB,Expanding,2024-12-31,Two months,2024-12-11,2024-12-11,2,Available-history choice,11,1.8473218095476822,0.6201248572543776,0.6978440135380293,2.2800722288287747,1.0,1.0,3.0,1.2800722288287747,0.0,2.0,2025-01-22,0.341068456777438,2.058826837620762,1.058826837620762,0.22124539120801273,Flat level,5,2024-09-30,0.26457536515755997,Lowest earlier monthly MAPE
499,Health Care | price_contribution | CUUR0000SEGB,Health Care,price_contribution,CUUR0000SEGB,Expanding,2024-12-31,Pre-earnings,2025-01-21,2025-01-21,3,Available-history choice,15,1.2724504947284347,0.7254455545433214,0.341068456777438,1.519877090492578,1.0,1.0,3.0,0.519877090492578,0.0,2.0,2025-01-22,0.341068456777438,1.519877090492578,0.519877090492578,0.0,YoY carry,0,,,Fallback: fewer than four completed quarters
500,Health Care | price_contribution | CUUR0000SEGB,Health Care,price_contribution,CUUR0000SEGB,Expanding,2025-03-31,Origin,2025-01-01,2025-01-01,0,Available-history choice,15,1.2724504947284347,0.7254455545433214,0.3296910148482102,1.511623375822945,1.0,1.0,3.0,0.5116233758229449,0.0,2.0,2025-04-24,0.23594619830289432,1.4436166153986665,0.4436166153986665,0.06800676042427858,Flat level,7,2024-12-31,0.7445861825972939,Lowest earlier monthly MAPE
501,Health Care | price_contribution | CUUR0000SEGB,Health Care,price_contribution,CUUR0000SEGB,Expanding,2025-03-31,One month,2025-02-12,2025-02-12,1,Available-history choice,12,1.5659173179731072,0.6698797267910008,-0.33285932872747503,1.3429416017853102,1.0,1.0,2.0,0.3429416017853102,0.0,1.0,2025-04-24,0.23594619830289432,1.7239728928296254,0.7239728928296254,-0.38103129104431505,Flat level,4,2024-12-31,0.5566785146507852,Lowest earlier monthly MAPE
502,Health Care | price_contribution | CUUR0000SEGB,Health Care,price_contribution,CUUR0000SEGB,Expanding,2025-03-31,Two months,2025-03-12,2025-03-12,2,Available-history choice,12,1.5659173179731072,0.6698797267910008,0.25048316786659974,1.7337109140293294,1.0,1.0,2.0,0.7337109140293294,0.0,1.0,2025-04-24,0.23594619830289432,1.7239728928296254,0.7239728928296254,0.009738021199704086,Flat level,6,2024-12-31,0.3995980722623971,Lowest earlier monthly MAPE
503,Health Care | price_contribution | CUUR0000SEGB,Health Care,price_contribution,CUUR0000SEGB,Expanding,2025-03-31,Pre-earnings,2025-04-23,2025-04-23,3,Available-history choice,16,1.2102868897109689,0.7358313054642796,0.23594619830289432,1.3839034888275215,1.0,1.0,2.0,0.38390348882752146,0.0,1.0,2025-04-24,0.23594619830289432,1.3839034888275215,0.38390348882752146,0.0,YoY carry,0,,,Fallback: fewer than four completed quarters
504,Health Care | price_contribution | CUUR0000SEGB,Health Care,price_contribution,CUUR0000SEGB,Expanding,2025-06-30,Origin,2025-04-01,2025-04-01,0,Available-history choice,16,1.2102868897109689,0.7358313054642796,0.4992622840876981,1.5776597079802979,1.0,1.0,2.0,0.5776597079802979,0.0,1.0,2025-07-29,0.5057825004843641,1.582457487323366,0.5824574873233661,-0.004797779343068344,Flat level,8,2025-03-31,0.7025404614319372,Lowest earlier monthly MAPE
505,Health Care | price_contribution | CUUR0000SEGB,Health Care,price_contribution,CUUR0000SEGB,Expanding,2025-06-30,One month,2025-05-13,2025-05-13,1,Available-history choice,13,1.410070510963585,0.6976862088531262,0.8576893095995075,2.0084685137519207,1.0,1.0,1.25,1.0084685137519207,0.0,0.25,2025-07-29,0.5057825004843641,1.7629479862307753,0.7629479862307753,0.24552052752114512,Seasonal step,5,2025-03-31,0.545634436348037,Lowest earlier monthly MAPE
506,Health Care | price_contribution | CUUR0000SEGB,Health Care,price_contribution,CUUR0000SEGB,Expanding,2025-06-30,Two months,2025-06-11,2025-06-11,2,Available-history choice,13,1.410070510963585,0.6976862088531262,0.47653467264787697,1.7425421801103478,1.0,1.0,1.25,0.7425421801103478,0.0,0.25,2025-07-29,0.5057825004843641,1.7629479862307753,0.7629479862307753,-0.02040580612042766,Flat level,7,2025-03-31,0.34871185735208926,Lowest earlier monthly MAPE
507,Health Care | price_contribution | CUUR0000SEGB,Health Care,price_contribution,CUUR0000SEGB,Expanding,2025-06-30,Pre-earnings,2025-07-28,2025-07-28,3,Available-history choice,17,1.1683726059882393,0.7429839252380669,0.5057825004843641,1.5441608735148367,1.0,1.0,1.25,0.5441608735148367,0.0,0.25,2025-07-29,0.5057825004843641,1.5441608735148367,0.5441608735148367,0.0,YoY carry,0,,,Fallback: fewer than four completed quarters
508,Health Care | price_contribution | CUUR0000SEGB,Health Care,price_contribution,CUUR0000SEGB,Expanding,2025-09-30,Origin,2025-07-01,2025-07-01,0,Available-history choice,17,1.1683726059882393,0.7429839252380669,0.4348919757399594,1.4914903531780526,1.0,1.0,1.25,0.49149035317805256,0.0,0.25,2025-10-24,1.0082264270475205,1.9174686342847576,0.9174686342847576,-0.4259782811067051,Flat level,8,2025-06-30,0.4457724048661881,Lowest earlier monthly MAPE
509,Health Care | price_contribution | CUUR0000SEGB,Health Care,price_contribution,CUUR0000SEGB,Expanding,2025-09-30,One month,2025-08-12,2025-08-12,1,Available-history choice,14,1.2787592702220674,0.7204074003654459,0.4930266357360269,1.6339393071835802,1.0,1.0,1.0,0.6339393071835802,0.0,0.0,2025-10-24,1.0082264270475205,2.0050930495111134,1.0050930495111134,-0.3711537423275334,Flat level,6,2025-06-30,0.5359986350915705,Lowest earlier monthly MAPE
510,Health Care | price_contribution | CUUR0000SEGB,Health Care,price_contribution,CUUR0000SEGB,Expanding,2025-09-30,Two months,2025-09-11,2025-09-11,2,Available-history choice,14,1.2787592702220674,0.7204074003654459,0.7635763995639921,1.82884535921237,1.0,1.0,1.0,0.8288453592123699,0.0,0.0,2025-10-24,1.0082264270475205,2.0050930495111134,1.0050930495111134,-0.17624769029874357,Flat level,8,2025-06-30,0.31603595976296,Lowest earlier monthly MAPE
511,Health Care | price_contribution | CUUR0000SEGB,Health Care,price_contribution,CUUR0000SEGB,Expanding,2025-09-30,Pre-earnings,2025-10-23,2025-10-23,2,Available-history choice,18,1.116866358983772,0.7512278657849448,0.7549675714320525,1.6840190364075156,1.0,1.0,1.0,0.6840190364075156,0.0,0.0,2025-10-24,1.0082264270475205,1.8742741460026613,0.8742741460026613,-0.19025510959514552,YoY carry,0,,,Fallback: fewer than four completed quarters
512,Health Care | price_contribution | CUUR0000SEGB,Health Care,price_contribution,CUUR0000SEGB,Expanding,2025-12-31,Origin,2025-10-01,2025-10-01,0,Available-history choice,18,1.116866358983772,0.7512278657849448,0.9122013216203761,1.8021374109908532,1.0,1.0,1.0,0.8021374109908532,0.0,0.0,2026-01-23,,,,,Flat level,8,2025-09-30,0.3521034907120214,Lowest earlier monthly MAPE
513,Health Care | price_contribution | CUUR0000SEGB,Health Care,price_contribution,CUUR0000SEGB,Expanding,2026-03-31,One month,2026-02-13,2026-02-13,1,Available-history choice,15,1.1412920590782236,0.7422720897848771,1.96236328719539,2.597899557181867,2.0,1.0,1.0,0.5978995571818668,-1.0,-1.0,2026-04-24,1.9491325309717533,2.5880787361103135,0.5880787361103135,0.009820821071553064,Seasonal step,7,2025-09-30,0.5067499580213995,Lowest earlier monthly MAPE
514,Health Care | price_contribution | CUUR0000SEGB,Health Care,price_contribution,CUUR0000SEGB,Expanding,2026-03-31,Two months,2026-03-11,2026-03-11,2,Available-history choice,15,1.1412920590782236,0.7422720897848771,1.7987129738262553,2.476426497083409,2.0,1.0,1.0,0.4764264970834091,-1.0,-1.0,2026-04-24,1.9491325309717533,2.5880787361103135,0.5880787361103135,-0.11165223902690458,Flat level,8,2025-09-30,0.38071855891028267,Lowest earlier monthly MAPE
515,Health Care | price_contribution | CUUR0000SEGB,Health Care,price_contribution,CUUR0000SEGB,Expanding,2026-03-31,Pre-earnings,2026-04-23,2026-04-23,3,Available-history choice,19,1.0474973721280845,0.7605774211647279,1.9491325309717533,2.52996356604286,2.0,1.0,1.0,0.5299635660428601,-1.0,-1.0,2026-04-24,1.9491325309717533,2.52996356604286,0.5299635660428601,0.0,YoY carry,0,,,Fallback: fewer than four completed quarters
516,Beauty | price_contribution | CUUR0000SEGB02,Beauty,price_contribution,CUUR0000SEGB02,Expanding,2024-09-30,Origin,2024-07-01,2024-07-01,0,Available-history choice,13,3.4190727616086347,0.9269150746894717,-0.7105888009532602,2.7604172900995416,1.0,4.0,5.75,1.7604172900995416,3.0,4.75,2024-10-18,-0.3714085127806688,3.0748086122442357,2.0748086122442357,-0.31439132214469406,Flat level,5,2024-06-30,0.8952829308335483,Lowest earlier monthly MAPE
517,Beauty | price_contribution | CUUR0000SEGB02,Beauty,price_contribution,CUUR0000SEGB02,Expanding,2024-09-30,Two months,2024-10-01,2024-10-01,2,Available-history choice,14,3.331605891535138,0.9423566400153798,-0.28630283025909975,3.061806518385279,1.0,3.0,4.5,2.061806518385279,2.0,3.5,2024-10-18,-0.3714085127806688,2.9816066133580374,1.9816066133580374,0.08019990502724142,Seasonal step,5,2024-06-30,0.5693711322540462,Lowest earlier monthly MAPE
518,Beauty | price_contribution | CUUR0000SEGB02,Beauty,price_contribution,CUUR0000SEGB02,Expanding,2024-09-30,Pre-earnings,2024-10-17,2024-10-17,3,Available-history choice,14,3.331605891535138,0.9423566400153798,-0.3714085127806688,2.9816066133580374,1.0,3.0,4.5,1.9816066133580374,2.0,3.5,2024-10-18,-0.3714085127806688,2.9816066133580374,1.9816066133580374,0.0,YoY carry,0,,,Fallback: fewer than four completed quarters
519,Beauty | price_contribution | CUUR0000SEGB02,Beauty,price_contribution,CUUR0000SEGB02,Expanding,2024-12-31,Origin,2024-10-01,2024-10-01,0,Available-history choice,14,3.331605891535138,0.9423566400153798,-0.016418353623381954,3.3161339469800235,2.0,3.0,4.5,1.3161339469800235,1.0,2.5,2025-01-22,-0.5082703089794416,2.8526339909456926,0.8526339909456926,0.4634999560343309,Flat level,6,2024-09-30,0.7744067896227749,Lowest earlier monthly MAPE
520,Beauty | price_contribution | CUUR0000SEGB02,Beauty,price_contribution,CUUR0000SEGB02,Expanding,2024-12-31,Two months,2025-01-01,2025-01-01,2,Available-history choice,15,3.1145883988274963,0.9945238475452968,-0.3882803162885473,2.7284343647461053,2.0,1.0,3.0,0.7284343647461053,-1.0,1.0,2025-01-22,-0.5082703089794416,2.6091014555482253,0.6091014555482253,0.11933290919788021,Seasonal step,6,2024-09-30,0.5170819280766977,Lowest earlier monthly MAPE
521,Beauty | price_contribution | CUUR0000SEGB02,Beauty,price_contribution,CUUR0000SEGB02,Expanding,2024-12-31,Pre-earnings,2025-01-21,2025-01-21,3,Available-history choice,15,3.1145883988274963,0.9945238475452968,-0.5082703089794416,2.6091014555482253,2.0,1.0,3.0,0.6091014555482253,-1.0,1.0,2025-01-22,-0.5082703089794416,2.6091014555482253,0.6091014555482253,0.0,YoY carry,0,,,Fallback: fewer than four completed quarters
522,Beauty | price_contribution | CUUR0000SEGB02,Beauty,price_contribution,CUUR0000SEGB02,Expanding,2025-03-31,Origin,2025-01-01,2025-01-01,0,Available-history choice,15,3.1145883988274963,0.9945238475452968,-0.1326392405395893,2.982675510990578,3.0,1.0,3.0,-0.017324489009422184,-2.0,0.0,2025-04-24,-0.42034549280647315,2.696544782023279,-0.30345521797672115,0.2861307289672991,Flat level,7,2024-12-31,0.7496084737395077,Lowest earlier monthly MAPE
523,Beauty | price_contribution | CUUR0000SEGB02,Beauty,price_contribution,CUUR0000SEGB02,Expanding,2025-03-31,Two months,2025-04-01,2025-04-01,2,Available-history choice,16,3.0537999405231164,1.0097294320897239,-0.3095113188887333,2.7412772522762543,3.0,2.0,2.5,-0.2587227477237457,-1.0,-0.5,2025-04-24,-0.42034549280647315,2.629364724790161,-0.37063527520983897,0.11191252748609316,Seasonal step,7,2024-12-31,0.4954654172458931,Lowest earlier monthly MAPE
524,Beauty | price_contribution | CUUR0000SEGB02,Beauty,price_contribution,CUUR0000SEGB02,Expanding,2025-03-31,Pre-earnings,2025-04-23,2025-04-23,3,Available-history choice,16,3.0537999405231164,1.0097294320897239,-0.42034549280647315,2.629364724790161,3.0,2.0,2.5,-0.37063527520983897,-1.0,-0.5,2025-04-24,-0.42034549280647315,2.629364724790161,-0.37063527520983897,0.0,YoY carry,0,,,Fallback: fewer than four completed quarters
525,Beauty | price_contribution | CUUR0000SEGB02,Beauty,price_contribution,CUUR0000SEGB02,Expanding,2025-06-30,Origin,2025-04-01,2025-04-01,0,Available-history choice,16,3.0537999405231164,1.0097294320897239,-0.3229231642615238,2.727734917264711,1.0,2.0,2.5,1.7277349172647112,1.0,1.5,2025-07-29,0.06623166364128075,3.1206760006379843,2.1206760006379843,-0.39294108337327305,Flat level,8,2025-03-31,0.7460042237730118,Lowest earlier monthly MAPE
526,Beauty | price_contribution | CUUR0000SEGB02,Beauty,price_contribution,CUUR0000SEGB02,Expanding,2025-06-30,Two months,2025-07-01,2025-07-01,2,Available-history choice,17,3.086630304343101,1.0017468530241134,-0.15897474867299088,2.927377850149633,1.0,3.0,2.25,1.9273778501496328,2.0,1.25,2025-07-29,0.06623166364128075,3.1529776649663055,2.1529776649663055,-0.22559981481667254,Seasonal step,8,2025-03-31,0.47522091292325486,Lowest earlier monthly MAPE
527,Beauty | price_contribution | CUUR0000SEGB02,Beauty,price_contribution,CUUR0000SEGB02,Expanding,2025-06-30,Pre-earnings,2025-07-28,2025-07-28,3,Available-history choice,17,3.086630304343101,1.0017468530241134,0.06623166364128075,3.1529776649663055,1.0,3.0,2.25,2.1529776649663055,2.0,1.25,2025-07-29,0.06623166364128075,3.1529776649663055,2.1529776649663055,0.0,YoY carry,0,,,Fallback: fewer than four completed quarters
528,Beauty | price_contribution | CUUR0000SEGB02,Beauty,price_contribution,CUUR0000SEGB02,Expanding,2025-09-30,Origin,2025-07-01,2025-07-01,0,Available-history choice,17,3.086630304343101,1.0017468530241134,-0.6473170962005614,2.4381824403154813,2.0,3.0,2.25,0.43818244031548126,1.0,0.25,2025-10-24,0.44640749502971033,3.533817607655491,1.5338176076554908,-1.0956351673400095,Flat level,8,2025-06-30,0.6547515896806586,Lowest earlier monthly MAPE
529,Beauty | price_contribution | CUUR0000SEGB02,Beauty,price_contribution,CUUR0000SEGB02,Expanding,2025-09-30,Two months,2025-10-01,2025-10-01,2,Available-history choice,18,2.9259927026587045,1.0331023140653053,0.40842984243576463,3.347942518012421,2.0,1.0,1.75,1.3479425180124212,-1.0,-0.25,2025-10-24,0.44640749502971033,3.3871773187899947,1.3871773187899947,-0.03923480077757355,Seasonal step,8,2025-06-30,0.5232722910467225,Lowest earlier monthly MAPE
530,Beauty | price_contribution | CUUR0000SEGB02,Beauty,price_contribution,CUUR0000SEGB02,Expanding,2025-09-30,Pre-earnings,2025-10-23,2025-10-23,2,Available-history choice,18,2.9259927026587045,1.0331023140653053,0.33913536558449753,3.2763542336254323,2.0,1.0,1.75,1.2763542336254323,-1.0,-0.25,2025-10-24,0.44640749502971033,3.3871773187899947,1.3871773187899947,-0.11082308516456232,YoY carry,0,,,Fallback: fewer than four completed quarters
531,Beauty | price_contribution | CUUR0000SEGB02,Beauty,price_contribution,CUUR0000SEGB02,Expanding,2025-12-31,Origin,2025-10-01,2025-10-01,0,Available-history choice,18,2.9259927026587045,1.0331023140653053,0.786664794073233,3.7386979218094685,2.0,1.0,1.75,1.7386979218094685,-1.0,-0.25,2026-01-23,,,,,Flat level,8,2025-09-30,0.6630936601275802,Lowest earlier monthly MAPE
532,Beauty | price_contribution | CUUR0000SEGB02,Beauty,price_contribution,CUUR0000SEGB02,Expanding,2026-03-31,Pre-earnings,2026-04-23,2026-04-23,3,Available-history choice,19,2.8363444037933174,1.0462754344959981,1.6103546932900725,4.521218960208058,1.0,2.0,2.0,3.521218960208058,1.0,1.0,2026-04-24,1.6103546932900725,4.521218960208058,3.521218960208058,0.0,YoY carry,0,,,Fallback: fewer than four completed quarters
533,"Baby, Feminine & Family Care | organic_volume_growth | PCENDC96","Baby, Feminine & Family Care",organic_volume_growth,PCENDC96,Expanding,2024-09-30,Origin,2024-07-01,2024-07-01,0,Available-history choice,13,-2.2156902053612186,0.11530623229139224,1.8076142102986026,-2.0072610213353066,-1.0,-3.0,-2.0,-1.0072610213353066,-2.0,-1.0,2024-10-18,1.8541066532038464,-2.0019001529138802,-1.0019001529138802,-0.005360868421426332,YoY carry,5,2024-06-30,0.8089677278453186,Lowest earlier monthly MAPE
534,Beauty | organic_volume_growth | PCENDC96,Beauty,organic_volume_growth,PCENDC96,Expanding,2024-09-30,Origin,2024-07-01,2024-07-01,0,Available-history choice,13,-1.103509477415869,0.22431613883722168,1.8076142102986026,-0.6980324372543927,0.0,1.0,-0.25,-0.6980324372543927,1.0,-0.25,2024-10-18,1.8541066532038464,-0.6876034319767785,-0.6876034319767785,-0.010429005277614268,YoY carry,5,2024-06-30,0.8089677278453186,Lowest earlier monthly MAPE
535,Fabric & Home Care | organic_volume_growth | PCENDC96,Fabric & Home Care,organic_volume_growth,PCENDC96,Last eight,2024-09-30,Origin,2024-07-01,2024-07-01,0,Available-history choice,8,-3.3135121298678065,2.5134614690964026,1.8076142102986026,1.2298565387088525,1.0,1.0,0.0,0.22985653870885248,0.0,-1.0,2024-10-18,1.8541066532038464,1.346713502555347,0.34671350255534694,-0.11685696384649467,YoY carry,5,2024-06-30,0.8089677278453186,Lowest earlier monthly MAPE
536,"Baby, Feminine & Family Care | organic_volume_growth | PCENDC96","Baby, Feminine & Family Care",organic_volume_growth,PCENDC96,Expanding,2024-09-30,One month,2024-08-30,2024-08-30,1,Available-history choice,10,-2.9551265161396167,1.012625503576683,1.8769844426292925,-1.05444419971653,-1.0,-1.0,-2.25,-0.05444419971652992,0.0,-1.25,2024-10-18,1.8541066532038464,-1.0776108327541936,-0.07761083275419356,0.02316663303766373,YoY carry,2,2024-06-30,0.6316787565059184,Fallback: fewer than four completed quarters
537,Beauty | organic_volume_growth | PCENDC96,Beauty,organic_volume_growth,PCENDC96,Expanding,2024-09-30,One month,2024-08-30,2024-08-30,1,Available-history choice,10,-1.2568117040506988,0.4843119461531559,1.8769844426292925,-0.34776571574170945,0.0,1.0,0.25,-0.34776571574170945,1.0,0.25,2024-10-18,1.8541066532038464,-0.3588457024620294,-0.3588457024620294,0.01107998672031992,YoY carry,2,2024-06-30,0.6316787565059184,Fallback: fewer than four completed quarters
538,Fabric & Home Care | organic_volume_growth | PCENDC96,Fabric & Home Care,organic_volume_growth,PCENDC96,Last eight,2024-09-30,One month,2024-08-30,2024-08-30,1,Available-history choice,8,-3.523730216141538,2.7834636089842175,1.8769844426292925,1.7007876745466222,1.0,3.0,1.25,0.7007876745466222,2.0,0.25,2024-10-18,1.8541066532038464,1.637108180226889,0.637108180226889,0.06367949431973334,YoY carry,2,2024-06-30,0.6316787565059184,Fallback: fewer than four completed quarters
539,"Baby, Feminine & Family Care | organic_volume_growth | PCENDC96","Baby, Feminine & Family Care",organic_volume_growth,PCENDC96,Expanding,2024-09-30,Two months,2024-09-27,2024-09-27,2,Available-history choice,10,-2.6267193577305967,0.8967705015755335,2.202595864225132,-0.6514963598012293,-1.0,-1.0,-2.25,0.34850364019877067,0.0,-1.25,2024-10-18,2.309344790547807,-0.5557670716001946,0.44423292839980544,-0.095729288201035,YoY carry,5,2024-06-30,0.7146899515929039,Lowest earlier monthly MAPE
540,Beauty | organic_volume_growth | PCENDC96,Beauty,organic_volume_growth,PCENDC96,Expanding,2024-09-30,Two months,2024-09-27,2024-09-27,2,Available-history choice,10,-1.147867532132199,0.4977624153842298,2.202595864225132,-0.05149809464018218,0.0,1.0,0.25,-0.05149809464018218,1.0,0.25,2024-10-18,2.309344790547807,0.0016375087658657694,0.0016375087658657694,-0.05313560340604793,YoY carry,5,2024-06-30,0.7146899515929039,Lowest earlier monthly MAPE
541,Fabric & Home Care | organic_volume_growth | PCENDC96,Fabric & Home Care,organic_volume_growth,PCENDC96,Last eight,2024-09-30,Two months,2024-09-27,2024-09-27,2,Available-history choice,8,-2.7554164467887263,2.3474175191585807,2.202595864225132,2.4149956725195834,1.0,3.0,1.25,1.4149956725195834,2.0,0.25,2024-10-18,2.309344790547807,2.665579972320799,1.6655799723207991,-0.25058429980121605,YoY carry,5,2024-06-30,0.7146899515929039,Lowest earlier monthly MAPE
542,"Baby, Feminine & Family Care | organic_volume_growth | PCENDC96","Baby, Feminine & Family Care",organic_volume_growth,PCENDC96,Expanding,2024-09-30,Pre-earnings,2024-10-17,2024-10-17,2,Available-history choice,14,-2.080534591525106,0.0992450761549538,2.202595864225132,-1.8619377972414963,-1.0,-1.0,-2.25,-0.8619377972414963,0.0,-1.25,2024-10-18,2.309344790547807,-1.851343491919143,-0.8513434919191429,-0.01059430532235344,YoY carry,4,2024-03-31,0.8581625191211195,Lowest earlier monthly MAPE
543,Beauty | organic_volume_growth | PCENDC96,Beauty,organic_volume_growth,PCENDC96,Expanding,2024-09-30,Pre-earnings,2024-10-17,2024-10-17,2,Available-history choice,14,-0.9203128740214753,0.21362431278660504,2.202595864225132,-0.44978484617976305,0.0,1.0,0.25,-0.44978484617976305,1.0,0.25,2024-10-18,2.309344790547807,-0.4269806801533737,-0.4269806801533737,-0.022804166026389395,YoY carry,4,2024-03-31,0.8581625191211195,Lowest earlier monthly MAPE
544,Fabric & Home Care | organic_volume_growth | PCENDC96,Fabric & Home Care,organic_volume_growth,PCENDC96,Last eight,2024-09-30,Pre-earnings,2024-10-17,2024-10-17,2,Available-history choice,8,-2.7554164467887263,2.3474175191585807,2.202595864225132,2.4149956725195834,1.0,3.0,1.25,1.4149956725195834,2.0,0.25,2024-10-18,2.309344790547807,2.665579972320799,1.6655799723207991,-0.25058429980121605,YoY carry,4,2024-03-31,0.8581625191211195,Lowest earlier monthly MAPE
545,"Baby, Feminine & Family Care | organic_volume_growth | PCENDC96","Baby, Feminine & Family Care",organic_volume_growth,PCENDC96,Expanding,2024-12-31,Origin,2024-10-01,2024-10-01,0,Available-history choice,14,-2.080534591525106,0.0992450761549538,2.1970378321914286,-1.862489404553953,4.0,-1.0,-2.25,-5.862489404553953,-5.0,-6.25,2025-01-22,2.1803629338301267,-1.8641443061116965,-5.8641443061116965,0.0016549015577435185,YoY carry,6,2024-09-30,0.6975716968639837,Lowest earlier monthly MAPE
546,Beauty | organic_volume_growth | PCENDC96,Beauty,organic_volume_growth,PCENDC96,Expanding,2024-12-31,Origin,2024-10-01,2024-10-01,0,Available-history choice,14,-0.9203128740214753,0.21362431278660504,2.1970378321914286,-0.4509721769534089,0.0,1.0,0.25,-0.4509721769534089,1.0,0.25,2025-01-22,2.1803629338301267,-0.4545343406566285,-0.4545343406566285,0.0035621637032195986,YoY carry,6,2024-09-30,0.6975716968639837,Lowest earlier monthly MAPE
547,Fabric & Home Care | organic_volume_growth | PCENDC96,Fabric & Home Care,organic_volume_growth,PCENDC96,Last eight,2024-12-31,Origin,2024-10-01,2024-10-01,0,Available-history choice,8,-2.7554164467887263,2.3474175191585807,2.1970378321914286,2.4019486507516232,2.0,3.0,1.25,0.4019486507516232,1.0,-0.75,2025-01-22,2.1803629338301267,2.3628057022081146,0.3628057022081146,0.03914294854350872,YoY carry,6,2024-09-30,0.6975716968639837,Lowest earlier monthly MAPE
548,"Baby, Feminine & Family Care | organic_volume_growth | PCENDC96","Baby, Feminine & Family Care",organic_volume_growth,PCENDC96,Expanding,2024-12-31,One month,2024-11-27,2024-11-27,1,Available-history choice,11,-2.642882524087833,0.8751356035148301,2.2281213186692517,-0.6929742291699581,4.0,-1.0,-1.75,-4.692974229169958,-5.0,-5.75,2025-01-22,2.1803629338301267,-0.7347692921090394,-4.734769292109039,0.041795062939081154,YoY carry,3,2024-09-30,0.4785867562426993,Fallback: fewer than four completed quarters
549,Beauty | organic_volume_growth | PCENDC96,Beauty,organic_volume_growth,PCENDC96,Expanding,2024-12-31,One month,2024-11-27,2024-11-27,1,Available-history choice,11,-1.1463472912570327,0.4997973048133796,2.2281213186692517,-0.032738261388907564,0.0,0.0,0.25,-0.032738261388907564,0.0,0.25,2025-01-22,2.1803629338301267,-0.056607773413742235,-0.056607773413742235,0.023869512024834835,YoY carry,3,2024-09-30,0.4785867562426993,Fallback: fewer than four completed quarters
550,Fabric & Home Care | organic_volume_growth | PCENDC96,Fabric & Home Care,organic_volume_growth,PCENDC96,Last eight,2024-12-31,One month,2024-11-27,2024-11-27,1,Available-history choice,8,-3.0697902044802077,2.343372897616352,2.2281213186692517,2.151528906290524,2.0,1.0,1.5,0.15152890629052385,-1.0,-0.5,2025-01-22,2.1803629338301267,2.039613201624587,0.039613201624586925,0.11191570466593716,YoY carry,3,2024-09-30,0.4785867562426993,Fallback: fewer than four completed quarters
551,"Baby, Feminine & Family Care | organic_volume_growth | PCENDC96","Baby, Feminine & Family Care",organic_volume_growth,PCENDC96,Expanding,2024-12-31,Two months,2024-12-20,2024-12-20,2,Available-history choice,11,-2.6432234040712053,0.8743165448993253,2.2104342232004415,-0.7106041913153711,4.0,-1.0,-1.75,-4.710604191315371,-5.0,-5.75,2025-01-22,2.158677588195279,-0.7558558736087002,-4.7558558736087,0.045251682293329036,YoY carry,6,2024-09-30,0.6474767354844498,Lowest earlier monthly MAPE
552,Beauty | organic_volume_growth | PCENDC96,Beauty,organic_volume_growth,PCENDC96,Expanding,2024-12-31,Two months,2024-12-20,2024-12-20,2,Available-history choice,11,-1.1466345937277818,0.4994398431462382,2.2104342232004415,-0.04265567200747644,0.0,0.0,0.25,-0.04265567200747644,0.0,0.25,2025-01-22,2.158677588195279,-0.06850499767623175,-0.06850499767623175,0.02584932566875539,YoY carry,6,2024-09-30,0.6474767354844498,Lowest earlier monthly MAPE
553,Fabric & Home Care | organic_volume_growth | PCENDC96,Fabric & Home Care,organic_volume_growth,PCENDC96,Last eight,2024-12-31,Two months,2024-12-20,2024-12-20,2,Available-history choice,8,-3.0698143906116173,2.3391202433654232,2.2104342232004415,2.1006570475042596,2.0,1.0,1.5,0.10065704750425963,-1.0,-0.5,2025-01-22,2.158677588195279,1.979592054835209,-0.02040794516479094,0.12106499266905078,YoY carry,6,2024-09-30,0.6474767354844498,Lowest earlier monthly MAPE
554,"Baby, Feminine & Family Care | organic_volume_growth | PCENDC96","Baby, Feminine & Family Care",organic_volume_growth,PCENDC96,Expanding,2024-12-31,Pre-earnings,2025-01-21,2025-01-21,2,Available-history choice,15,-2.016433027926543,0.09687124776088432,2.2104342232004415,-1.8023055066317553,4.0,-1.0,-1.75,-5.802305506631756,-5.0,-5.75,2025-01-22,2.158677588195279,-1.8073192364446098,-5.807319236444609,0.005013729812854742,YoY carry,5,2024-09-30,0.7488121462853314,Lowest earlier monthly MAPE
555,Beauty | organic_volume_growth | PCENDC96,Beauty,organic_volume_growth,PCENDC96,Expanding,2024-12-31,Pre-earnings,2025-01-21,2025-01-21,2,Available-history choice,15,-0.8874082431352992,0.21240577859322493,2.2104342232004415,-0.4178992409272991,0.0,0.0,0.25,-0.4178992409272991,0.0,0.25,2025-01-22,2.158677588195279,-0.42889264928293597,-0.42889264928293597,0.010993408355636872,YoY carry,5,2024-09-30,0.7488121462853314,Lowest earlier monthly MAPE
556,Fabric & Home Care | organic_volume_growth | PCENDC96,Fabric & Home Care,organic_volume_growth,PCENDC96,Last eight,2024-12-31,Pre-earnings,2025-01-21,2025-01-21,2,Available-history choice,8,-3.0698143906116173,2.3391202433654232,2.2104342232004415,2.1006570475042596,2.0,1.0,1.5,0.10065704750425963,-1.0,-0.5,2025-01-22,2.158677588195279,1.979592054835209,-0.02040794516479094,0.12106499266905078,YoY carry,5,2024-09-30,0.7488121462853314,Lowest earlier monthly MAPE
557,"Baby, Feminine & Family Care | organic_volume_growth | PCENDC96","Baby, Feminine & Family Care",organic_volume_growth,PCENDC96,Expanding,2025-03-31,Origin,2025-01-01,2025-01-01,0,Available-history choice,15,-2.016433027926543,0.09687124776088432,2.3134618459836664,-1.7923250922589065,-2.0,-1.0,-1.75,0.20767490774109354,1.0,0.25,2025-04-24,2.6571575328934394,-1.7590308622179225,0.2409691377820775,-0.03329423004098394,YoY carry,7,2024-12-31,0.6130066912898549,Lowest earlier monthly MAPE
558,Beauty | organic_volume_growth | PCENDC96,Beauty,organic_volume_growth,PCENDC96,Expanding,2025-03-31,Origin,2025-01-01,2025-01-01,0,Available-history choice,15,-0.8874082431352992,0.21240577859322493,2.3134618459836664,-0.3960155784934191,1.0,0.0,0.25,-1.3960155784934192,-1.0,-0.75,2025-04-24,2.6571575328934394,-0.3230126285162155,-1.3230126285162154,-0.07300294997720358,YoY carry,7,2024-12-31,0.6130066912898549,Lowest earlier monthly MAPE
559,Fabric & Home Care | organic_volume_growth | PCENDC96,Fabric & Home Care,organic_volume_growth,PCENDC96,Last eight,2025-03-31,Origin,2025-01-01,2025-01-01,0,Available-history choice,8,-3.0698143906116173,2.3391202433654232,2.3134618459836664,2.3416510455823176,0.0,1.0,1.5,2.3416510455823176,1.0,1.5,2025-04-24,2.6571575328934394,3.145596584390352,3.145596584390352,-0.8039455388080343,YoY carry,7,2024-12-31,0.6130066912898549,Lowest earlier monthly MAPE
560,"Baby, Feminine & Family Care | organic_volume_growth | PCENDC96","Baby, Feminine & Family Care",organic_volume_growth,PCENDC96,Expanding,2025-03-31,One month,2025-02-28,2025-02-28,1,Available-history choice,12,-2.4428140846381052,1.0875923435027448,2.01451850150427,-0.25183918655743875,-2.0,4.0,-0.25,1.7481608134425612,6.0,1.75,2025-04-24,2.6571575328934394,0.4470901036174424,2.4470901036174424,-0.6989292901748808,YoY carry,4,2024-12-31,0.37644249657718815,Lowest earlier monthly MAPE
561,Beauty | organic_volume_growth | PCENDC96,Beauty,organic_volume_growth,PCENDC96,Expanding,2025-03-31,One month,2025-02-28,2025-02-28,1,Available-history choice,12,-1.142271200336447,0.5040833707665615,2.01451850150427,-0.12678592362657226,1.0,0.0,0.5,-1.1267859236265723,-1.0,-0.5,2025-04-24,2.6571575328934394,0.19715772550223853,-0.8028422744977615,-0.3239436491288107,YoY carry,4,2024-12-31,0.37644249657718815,Lowest earlier monthly MAPE
562,Fabric & Home Care | organic_volume_growth | PCENDC96,Fabric & Home Care,organic_volume_growth,PCENDC96,Last eight,2025-03-31,One month,2025-02-28,2025-02-28,1,Available-history choice,8,-2.8842663994425966,2.244547535287521,2.01451850150427,1.6374161378999226,0.0,2.0,1.75,1.6374161378999226,2.0,1.75,2025-04-24,2.6571575328934394,3.0798499918840427,3.0798499918840427,-1.44243385398412,YoY carry,4,2024-12-31,0.37644249657718815,Lowest earlier monthly MAPE
563,"Baby, Feminine & Family Care | organic_volume_growth | PCENDC96","Baby, Feminine & Family Care",organic_volume_growth,PCENDC96,Expanding,2025-03-31,Two months,2025-03-28,2025-03-28,2,Available-history choice,12,-2.4476663664941647,1.0903620026149121,2.5268187156605393,0.3074807485583011,-2.0,4.0,-0.25,2.307480748558301,6.0,1.75,2025-04-24,2.6670354419376485,0.46036773902191674,2.4603677390219167,-0.1528869904636158,YoY carry,7,2024-12-31,0.5765777357345181,Lowest earlier monthly MAPE
564,Beauty | organic_volume_growth | PCENDC96,Beauty,organic_volume_growth,PCENDC96,Expanding,2025-03-31,Two months,2025-03-28,2025-03-28,2,Available-history choice,12,-1.1428593444147408,0.5036106235790575,2.5268187156605393,0.12967340465029653,1.0,0.0,0.5,-0.8703265953497035,-1.0,-0.5,2025-04-24,2.6670354419376485,0.2002880376069256,-0.7997119623930744,-0.070614632956629,YoY carry,7,2024-12-31,0.5765777357345181,Lowest earlier monthly MAPE
565,Fabric & Home Care | organic_volume_growth | PCENDC96,Fabric & Home Care,organic_volume_growth,PCENDC96,Last eight,2025-03-31,Two months,2025-03-28,2025-03-28,2,Available-history choice,8,-2.8840934270602387,2.2392737124125786,2.5268187156605393,2.774145298950521,0.0,2.0,1.75,2.774145298950521,2.0,1.75,2025-04-24,2.6670354419376485,3.0881289281434015,3.0881289281434015,-0.31398362919288075,YoY carry,7,2024-12-31,0.5765777357345181,Lowest earlier monthly MAPE
566,"Baby, Feminine & Family Care | organic_volume_growth | PCENDC96","Baby, Feminine & Family Care",organic_volume_growth,PCENDC96,Expanding,2025-03-31,Pre-earnings,2025-04-23,2025-04-23,2,Available-history choice,16,-1.6011825318370596,0.078763160307073,2.5268187156605393,-1.4021623042685762,-2.0,4.0,-0.25,0.5978376957314238,6.0,1.75,2025-04-24,2.6670354419376485,-1.3911183917790793,0.6088816082209207,-0.01104391248949693,YoY carry,6,2024-12-31,0.6492074114435975,Lowest earlier monthly MAPE
567,Beauty | organic_volume_growth | PCENDC96,Beauty,organic_volume_growth,PCENDC96,Expanding,2025-03-31,Pre-earnings,2025-04-23,2025-04-23,2,Available-history choice,16,-0.8560321226887075,0.2110375405336471,2.5268187156605393,-0.3227785155613184,1.0,0.0,0.5,-1.3227785155613185,-1.0,-0.5,2025-04-24,2.6670354419376485,-0.2931875225061177,-1.2931875225061176,-0.02959099305520074,YoY carry,6,2024-12-31,0.6492074114435975,Lowest earlier monthly MAPE
568,Fabric & Home Care | organic_volume_growth | PCENDC96,Fabric & Home Care,organic_volume_growth,PCENDC96,Last eight,2025-03-31,Pre-earnings,2025-04-23,2025-04-23,2,Available-history choice,8,-2.8840934270602387,2.2392737124125786,2.5268187156605393,2.774145298950521,0.0,2.0,1.75,2.774145298950521,2.0,1.75,2025-04-24,2.6670354419376485,3.0881289281434015,3.0881289281434015,-0.31398362919288075,YoY carry,6,2024-12-31,0.6492074114435975,Lowest earlier monthly MAPE
569,"Baby, Feminine & Family Care | organic_volume_growth | PCENDC96","Baby, Feminine & Family Care",organic_volume_growth,PCENDC96,Expanding,2025-06-30,Origin,2025-04-01,2025-04-01,0,Available-history choice,16,-1.6011825318370596,0.078763160307073,2.4263020900480603,-1.410079311365218,0.0,4.0,-0.25,-1.410079311365218,4.0,-0.25,2025-07-29,2.799610454764556,-1.3806763647910814,-1.3806763647910814,-0.02940294657413664,YoY carry,8,2025-03-31,0.6053899065593705,Lowest earlier monthly MAPE
570,Beauty | organic_volume_growth | PCENDC96,Beauty,organic_volume_growth,PCENDC96,Expanding,2025-06-30,Origin,2025-04-01,2025-04-01,0,Available-history choice,16,-0.8560321226887075,0.2110375405336471,2.4263020900480603,-0.3439912970133173,1.0,0.0,0.5,-1.3439912970133174,-1.0,-0.5,2025-07-29,2.799610454764556,-0.2652092178629103,-1.2652092178629104,-0.07878207915040701,YoY carry,8,2025-03-31,0.6053899065593705,Lowest earlier monthly MAPE
571,Fabric & Home Care | organic_volume_growth | PCENDC96,Fabric & Home Care,organic_volume_growth,PCENDC96,Last eight,2025-06-30,Origin,2025-04-01,2025-04-01,0,Available-history choice,8,-2.8840934270602387,2.2392737124125786,2.4263020900480603,2.5490610615560794,0.0,2.0,1.75,2.5490610615560794,2.0,1.75,2025-07-29,2.799610454764556,3.3850006692894565,3.3850006692894565,-0.8359396077333765,YoY carry,8,2025-03-31,0.6053899065593705,Lowest earlier monthly MAPE
572,"Baby, Feminine & Family Care | organic_volume_growth | PCENDC96","Baby, Feminine & Family Care",organic_volume_growth,PCENDC96,Expanding,2025-06-30,One month,2025-05-30,2025-05-30,1,Available-history choice,13,-2.4748937456328104,0.9255678727953373,3.164169292812802,0.4537596958802612,0.0,-2.0,0.0,0.4537596958802612,-2.0,0.0,2025-07-29,2.799610454764556,0.1163357476392064,0.1163357476392064,0.33742394824105454,YoY carry,5,2025-03-31,0.48848685291600913,Lowest earlier monthly MAPE
573,Beauty | organic_volume_growth | PCENDC96,Beauty,organic_volume_growth,PCENDC96,Expanding,2025-06-30,One month,2025-05-30,2025-05-30,1,Available-history choice,13,-1.1359071858735408,0.5456886697740604,3.164169292812802,0.5907441464614065,1.0,1.0,0.5,-0.4092558535385935,0.0,-0.5,2025-07-29,2.799610454764556,0.39180851907248204,-0.608191480927518,0.19893562738892426,YoY carry,5,2025-03-31,0.48848685291600913,Lowest earlier monthly MAPE
574,Fabric & Home Care | organic_volume_growth | PCENDC96,Fabric & Home Care,organic_volume_growth,PCENDC96,Last eight,2025-06-30,One month,2025-05-30,2025-05-30,1,Available-history choice,8,-0.9276688782993148,0.9641694559247915,3.164169292812802,2.123126507205937,0.0,0.0,1.5,2.123126507205937,0.0,1.5,2025-07-29,2.799610454764556,1.7716300106723857,1.7716300106723857,0.3514964965335512,YoY carry,5,2025-03-31,0.48848685291600913,Lowest earlier monthly MAPE
575,"Baby, Feminine & Family Care | organic_volume_growth | PCENDC96","Baby, Feminine & Family Care",organic_volume_growth,PCENDC96,Expanding,2025-06-30,Two months,2025-06-27,2025-06-27,2,Available-history choice,13,-2.4761062293851994,0.9277699235219593,2.8539910458909246,0.1717408249933805,0.0,-2.0,0.0,0.1717408249933805,-2.0,0.0,2025-07-29,2.8015778549435932,0.12311344283663272,0.12311344283663272,0.04862738215674743,YoY carry,8,2025-03-31,0.555366084671155,Lowest earlier monthly MAPE
576,Beauty | organic_volume_growth | PCENDC96,Beauty,organic_volume_growth,PCENDC96,Expanding,2025-06-30,Two months,2025-06-27,2025-06-27,2,Available-history choice,13,-1.1354582985941697,0.5459227624258393,2.8539910458909246,0.422600377117214,1.0,1.0,0.5,-0.577399622882786,0.0,-0.5,2025-07-29,2.8015778549435932,0.39398682312769395,-0.606013176872306,0.028613553989520108,YoY carry,8,2025-03-31,0.555366084671155,Lowest earlier monthly MAPE
577,Fabric & Home Care | organic_volume_growth | PCENDC96,Fabric & Home Care,organic_volume_growth,PCENDC96,Last eight,2025-06-30,Two months,2025-06-27,2025-06-27,2,Available-history choice,8,-0.941194699681648,0.9731167648315336,2.8539910458909246,1.8360718337538935,0.0,0.0,1.5,1.8360718337538935,0.0,1.5,2025-07-29,2.8015778549435932,1.785067678944729,1.785067678944729,0.05100415480916448,YoY carry,8,2025-03-31,0.555366084671155,Lowest earlier monthly MAPE
578,"Baby, Feminine & Family Care | organic_volume_growth | PCENDC96","Baby, Feminine & Family Care",organic_volume_growth,PCENDC96,Expanding,2025-06-30,Pre-earnings,2025-07-28,2025-07-28,2,Available-history choice,17,-1.6379521275411333,0.07876832669396253,2.8539910458909246,-1.413148028456753,0.0,-2.0,0.0,-1.413148028456753,-2.0,0.0,2025-07-29,2.8015778549435932,-1.4172765278043655,-1.4172765278043655,0.004128499347612433,YoY carry,7,2025-03-31,0.6145898565555997,Lowest earlier monthly MAPE
579,Beauty | organic_volume_growth | PCENDC96,Beauty,organic_volume_growth,PCENDC96,Expanding,2025-06-30,Pre-earnings,2025-07-28,2025-07-28,2,Available-history choice,17,-0.7824463724972401,0.2110272012180314,2.8539910458909246,-0.18017662978155613,1.0,1.0,0.5,-1.1801766297815561,0.0,-0.5,2025-07-29,2.8015778549435932,-0.19123723877407772,-1.1912372387740777,0.011060608992521589,YoY carry,7,2025-03-31,0.6145898565555997,Lowest earlier monthly MAPE
580,Fabric & Home Care | organic_volume_growth | PCENDC96,Fabric & Home Care,organic_volume_growth,PCENDC96,Last eight,2025-06-30,Pre-earnings,2025-07-28,2025-07-28,2,Available-history choice,8,-0.941194699681648,0.9731167648315336,2.8539910458909246,1.8360718337538935,0.0,0.0,1.5,1.8360718337538935,0.0,1.5,2025-07-29,2.8015778549435932,1.785067678944729,1.785067678944729,0.05100415480916448,YoY carry,7,2025-03-31,0.6145898565555997,Lowest earlier monthly MAPE
581,"Baby, Feminine & Family Care | organic_volume_growth | PCENDC96","Baby, Feminine & Family Care",organic_volume_growth,PCENDC96,Expanding,2025-09-30,Origin,2025-07-01,2025-07-01,0,Available-history choice,17,-1.6379521275411333,0.07876832669396253,2.8115539262481226,-1.416490729360728,0.0,-2.0,0.0,-1.416490729360728,-2.0,0.0,2025-10-24,3.0853630067698923,-1.3949232462544159,-1.3949232462544159,-0.021567483106312246,YoY carry,8,2025-06-30,0.5629730560559135,Lowest earlier monthly MAPE
582,Beauty | organic_volume_growth | PCENDC96,Beauty,organic_volume_growth,PCENDC96,Expanding,2025-09-30,Origin,2025-07-01,2025-07-01,0,Available-history choice,17,-0.7824463724972401,0.2110272012180314,2.8115539262481226,-0.1891320163675314,4.0,1.0,0.5,-4.189132016367531,-3.0,-3.5,2025-10-24,3.0853630067698923,-0.13135085243693967,-4.13135085243694,-0.05778116393059165,YoY carry,8,2025-06-30,0.5629730560559135,Lowest earlier monthly MAPE
583,Fabric & Home Care | organic_volume_growth | PCENDC96,Fabric & Home Care,organic_volume_growth,PCENDC96,Last eight,2025-09-30,Origin,2025-07-01,2025-07-01,0,Available-history choice,8,-0.941194699681648,0.9731167648315336,2.8115539262481226,1.7947755611783216,-2.0,0.0,1.5,3.7947755611783216,2.0,3.5,2025-10-24,3.0853630067698923,2.0612237677971628,4.061223767797163,-0.2664482066188414,YoY carry,8,2025-06-30,0.5629730560559135,Lowest earlier monthly MAPE
584,"Baby, Feminine & Family Care | organic_volume_growth | PCENDC96","Baby, Feminine & Family Care",organic_volume_growth,PCENDC96,Expanding,2025-09-30,One month,2025-08-29,2025-08-29,1,Available-history choice,14,-2.4774629423663272,0.9100263166960223,2.818360254596275,0.08731905924638461,0.0,0.0,0.25,0.08731905924638461,0.0,0.25,2025-10-24,3.0853630067698923,0.3302985903546425,0.3302985903546425,-0.24297953110825787,YoY carry,6,2025-06-30,0.49578066581000185,Lowest earlier monthly MAPE
585,Beauty | organic_volume_growth | PCENDC96,Beauty,organic_volume_growth,PCENDC96,Expanding,2025-09-30,One month,2025-08-29,2025-08-29,1,Available-history choice,14,-1.1334227360316185,0.5725446214939776,2.818360254596275,0.4802142691698761,4.0,1.0,0.5,-3.519785730830124,-3.0,-3.5,2025-10-24,3.0853630067698923,0.6330852588509701,-3.3669147411490297,-0.15287098968109403,YoY carry,6,2025-06-30,0.49578066581000185,Lowest earlier monthly MAPE
586,Fabric & Home Care | organic_volume_growth | PCENDC96,Fabric & Home Care,organic_volume_growth,PCENDC96,Last eight,2025-09-30,One month,2025-08-29,2025-08-29,1,Available-history choice,8,2.0671928615314483,-0.5022260022005788,2.818360254596275,0.6517390581045557,-2.0,0.0,0.75,2.651739058104556,2.0,2.75,2025-10-24,3.0853630067698923,0.5176433333038479,2.517643333303848,0.13409572480070775,YoY carry,6,2025-06-30,0.49578066581000185,Lowest earlier monthly MAPE
587,"Baby, Feminine & Family Care | organic_volume_growth | PCENDC96","Baby, Feminine & Family Care",organic_volume_growth,PCENDC96,Expanding,2025-09-30,Two months,2025-09-26,2025-09-26,2,Available-history choice,14,-2.5051935305431394,0.8255418264682003,3.2886468481588604,0.20972199509481637,0.0,0.0,0.25,0.20972199509481637,0.0,0.25,2025-10-24,2.8881391425745973,-0.12091386768780454,-0.12091386768780454,0.33063586278262086,YoY carry,8,2025-06-30,0.5212203955657552,Lowest earlier monthly MAPE
588,Beauty | organic_volume_growth | PCENDC96,Beauty,organic_volume_growth,PCENDC96,Expanding,2025-09-30,Two months,2025-09-26,2025-09-26,2,Available-history choice,14,-1.1227505622635332,0.4991712676122301,3.2886468481588604,0.5188474536608902,4.0,1.0,0.5,-3.4811525463391098,-3.0,-3.5,2025-10-24,2.8881391425745973,0.31892551457592777,-3.6810744854240722,0.1999219390849625,YoY carry,8,2025-06-30,0.5212203955657552,Lowest earlier monthly MAPE
589,Fabric & Home Care | organic_volume_growth | PCENDC96,Fabric & Home Care,organic_volume_growth,PCENDC96,Last eight,2025-09-30,Two months,2025-09-26,2025-09-26,2,Available-history choice,8,1.3798438022832429,-0.15592454233556874,3.2886468481588604,0.8670630475807619,-2.0,0.0,0.75,2.867063047580762,2.0,2.75,2025-10-24,2.8881391425745973,0.9295120282758569,2.929512028275857,-0.06244898069509495,YoY carry,8,2025-06-30,0.5212203955657552,Lowest earlier monthly MAPE
590,"Baby, Feminine & Family Care | organic_volume_growth | PCENDC96","Baby, Feminine & Family Care",organic_volume_growth,PCENDC96,Expanding,2025-09-30,Pre-earnings,2025-10-23,2025-10-23,2,Available-history choice,18,-1.6631811981046392,0.1096159424435891,3.2886468481588604,-1.3026930744795668,0.0,0.0,0.25,-1.3026930744795668,0.0,0.25,2025-10-24,2.8881391425745973,-1.3465951040831055,-1.3465951040831055,0.04390202960353853,YoY carry,8,2025-06-30,0.5568613098130365,Lowest earlier monthly MAPE
591,Beauty | organic_volume_growth | PCENDC96,Beauty,organic_volume_growth,PCENDC96,Expanding,2025-09-30,Pre-earnings,2025-10-23,2025-10-23,2,Available-history choice,18,-0.7634621368284027,0.21679107287119095,3.2886468481588604,-0.0505128583215827,4.0,1.0,0.5,-4.050512858321583,-3.0,-3.5,2025-10-24,2.8881391425745973,-0.13733935350837423,-4.1373393535083745,0.08682649518679149,YoY carry,8,2025-06-30,0.5568613098130365,Lowest earlier monthly MAPE
592,Fabric & Home Care | organic_volume_growth | PCENDC96,Fabric & Home Care,organic_volume_growth,PCENDC96,Last eight,2025-09-30,Pre-earnings,2025-10-23,2025-10-23,2,Available-history choice,8,1.3798438022832429,-0.15592454233556874,3.2886468481588604,0.8670630475807619,-2.0,0.0,0.75,2.867063047580762,2.0,2.75,2025-10-24,2.8881391425745973,0.9295120282758569,2.929512028275857,-0.06244898069509495,YoY carry,8,2025-06-30,0.5568613098130365,Lowest earlier monthly MAPE
593,"Baby, Feminine & Family Care | organic_volume_growth | PCENDC96","Baby, Feminine & Family Care",organic_volume_growth,PCENDC96,Expanding,2025-12-31,Origin,2025-10-01,2025-10-01,0,Available-history choice,18,-1.6631811981046392,0.1096159424435891,3.299678659475047,-1.3014838120852832,-5.0,0.0,0.25,3.698516187914717,5.0,5.25,2026-01-23,2.459032140318529,-1.3936320725445475,3.6063679274554525,0.09214826045926443,YoY carry,8,2025-09-30,0.46384731328847445,Lowest earlier monthly MAPE
594,Beauty | organic_volume_growth | PCENDC96,Beauty,organic_volume_growth,PCENDC96,Expanding,2025-12-31,Origin,2025-10-01,2025-10-01,0,Available-history choice,18,-0.7634621368284027,0.21679107287119095,3.299678659475047,-0.04812126011063411,3.0,1.0,0.5,-3.048121260110634,-2.0,-2.5,2026-01-23,2.459032140318529,-0.23036592090400787,-3.230365920904008,0.18224466079337376,YoY carry,8,2025-09-30,0.46384731328847445,Lowest earlier monthly MAPE
595,Fabric & Home Care | organic_volume_growth | PCENDC96,Fabric & Home Care,organic_volume_growth,PCENDC96,Last eight,2025-12-31,Origin,2025-10-01,2025-10-01,0,Available-history choice,8,1.3798438022832429,-0.15592454233556874,3.299678659475047,0.8653429174501532,0.0,0.0,0.75,0.8653429174501532,0.0,0.75,2026-01-23,2.459032140318529,0.9964203412156223,0.9964203412156223,-0.13107742376546902,YoY carry,8,2025-09-30,0.46384731328847445,Lowest earlier monthly MAPE
596,"Baby, Feminine & Family Care | organic_volume_growth | PCENDC96","Baby, Feminine & Family Care",organic_volume_growth,PCENDC96,Expanding,2025-12-31,Pre-earnings,2026-01-22,2026-01-22,2,Available-history choice,19,-1.5927425892447882,0.10955224516670203,2.918795720892664,-1.2729819648380343,-5.0,0.0,0.5,3.727018035161966,5.0,5.5,2026-01-23,2.459032140318529,-1.3233500973358128,3.6766499026641872,0.05036813249777842,YoY carry,8,2025-09-30,0.6496031333431573,Lowest earlier monthly MAPE
597,Beauty | organic_volume_growth | PCENDC96,Beauty,organic_volume_growth,PCENDC96,Expanding,2025-12-31,Pre-earnings,2026-01-22,2026-01-22,2,Available-history choice,19,-0.5463557353544389,0.21659474465300949,2.918795720892664,0.08584007850660436,3.0,4.0,1.5,-2.9141599214933955,1.0,-1.5,2026-01-23,2.459032140318529,-0.013742296828603728,-3.0137422968286036,0.09958237533520815,YoY carry,8,2025-09-30,0.6496031333431573,Lowest earlier monthly MAPE
598,Fabric & Home Care | organic_volume_growth | PCENDC96,Fabric & Home Care,organic_volume_growth,PCENDC96,Last eight,2025-12-31,Pre-earnings,2026-01-22,2026-01-22,2,Available-history choice,8,3.166549738853786,-0.9077940338446284,2.918795720892664,0.5168843974161943,0.0,-2.0,0.0,0.5168843974161943,-2.0,0.0,2026-01-23,2.459032140318529,0.9342550328404382,0.9342550328404382,-0.41737063542424396,YoY carry,8,2025-09-30,0.6496031333431573,Lowest earlier monthly MAPE
599,"Baby, Feminine & Family Care | organic_volume_growth | PCENDC96","Baby, Feminine & Family Care",organic_volume_growth,PCENDC96,Expanding,2025-12-31,Two months,2026-01-22,2026-01-22,2,Available-history choice,19,-1.5927425892447882,0.10955224516670203,2.918795720892664,-1.2729819648380343,-5.0,0.0,0.5,3.727018035161966,5.0,5.5,2026-01-23,2.459032140318529,-1.3233500973358128,3.6766499026641872,0.05036813249777842,YoY carry,8,2025-09-30,0.6668865511788968,Lowest earlier monthly MAPE
600,Beauty | organic_volume_growth | PCENDC96,Beauty,organic_volume_growth,PCENDC96,Expanding,2025-12-31,Two months,2026-01-22,2026-01-22,2,Available-history choice,19,-0.5463557353544389,0.21659474465300949,2.918795720892664,0.08584007850660436,3.0,4.0,1.5,-2.9141599214933955,1.0,-1.5,2026-01-23,2.459032140318529,-0.013742296828603728,-3.0137422968286036,0.09958237533520815,YoY carry,8,2025-09-30,0.6668865511788968,Lowest earlier monthly MAPE
601,Fabric & Home Care | organic_volume_growth | PCENDC96,Fabric & Home Care,organic_volume_growth,PCENDC96,Last eight,2025-12-31,Two months,2026-01-22,2026-01-22,2,Available-history choice,8,3.166549738853786,-0.9077940338446284,2.918795720892664,0.5168843974161943,0.0,-2.0,0.0,0.5168843974161943,-2.0,0.0,2026-01-23,2.459032140318529,0.9342550328404382,0.9342550328404382,-0.41737063542424396,YoY carry,8,2025-09-30,0.6668865511788968,Lowest earlier monthly MAPE
602,"Baby, Feminine & Family Care | organic_volume_growth | PCENDC96","Baby, Feminine & Family Care",organic_volume_growth,PCENDC96,Expanding,2026-03-31,Origin,2026-01-01,2026-01-01,0,Available-history choice,19,-1.5931128704128805,0.10964185151743827,3.0175188319920387,-1.2622665186845357,3.0,0.0,0.5,-4.262266518684536,-3.0,-2.5,2026-04-24,1.4340718660131646,-1.4358785758141295,-4.4358785758141295,0.17361205712959385,YoY carry,8,2025-09-30,0.4500869386578052,Lowest earlier monthly MAPE
603,Beauty | organic_volume_growth | PCENDC96,Beauty,organic_volume_growth,PCENDC96,Expanding,2026-03-31,Origin,2026-01-01,2026-01-01,0,Available-history choice,19,-0.5473859445954838,0.21687097108206654,3.0175188319920387,0.10702629475705283,5.0,4.0,1.5,-4.892973705242947,-1.0,-3.5,2026-04-24,1.4340718660131646,-0.2363773864117376,-5.236377386411737,0.34340368116879044,YoY carry,8,2025-09-30,0.4500869386578052,Lowest earlier monthly MAPE
604,Fabric & Home Care | organic_volume_growth | PCENDC96,Fabric & Home Care,organic_volume_growth,PCENDC96,Last eight,2026-03-31,Origin,2026-01-01,2026-01-01,0,Available-history choice,8,3.195655452228598,-0.9179755675403887,3.0175188319920387,0.4256468898668957,2.0,-2.0,0.0,-1.5743531101331043,-4.0,-2.0,2026-04-24,1.4340718660131646,1.879212517131459,-0.12078748286854091,-1.4535656272645634,YoY carry,8,2025-09-30,0.4500869386578052,Lowest earlier monthly MAPE
605,"Baby, Feminine & Family Care | organic_volume_growth | PCENDC96","Baby, Feminine & Family Care",organic_volume_growth,PCENDC96,Expanding,2026-03-31,One month,2026-03-13,2026-03-13,1,Available-history choice,16,-2.6798746297492615,0.765712231842195,1.520536558800778,-1.515581187712267,3.0,-5.0,-1.75,-4.515581187712267,-8.0,-4.75,2026-04-24,1.4340718660131646,-1.58178826060222,-4.58178826060222,0.06620707288995317,Recent trend,7,2025-09-30,0.4752393002334852,Lowest earlier monthly MAPE
606,Beauty | organic_volume_growth | PCENDC96,Beauty,organic_volume_growth,PCENDC96,Expanding,2026-03-31,One month,2026-03-13,2026-03-13,1,Available-history choice,16,-0.9504523118378174,0.6573833828530388,1.520536558800778,0.049123154938356506,5.0,3.0,2.25,-4.950876845061644,-2.0,-2.75,2026-04-24,1.4340718660131646,-0.007717297303713511,-5.007717297303714,0.05684045224207002,Recent trend,7,2025-09-30,0.4752393002334852,Lowest earlier monthly MAPE
607,Fabric & Home Care | organic_volume_growth | PCENDC96,Fabric & Home Care,organic_volume_growth,PCENDC96,Last eight,2026-03-31,One month,2026-03-13,2026-03-13,1,Available-history choice,8,2.68211146841145,-0.7741267437616038,1.520536558800778,1.5050234533765292,2.0,0.0,-0.5,-0.4949765466234708,-2.0,-2.5,2026-04-24,1.4340718660131646,1.5719580844545518,-0.42804191554544824,-0.06693463107802257,Recent trend,7,2025-09-30,0.4752393002334852,Lowest earlier monthly MAPE
608,"Baby, Feminine & Family Care | organic_volume_growth | PCENDC96","Baby, Feminine & Family Care",organic_volume_growth,PCENDC96,Expanding,2026-03-31,Two months,2026-04-09,2026-04-09,2,Available-history choice,16,-2.684001104034804,0.7696496580293124,1.2714440995043708,-1.7054345876478783,3.0,-5.0,-1.75,-4.705434587647878,-8.0,-4.75,2026-04-24,1.294581864388955,-1.6876266148168952,-4.687626614816895,-0.01780797283098294,YoY carry,8,2025-12-31,0.624772088164019,Lowest earlier monthly MAPE
609,Beauty | organic_volume_growth | PCENDC96,Beauty,organic_volume_growth,PCENDC96,Expanding,2026-03-31,Two months,2026-04-09,2026-04-09,2,Available-history choice,16,-0.9459287435257839,0.6555203664562916,1.2714440995043708,-0.1124712414899891,5.0,3.0,2.25,-5.112471241489989,-2.0,-2.75,2026-04-24,1.294581864388955,-0.09730396537386687,-5.097303965373867,-0.015167276116122216,YoY carry,8,2025-12-31,0.624772088164019,Lowest earlier monthly MAPE
610,Fabric & Home Care | organic_volume_growth | PCENDC96,Fabric & Home Care,organic_volume_growth,PCENDC96,Last eight,2026-03-31,Two months,2026-04-09,2026-04-09,2,Available-history choice,8,2.6384346754690453,-0.7591310455544314,1.2714440995043708,1.6732419868482797,2.0,0.0,-0.5,-0.32675801315172026,-2.0,-2.5,2026-04-24,1.294581864388955,1.6556773911996525,-0.3443226088003475,0.01756459564862709,YoY carry,8,2025-12-31,0.624772088164019,Lowest earlier monthly MAPE
611,"Baby, Feminine & Family Care | organic_volume_growth | PCENDC96","Baby, Feminine & Family Care",organic_volume_growth,PCENDC96,Expanding,2026-03-31,Pre-earnings,2026-04-23,2026-04-23,2,Available-history choice,20,-1.8106477340706817,0.12161704139556496,1.0108248062904224,-1.6877142117603954,3.0,-5.0,-1.75,-4.687714211760396,-8.0,-4.75,2026-04-24,1.294581864388955,-1.6532045178793424,-4.653204517879343,-0.03450969388105298,Flat level,8,2025-12-31,0.7890264486755394,Lowest earlier monthly MAPE
612,Beauty | organic_volume_growth | PCENDC96,Beauty,organic_volume_growth,PCENDC96,Expanding,2026-03-31,Pre-earnings,2026-04-23,2026-04-23,2,Available-history choice,20,-0.3620349191083958,0.20638941842942254,1.0108248062904224,-0.15341137520408182,5.0,3.0,2.25,-5.153411375204082,-2.0,-2.75,2026-04-24,1.294581864388955,-0.09484692100788178,-5.094846921007882,-0.05856445419620002,Flat level,8,2025-12-31,0.7890264486755394,Lowest earlier monthly MAPE
613,Fabric & Home Care | organic_volume_growth | PCENDC96,Fabric & Home Care,organic_volume_growth,PCENDC96,Last eight,2026-03-31,Pre-earnings,2026-04-23,2026-04-23,2,Available-history choice,8,2.6384346754690453,-0.7591310455544314,1.0108248062904224,1.8710861833974413,2.0,0.0,-0.5,-0.12891381660255874,-2.0,-2.5,2026-04-24,1.294581864388955,1.6556773911996525,-0.3443226088003475,0.21540879219778866,Flat level,8,2025-12-31,0.7890264486755394,Lowest earlier monthly MAPE
614,Beauty | organic_sales_growth | RSHPCS,Beauty,organic_sales_growth,RSHPCS,Expanding,2024-09-30,Origin,2024-07-01,2024-07-01,0,Available-history choice,13,3.0928816148137774,0.15246246550170753,-0.9057341839252775,2.9547911480433524,-2.0,3.0,5.0,4.954791148043352,5.0,7.0,2024-10-18,3.412725976566078,3.613194231282764,5.613194231282764,-0.6584030832394117,Flat level,5,2024-06-30,2.371617740416405,Lowest earlier monthly MAPE
615,Beauty | organic_sales_growth | RSHPCS,Beauty,organic_sales_growth,RSHPCS,Expanding,2024-09-30,One month,2024-08-15,2024-08-15,1,Available-history choice,10,1.7043114305123566,0.4312640425658003,2.3472851910034898,2.7166111310393584,-2.0,3.0,3.0,4.716611131039358,5.0,5.0,2024-10-18,3.5186913322720503,3.2217964790092424,5.221796479009242,-0.5051853479698843,YoY carry,2,2024-06-30,3.3582811575822715,Fallback: fewer than four completed quarters
616,Beauty | organic_sales_growth | RSHPCS,Beauty,organic_sales_growth,RSHPCS,Expanding,2024-09-30,Two months,2024-09-17,2024-09-17,2,Available-history choice,10,1.684901369103843,0.4356634222131164,3.827561416717651,3.3524298746419388,-2.0,3.0,3.0,5.352429874641938,5.0,5.0,2024-10-18,4.085410557184743,3.464765313592543,5.464765313592543,-0.11233543895060402,YoY carry,5,2024-06-30,1.1656815517553532,Lowest earlier monthly MAPE
617,Beauty | organic_sales_growth | RSHPCS,Beauty,organic_sales_growth,RSHPCS,Expanding,2024-09-30,Pre-earnings,2024-10-17,2024-10-17,3,Available-history choice,14,3.044840497374328,0.1580468385365643,4.273198477134077,3.72020600712463,-2.0,3.0,3.0,5.72020600712463,5.0,5.0,2024-10-18,4.273198477134077,3.72020600712463,5.72020600712463,0.0,YoY carry,0,,,Fallback: fewer than four completed quarters
618,Beauty | organic_sales_growth | RSHPCS,Beauty,organic_sales_growth,RSHPCS,Expanding,2024-12-31,Origin,2024-10-01,2024-10-01,0,Available-history choice,14,3.0411878225134874,0.15841282704797968,1.3677689275082505,3.2578599650684525,2.0,3.0,3.0,1.2578599650684525,1.0,1.0,2025-01-22,2.201839783302484,3.389987487293145,1.389987487293145,-0.1321275222246923,Flat level,6,2024-09-30,2.6312619586008106,Lowest earlier monthly MAPE
619,Beauty | organic_sales_growth | RSHPCS,Beauty,organic_sales_growth,RSHPCS,Expanding,2024-12-31,One month,2024-11-15,2024-11-15,1,Available-history choice,11,0.8892262668317752,0.49056444885143835,2.827132020564882,2.2761167283304395,2.0,-2.0,1.25,0.27611672833043954,-4.0,-0.75,2025-01-22,2.2356560309057194,1.9859596354544335,-0.014040364545566453,0.29015709287600616,YoY carry,3,2024-09-30,2.7992894900054743,Fallback: fewer than four completed quarters
620,Beauty | organic_sales_growth | RSHPCS,Beauty,organic_sales_growth,RSHPCS,Expanding,2024-12-31,Two months,2024-12-17,2024-12-17,2,Available-history choice,11,0.8443426378207364,0.5002415345829347,2.055617095783213,1.8726476883302465,2.0,-2.0,1.25,-0.12735231166975347,-4.0,-0.75,2025-01-22,2.2326821716525336,1.9612229936041592,-0.03877700639584081,-0.08857530527391261,YoY carry,6,2024-09-30,1.094038888400184,Lowest earlier monthly MAPE
621,Beauty | organic_sales_growth | RSHPCS,Beauty,organic_sales_growth,RSHPCS,Expanding,2024-12-31,Pre-earnings,2025-01-21,2025-01-21,3,Available-history choice,15,2.3710796383045762,0.20406615214451806,2.3264143847269825,2.845822070089468,2.0,-2.0,1.25,0.8458220700894681,-4.0,-0.75,2025-01-22,2.3264143847269825,2.845822070089468,0.8458220700894681,0.0,YoY carry,0,,,Fallback: fewer than four completed quarters
622,Beauty | organic_sales_growth | RSHPCS,Beauty,organic_sales_growth,RSHPCS,Expanding,2025-03-31,Origin,2025-01-01,2025-01-01,0,Available-history choice,15,2.3774467304403206,0.20290665863832638,5.243328389693902,3.4413529741365867,2.0,-2.0,1.25,1.4413529741365867,-4.0,-0.75,2025-04-24,6.552318137015578,3.7069557099574553,1.7069557099574553,-0.2656027358208684,Flat level,7,2024-12-31,2.474949352211018,Lowest earlier monthly MAPE
623,Beauty | organic_sales_growth | RSHPCS,Beauty,organic_sales_growth,RSHPCS,Expanding,2025-03-31,One month,2025-02-14,2025-02-14,1,Available-history choice,12,0.7051070047802481,0.5261161858739635,5.210575702378972,3.446475219523421,2.0,2.0,1.5,1.4464752195234212,0.0,-0.5,2025-04-24,6.410185645158317,4.077609427154973,2.0776094271549734,-0.6311342076315526,Flat level,4,2024-12-31,1.1340237611056971,Lowest earlier monthly MAPE
624,Beauty | organic_sales_growth | RSHPCS,Beauty,organic_sales_growth,RSHPCS,Expanding,2025-03-31,Two months,2025-03-17,2025-03-17,2,Available-history choice,12,0.6734451038191187,0.5304726622459847,5.4432170461136575,3.560922941453755,2.0,2.0,1.5,1.560922941453755,0.0,-0.5,2025-04-24,6.189670705473538,3.9568962013776483,1.9568962013776483,-0.39597325992389304,YoY carry,7,2024-12-31,1.0120130846102622,Lowest earlier monthly MAPE
625,Beauty | organic_sales_growth | RSHPCS,Beauty,organic_sales_growth,RSHPCS,Expanding,2025-03-31,Pre-earnings,2025-04-23,2025-04-23,3,Available-history choice,16,2.2149707533791574,0.21951601562002576,6.01973835207712,3.5363997315021862,2.0,2.0,1.5,1.5363997315021862,0.0,-0.5,2025-04-24,6.01973835207712,3.5363997315021862,1.5363997315021862,0.0,YoY carry,0,,,Fallback: fewer than four completed quarters
626,Beauty | organic_sales_growth | RSHPCS,Beauty,organic_sales_growth,RSHPCS,Expanding,2025-06-30,Origin,2025-04-01,2025-04-01,0,Available-history choice,16,2.2203419762536214,0.2189494013543564,5.637346509020302,3.4546356196306878,1.0,2.0,1.5,2.4546356196306878,1.0,0.5,2025-07-29,6.3967109401350974,3.6208980072330634,2.6208980072330634,-0.1662623876023758,Flat level,8,2025-03-31,2.2525152034395934,Lowest earlier monthly MAPE
627,Beauty | organic_sales_growth | RSHPCS,Beauty,organic_sales_growth,RSHPCS,Expanding,2025-06-30,One month,2025-05-15,2025-05-15,1,Available-history choice,13,1.4703954323021362,0.3281501422019703,8.075846601545855,4.120485643000707,1.0,2.0,1.25,3.1204856430007073,1.0,0.25,2025-07-29,8.1666697558896,4.150289274013838,3.150289274013838,-0.02980363101313149,Flat level,5,2025-03-31,1.2432442097965113,Lowest earlier monthly MAPE
628,Beauty | organic_sales_growth | RSHPCS,Beauty,organic_sales_growth,RSHPCS,Expanding,2025-06-30,Two months,2025-06-17,2025-06-17,2,Available-history choice,13,1.4751281114696664,0.3271016981943543,7.937831901465242,4.071606406420267,1.0,2.0,1.25,3.0716064064202673,1.0,0.25,2025-07-29,8.149136708649586,4.140724567686897,3.140724567686897,-0.06911816126662937,Flat level,8,2025-03-31,0.9885588090296105,Lowest earlier monthly MAPE
629,Beauty | organic_sales_growth | RSHPCS,Beauty,organic_sales_growth,RSHPCS,Expanding,2025-06-30,Pre-earnings,2025-07-28,2025-07-28,3,Available-history choice,17,2.3830616924940227,0.17256700553599075,8.247422680412363,3.8062947278423986,1.0,2.0,1.25,2.8062947278423986,1.0,0.25,2025-07-29,8.247422680412363,3.8062947278423986,2.8062947278423986,0.0,YoY carry,0,,,Fallback: fewer than four completed quarters
630,Beauty | organic_sales_growth | RSHPCS,Beauty,organic_sales_growth,RSHPCS,Expanding,2025-09-30,Origin,2025-07-01,2025-07-01,0,Available-history choice,17,2.381476192237818,0.17276281378110395,2.1613225925340984,2.754872364812679,6.0,2.0,1.25,-3.245127635187321,-4.0,-4.75,2025-10-24,5.199283946717204,3.279719116519605,-2.720280883480395,-0.5248467517069262,Flat level,8,2025-06-30,2.118976621681476,Lowest earlier monthly MAPE
631,Beauty | organic_sales_growth | RSHPCS,Beauty,organic_sales_growth,RSHPCS,Expanding,2025-09-30,One month,2025-08-15,2025-08-15,1,Available-history choice,14,1.8386865496570022,0.21979101983971797,4.533152909336935,2.8350328506895517,6.0,1.0,0.75,-3.1649671493104483,-5.0,-5.25,2025-10-24,5.339788763334097,3.0123241676788695,-2.9876758323211305,-0.17729131698931805,Flat level,6,2025-06-30,1.0847926354139261,Lowest earlier monthly MAPE
632,Beauty | organic_sales_growth | RSHPCS,Beauty,organic_sales_growth,RSHPCS,Expanding,2025-09-30,Two months,2025-09-16,2025-09-16,2,Available-history choice,14,1.8413775129661356,0.21926979980399497,5.902288666144195,3.1355711671769617,6.0,1.0,0.75,-2.8644288328230383,-5.0,-5.25,2025-10-24,5.36439203556931,3.017626680675563,-2.982373319324437,0.1179444865013986,YoY carry,8,2025-06-30,1.0243046565189207,Lowest earlier monthly MAPE
633,Beauty | organic_sales_growth | RSHPCS,Beauty,organic_sales_growth,RSHPCS,Expanding,2025-09-30,Pre-earnings,2025-10-23,2025-10-23,2,Available-history choice,18,2.3904470592847953,0.1463961123061077,5.902288666144195,3.2545191737167074,6.0,1.0,0.75,-2.7454808262832926,-5.0,-5.25,2025-10-24,5.36439203556931,3.1757731981779895,-2.8242268018220105,0.07874597553871787,YoY carry,0,,,Fallback: fewer than four completed quarters
634,Beauty | organic_sales_growth | RSHPCS,Beauty,organic_sales_growth,RSHPCS,Expanding,2025-12-31,Origin,2025-10-01,2025-10-01,0,Available-history choice,18,2.3904470592847953,0.1463961123061077,4.129018701407849,2.9949193448101177,4.0,1.0,0.75,-1.0050806551898823,-3.0,-3.25,2026-01-23,6.454437206696095,3.335351573468997,-0.6646484265310031,-0.3404322286588791,Flat level,8,2025-09-30,2.1267800239812056,Lowest earlier monthly MAPE
635,Beauty | organic_sales_growth | RSHPCS,Beauty,organic_sales_growth,RSHPCS,Expanding,2025-12-31,One month,2025-12-16,2025-12-16,1,Available-history choice,15,1.840358489057606,0.2523068591346078,6.112103383063672,3.3824840963444114,4.0,6.0,2.75,-0.6175159036555886,2.0,-1.25,2026-01-23,6.454437206696095,3.468857268160649,-0.5311427318393509,-0.08637317181623758,Flat level,7,2025-09-30,1.0953098580697374,Lowest earlier monthly MAPE
636,Beauty | organic_sales_growth | RSHPCS,Beauty,organic_sales_growth,RSHPCS,Expanding,2025-12-31,Two months,2026-01-14,2026-01-14,2,Available-history choice,15,1.8391643356173062,0.25248643106441143,6.383120720520252,3.450815705394759,4.0,6.0,2.75,-0.549184294605241,2.0,-1.25,2026-01-23,6.589971896094338,3.5030428204769377,-0.4969571795230623,-0.052227115082178775,YoY carry,8,2025-09-30,1.155198173115521,Lowest earlier monthly MAPE
637,Beauty | organic_sales_growth | RSHPCS,Beauty,organic_sales_growth,RSHPCS,Expanding,2025-12-31,Pre-earnings,2026-01-22,2026-01-22,2,Available-history choice,19,2.500949651883116,0.15124134392360636,6.383120720520252,3.466341408081217,4.0,6.0,2.75,-0.5336585919187828,2.0,-1.25,2026-01-23,6.589971896094338,3.4976258578672197,-0.5023741421327803,-0.03128444978600253,YoY carry,1,2025-09-30,1.5083743332152233,Fallback: fewer than four completed quarters
638,Beauty | organic_sales_growth | RSHPCS,Beauty,organic_sales_growth,RSHPCS,Expanding,2026-03-31,Origin,2026-01-01,2026-01-01,0,Available-history choice,19,2.501497919744851,0.15116925548975663,5.368538192693562,3.3130558414026603,7.0,6.0,2.75,-3.6869441585973397,-1.0,-4.25,2026-04-24,3.133313626958323,2.9751586079480496,-4.02484139205195,0.3378972334546106,Flat level,8,2025-12-31,2.0794786821853743,Lowest earlier monthly MAPE
639,Beauty | organic_sales_growth | RSHPCS,Beauty,organic_sales_growth,RSHPCS,Expanding,2026-03-31,One month,2026-03-06,2026-03-06,1,Available-history choice,16,1.9101269254441684,0.24691270169268392,1.1840782219756596,2.202490878247648,7.0,4.0,3.25,-4.797509121752352,-3.0,-3.75,2026-04-24,2.827571859505573,2.608290332504896,-4.391709667495104,-0.40579945425724756,Flat level,8,2025-12-31,1.0185437881885215,Lowest earlier monthly MAPE
640,Beauty | organic_sales_growth | RSHPCS,Beauty,organic_sales_growth,RSHPCS,Expanding,2026-03-31,Two months,2026-04-01,2026-04-01,2,Available-history choice,16,1.935687076407091,0.24174966373428922,2.6224517155781557,2.56966389680752,7.0,4.0,3.25,-4.43033610319248,-3.0,-3.75,2026-04-24,2.6362905109110324,2.5730094209257306,-4.426990579074269,-0.0033455241182105896,Flat level,8,2025-12-31,0.8826410900122844,Lowest earlier monthly MAPE
641,Beauty | organic_sales_growth | RSHPCS,Beauty,organic_sales_growth,RSHPCS,Expanding,2026-03-31,Pre-earnings,2026-04-23,2026-04-23,3,Available-history choice,20,2.5711425839290016,0.14425763148523038,2.2175244833685603,2.8910374136602592,7.0,4.0,3.25,-4.108962586339741,-3.0,-3.75,2026-04-24,2.2175244833685603,2.8910374136602592,-4.108962586339741,0.0,YoY carry,0,,,Fallback: fewer than four completed quarters
