id,series,quarter,stage,cutoff,observed_months,month,method,predicted_level,actual_level,truth_vintage,percentage_error,evaluation
1,CUUR0000SEGB,2023-06-30,Origin,2023-04-01,0,2023-04-01,YoY carry,175.3656593993077,174.724,2023-07-01,0.3672417065244016,False
2,CUUR0000SEGB,2023-06-30,Origin,2023-04-01,0,2023-05-01,YoY carry,175.85947216300443,176.484,2023-07-01,-0.35387221334262087,False
3,CUUR0000SEGB,2023-06-30,Origin,2023-04-01,0,2023-06-01,YoY carry,177.12239027232857,176.846,2023-07-27,0.15628867620900433,False
4,CUUR0000SEGB,2023-06-30,Origin,2023-04-01,0,2023-04-01,Flat level,172.394,174.724,2023-07-01,-1.3335317414894243,False
5,CUUR0000SEGB,2023-06-30,Origin,2023-04-01,0,2023-05-01,Flat level,172.394,176.484,2023-07-01,-2.3174905373858246,False
6,CUUR0000SEGB,2023-06-30,Origin,2023-04-01,0,2023-06-01,Flat level,172.394,176.846,2023-07-27,-2.5174445562806014,False
7,CUUR0000SEGB,2023-06-30,Origin,2023-04-01,0,2023-04-01,Recent trend,173.73000000000002,174.724,2023-07-01,-0.5688972322062114,False
8,CUUR0000SEGB,2023-06-30,Origin,2023-04-01,0,2023-05-01,Recent trend,174.39800000000002,176.484,2023-07-01,-1.18197683642709,False
9,CUUR0000SEGB,2023-06-30,Origin,2023-04-01,0,2023-06-01,Recent trend,175.06600000000003,176.846,2023-07-27,-1.0065254515227773,False
10,CUUR0000SEGB,2023-06-30,Origin,2023-04-01,0,2023-04-01,Seasonal step,172.57611347961094,174.724,2023-07-01,-1.2293025116120626,False
11,CUUR0000SEGB,2023-06-30,Origin,2023-04-01,0,2023-05-01,Seasonal step,171.94825956202806,176.484,2023-07-01,-2.5700575904738954,False
12,CUUR0000SEGB,2023-06-30,Origin,2023-04-01,0,2023-06-01,Seasonal step,171.53690524175414,176.846,2023-07-27,-3.0021005610790574,False
13,CUUR0000SEGB,2023-06-30,Two months,2023-07-01,2,2023-06-01,YoY carry,176.78217935810446,176.846,2023-07-27,-0.036088258651900684,False
14,CUUR0000SEGB,2023-06-30,Two months,2023-07-01,2,2023-06-01,Flat level,176.484,176.846,2023-07-27,-0.2046978727254234,False
15,CUUR0000SEGB,2023-06-30,Two months,2023-07-01,2,2023-06-01,Recent trend,177.82550000000003,176.846,2023-07-27,0.553871730205957,False
16,CUUR0000SEGB,2023-06-30,Two months,2023-07-01,2,2023-06-01,Seasonal step,176.06179476195845,176.846,2023-07-27,-0.4434396243293892,False
17,CUUR0000SEGB,2023-09-30,Origin,2023-07-01,0,2023-07-01,YoY carry,178.5986140325852,177.651,2023-10-01,0.5334132836770866,False
18,CUUR0000SEGB,2023-09-30,Origin,2023-07-01,0,2023-08-01,YoY carry,181.29707260727,178.14,2023-10-01,1.7722423977040602,False
19,CUUR0000SEGB,2023-09-30,Origin,2023-07-01,0,2023-09-01,YoY carry,181.98237844973158,178.898,2023-10-17,1.7240988997817785,False
20,CUUR0000SEGB,2023-09-30,Origin,2023-07-01,0,2023-07-01,Flat level,176.484,177.651,2023-10-01,-0.6569059560599166,False
21,CUUR0000SEGB,2023-09-30,Origin,2023-07-01,0,2023-08-01,Flat level,176.484,178.14,2023-10-01,-0.9296059279218505,False
22,CUUR0000SEGB,2023-09-30,Origin,2023-07-01,0,2023-09-01,Flat level,176.484,178.898,2023-10-17,-1.349372267996285,False
23,CUUR0000SEGB,2023-09-30,Origin,2023-07-01,0,2023-07-01,Recent trend,179.16700000000003,177.651,2023-10-01,0.8533585513169184,False
24,CUUR0000SEGB,2023-09-30,Origin,2023-07-01,0,2023-08-01,Recent trend,180.50850000000003,178.14,2023-10-01,1.3295722465476834,False
25,CUUR0000SEGB,2023-09-30,Origin,2023-07-01,0,2023-09-01,Recent trend,181.85000000000005,178.898,2023-10-17,1.650102292926725,False
26,CUUR0000SEGB,2023-09-30,Origin,2023-07-01,0,2023-07-01,Seasonal step,177.0419355503415,177.651,2023-10-01,-0.3428432430205963,False
27,CUUR0000SEGB,2023-09-30,Origin,2023-07-01,0,2023-08-01,Seasonal step,177.99328935300468,178.14,2023-10-01,-0.08235693667637545,False
28,CUUR0000SEGB,2023-09-30,Origin,2023-07-01,0,2023-09-01,Seasonal step,177.75851081223047,178.898,2023-10-17,-0.6369490926502963,False
29,CUUR0000SEGB,2023-09-30,Two months,2023-10-01,2,2023-09-01,YoY carry,180.6260864077902,178.898,2023-10-17,0.9659618373543566,False
30,CUUR0000SEGB,2023-09-30,Two months,2023-10-01,2,2023-09-01,Flat level,178.14,178.898,2023-10-17,-0.42370512806180205,False
31,CUUR0000SEGB,2023-09-30,Two months,2023-10-01,2,2023-09-01,Recent trend,178.78699999999998,178.898,2023-10-17,-0.06204652930721366,False
32,CUUR0000SEGB,2023-09-30,Two months,2023-10-01,2,2023-09-01,Seasonal step,177.90502794343794,178.898,2023-10-17,-0.5550492775559523,False
33,CUUR0000SEGB,2023-12-31,Origin,2023-10-01,0,2023-10-01,YoY carry,181.3402416105751,179.617,2023-12-12,0.9593978357143929,False
34,CUUR0000SEGB,2023-12-31,Origin,2023-10-01,0,2023-11-01,YoY carry,181.69678863603684,178.553,2023-12-12,1.7607033407653905,False
35,CUUR0000SEGB,2023-12-31,Origin,2023-10-01,0,2023-12-01,YoY carry,181.51851512330597,176.62,2024-01-11,2.7734770259913777,False
36,CUUR0000SEGB,2023-12-31,Origin,2023-10-01,0,2023-10-01,Flat level,178.14,179.617,2023-12-12,-0.8223052383683038,False
37,CUUR0000SEGB,2023-12-31,Origin,2023-10-01,0,2023-11-01,Flat level,178.14,178.553,2023-12-12,-0.23130387055945167,False
38,CUUR0000SEGB,2023-12-31,Origin,2023-10-01,0,2023-12-01,Flat level,178.14,176.62,2024-01-11,0.8606046880307971,False
39,CUUR0000SEGB,2023-12-31,Origin,2023-10-01,0,2023-10-01,Recent trend,179.43399999999997,179.617,2023-12-12,-0.10188345201179727,False
40,CUUR0000SEGB,2023-12-31,Origin,2023-10-01,0,2023-11-01,Recent trend,180.08099999999996,178.553,2023-12-12,0.8557683152901063,False
41,CUUR0000SEGB,2023-12-31,Origin,2023-10-01,0,2023-12-01,Recent trend,180.72799999999995,176.62,2024-01-11,2.325897406862154,False
42,CUUR0000SEGB,2023-12-31,Origin,2023-10-01,0,2023-10-01,Seasonal step,178.2201800382581,179.617,2023-12-12,-0.7776657898427741,False
43,CUUR0000SEGB,2023-12-31,Origin,2023-10-01,0,2023-11-01,Seasonal step,178.28044083148848,178.553,2023-12-12,-0.15264888773166563,False
44,CUUR0000SEGB,2023-12-31,Origin,2023-10-01,0,2023-12-01,Seasonal step,177.94593916036467,176.62,2024-01-11,0.7507299062193828,False
45,CUUR0000SEGB,2024-03-31,Origin,2024-01-01,0,2024-01-01,YoY carry,179.82198609313983,177.546,2024-02-13,1.281913472080376,False
46,CUUR0000SEGB,2024-03-31,Origin,2024-01-01,0,2024-02-01,YoY carry,180.7182708919881,179.311,2024-03-12,0.7848212836848223,False
47,CUUR0000SEGB,2024-03-31,Origin,2024-01-01,0,2024-03-01,YoY carry,182.1932097364086,179.706,2024-04-10,1.384043791753542,False
48,CUUR0000SEGB,2024-03-31,Origin,2024-01-01,0,2024-01-01,Flat level,178.553,177.546,2024-02-13,0.5671769569576268,False
49,CUUR0000SEGB,2024-03-31,Origin,2024-01-01,0,2024-02-01,Flat level,178.553,179.311,2024-03-12,-0.4227292246432257,False
50,CUUR0000SEGB,2024-03-31,Origin,2024-01-01,0,2024-03-01,Flat level,178.553,179.706,2024-04-10,-0.6416035079518712,False
51,CUUR0000SEGB,2024-03-31,Origin,2024-01-01,0,2024-01-01,Recent trend,178.208,177.546,2024-02-13,0.3728611176821772,False
52,CUUR0000SEGB,2024-03-31,Origin,2024-01-01,0,2024-02-01,Recent trend,178.0355,179.311,2024-03-12,-0.7113339393567619,False
53,CUUR0000SEGB,2024-03-31,Origin,2024-01-01,0,2024-03-01,Recent trend,177.863,179.706,2024-04-10,-1.025563976717525,False
54,CUUR0000SEGB,2024-03-31,Origin,2024-01-01,0,2024-01-01,Seasonal step,179.27150222501277,177.546,2024-02-13,0.9718620667392042,False
55,CUUR0000SEGB,2024-03-31,Origin,2024-01-01,0,2024-02-01,Seasonal step,180.16504325301452,179.311,2024-03-12,0.4762916123464356,False
56,CUUR0000SEGB,2024-03-31,Origin,2024-01-01,0,2024-03-01,Seasonal step,181.63546690962085,179.706,2024-04-10,1.0736797378055662,False
57,CUUR0000SEGB,2024-03-31,One month,2024-02-13,1,2024-02-01,YoY carry,178.73378713430463,179.311,2024-03-12,-0.32190599890434823,False
58,CUUR0000SEGB,2024-03-31,One month,2024-02-13,1,2024-03-01,YoY carry,180.19252954122115,179.706,2024-04-10,0.2707363923414752,False
59,CUUR0000SEGB,2024-03-31,One month,2024-02-13,1,2024-02-01,Flat level,177.546,179.311,2024-03-12,-0.9843233265109275,False
60,CUUR0000SEGB,2024-03-31,One month,2024-02-13,1,2024-03-01,Flat level,177.546,179.706,2024-04-10,-1.201963206570733,False
61,CUUR0000SEGB,2024-03-31,One month,2024-02-13,1,2024-02-01,Recent trend,177.0425,179.311,2024-03-12,-1.265120377444784,False
62,CUUR0000SEGB,2024-03-31,One month,2024-02-13,1,2024-03-01,Recent trend,176.539,179.706,2024-04-10,-1.762322905189584,False
63,CUUR0000SEGB,2024-03-31,One month,2024-02-13,1,2024-02-01,Seasonal step,178.43094062574693,179.311,2024-03-12,-0.4908005500237511,False
64,CUUR0000SEGB,2024-03-31,One month,2024-02-13,1,2024-03-01,Seasonal step,179.88721133969537,179.706,2024-04-10,0.10083766802186922,False
65,CUUR0000SEGB,2024-03-31,Two months,2024-03-12,2,2024-03-01,YoY carry,180.0379513745213,179.706,2024-04-10,0.18471913821536123,False
66,CUUR0000SEGB,2024-03-31,Two months,2024-03-12,2,2024-03-01,Flat level,179.311,179.706,2024-04-10,-0.21980345675713941,False
67,CUUR0000SEGB,2024-03-31,Two months,2024-03-12,2,2024-03-01,Recent trend,180.6565,179.706,2024-04-10,0.5289194573358635,False
68,CUUR0000SEGB,2024-03-31,Two months,2024-03-12,2,2024-03-01,Seasonal step,180.7744533510447,179.706,2024-04-10,0.5945563036541479,False
69,CUUR0000SEGB,2024-06-30,Origin,2024-04-01,0,2024-04-01,YoY carry,180.99407377380948,179.28,2024-05-15,0.956087557903551,False
70,CUUR0000SEGB,2024-06-30,Origin,2024-04-01,0,2024-05-01,YoY carry,182.8172324116721,178.83,2024-06-12,2.229621658375036,False
71,CUUR0000SEGB,2024-06-30,Origin,2024-04-01,0,2024-06-01,YoY carry,183.19222299514155,178.682,2024-07-11,2.5241619162207574,False
72,CUUR0000SEGB,2024-06-30,Origin,2024-04-01,0,2024-04-01,Flat level,179.311,179.28,2024-05-15,0.017291387773310518,False
73,CUUR0000SEGB,2024-06-30,Origin,2024-04-01,0,2024-05-01,Flat level,179.311,178.83,2024-06-12,0.26897053067158616,False
74,CUUR0000SEGB,2024-06-30,Origin,2024-04-01,0,2024-06-01,Flat level,179.311,178.682,2024-07-11,0.352022027960297,False
75,CUUR0000SEGB,2024-06-30,Origin,2024-04-01,0,2024-04-01,Recent trend,182.002,179.28,2024-05-15,1.5182954038375662,False
76,CUUR0000SEGB,2024-06-30,Origin,2024-04-01,0,2024-05-01,Recent trend,183.34750000000003,178.83,2024-06-12,2.52614214617235,False
77,CUUR0000SEGB,2024-06-30,Origin,2024-04-01,0,2024-06-01,Recent trend,184.693,178.682,2024-07-11,3.3640769635441936,False
78,CUUR0000SEGB,2024-06-30,Origin,2024-04-01,0,2024-04-01,Seasonal step,181.37048004571523,179.28,2024-05-15,1.1660419710593617,False
79,CUUR0000SEGB,2024-06-30,Origin,2024-04-01,0,2024-05-01,Seasonal step,181.88120180453143,178.83,2024-06-12,1.7062024294197897,False
80,CUUR0000SEGB,2024-06-30,Origin,2024-04-01,0,2024-06-01,Seasonal step,182.2542724231328,178.682,2024-07-11,1.9992346308709275,False
81,CUUR0000SEGB,2024-06-30,One month,2024-05-15,1,2024-05-01,YoY carry,182.3770510914267,178.83,2024-06-12,1.9834765371731233,False
82,CUUR0000SEGB,2024-06-30,One month,2024-05-15,1,2024-06-01,YoY carry,182.75113878490086,178.682,2024-07-11,2.2773076106719525,False
83,CUUR0000SEGB,2024-06-30,One month,2024-05-15,1,2024-05-01,Flat level,179.28,178.83,2024-06-12,0.251635631605418,False
84,CUUR0000SEGB,2024-06-30,One month,2024-05-15,1,2024-06-01,Flat level,179.28,178.682,2024-07-11,0.33467277062044776,False
85,CUUR0000SEGB,2024-06-30,One month,2024-05-15,1,2024-05-01,Recent trend,179.2645,178.83,2024-06-12,0.24296818207234505,False
86,CUUR0000SEGB,2024-06-30,One month,2024-05-15,1,2024-06-01,Recent trend,179.249,178.682,2024-07-11,0.3173235132805763,False
87,CUUR0000SEGB,2024-06-30,One month,2024-05-15,1,2024-05-01,Seasonal step,179.7848351688626,178.83,2024-06-12,0.533934557324045,False
88,CUUR0000SEGB,2024-06-30,One month,2024-05-15,1,2024-06-01,Seasonal step,180.15360576750683,178.682,2024-07-11,0.8235892633319697,False
89,CUUR0000SEGB,2024-06-30,Two months,2024-06-12,2,2024-06-01,YoY carry,181.1695333010775,178.682,2024-07-11,1.3921566252210749,False
90,CUUR0000SEGB,2024-06-30,Two months,2024-06-12,2,2024-06-01,Flat level,178.83,178.682,2024-07-11,0.08282871246125811,False
91,CUUR0000SEGB,2024-06-30,Two months,2024-06-12,2,2024-06-01,Recent trend,178.39200000000002,178.682,2024-07-11,-0.1622995041470121,False
92,CUUR0000SEGB,2024-06-30,Two months,2024-06-12,2,2024-06-01,Seasonal step,179.1968120622833,178.682,2024-07-11,0.2881163532327369,False
93,CUUR0000SEGB,2024-09-30,Origin,2024-07-01,0,2024-07-01,YoY carry,181.99421395151555,179.079,2024-08-14,1.6278926906647673,True
94,CUUR0000SEGB,2024-09-30,Origin,2024-07-01,0,2024-08-01,YoY carry,182.49516902985616,178.452,2024-09-11,2.265689950158123,True
95,CUUR0000SEGB,2024-09-30,Origin,2024-07-01,0,2024-09-01,YoY carry,183.27170062368478,179.154,2024-10-10,2.298414003418725,True
96,CUUR0000SEGB,2024-09-30,Origin,2024-07-01,0,2024-07-01,Flat level,178.83,179.079,2024-08-14,-0.1390447791198235,True
97,CUUR0000SEGB,2024-09-30,Origin,2024-07-01,0,2024-08-01,Flat level,178.83,178.452,2024-09-11,0.2118216663304473,True
98,CUUR0000SEGB,2024-09-30,Origin,2024-07-01,0,2024-09-01,Flat level,178.83,179.154,2024-10-10,-0.1808499949763842,True
99,CUUR0000SEGB,2024-09-30,Origin,2024-07-01,0,2024-07-01,Recent trend,177.95400000000004,179.079,2024-08-14,-0.6282143634931958,True
100,CUUR0000SEGB,2024-09-30,Origin,2024-07-01,0,2024-08-01,Recent trend,177.51600000000005,178.452,2024-09-11,-0.5245107928182113,True
101,CUUR0000SEGB,2024-09-30,Origin,2024-07-01,0,2024-09-01,Recent trend,177.07800000000006,179.154,2024-10-10,-1.158779597441273,True
102,CUUR0000SEGB,2024-09-30,Origin,2024-07-01,0,2024-07-01,Seasonal step,180.01251291901818,179.079,2024-08-14,0.5212855326521604,True
103,CUUR0000SEGB,2024-09-30,Origin,2024-07-01,0,2024-08-01,Seasonal step,180.9798294373341,178.452,2024-09-11,1.416531861416015,True
104,CUUR0000SEGB,2024-09-30,Origin,2024-07-01,0,2024-09-01,Seasonal step,181.66393609552475,179.154,2024-10-10,1.400993611934287,True
105,CUUR0000SEGB,2024-09-30,One month,2024-08-14,1,2024-08-01,YoY carry,180.0231260278532,178.452,2024-09-11,0.8804194000925802,True
106,CUUR0000SEGB,2024-09-30,One month,2024-08-14,1,2024-09-01,YoY carry,180.7891388802677,179.154,2024-10-10,0.9127001798830525,True
107,CUUR0000SEGB,2024-09-30,One month,2024-08-14,1,2024-08-01,Flat level,179.079,178.452,2024-09-11,0.35135498621479133,True
108,CUUR0000SEGB,2024-09-30,One month,2024-08-14,1,2024-09-01,Flat level,179.079,179.154,2024-10-10,-0.0418634247630445,True
109,CUUR0000SEGB,2024-09-30,One month,2024-08-14,1,2024-08-01,Recent trend,179.20350000000002,178.452,2024-09-11,0.42112164615695225,True
110,CUUR0000SEGB,2024-09-30,One month,2024-08-14,1,2024-09-01,Recent trend,179.328,179.154,2024-10-10,0.09712314545029521,True
111,CUUR0000SEGB,2024-09-30,One month,2024-08-14,1,2024-08-01,Seasonal step,180.04130018666217,178.452,2024-09-11,0.8906037403123346,True
112,CUUR0000SEGB,2024-09-30,One month,2024-08-14,1,2024-09-01,Seasonal step,180.72185918923125,179.154,2024-10-10,0.8751460694325974,True
113,CUUR0000SEGB,2024-09-30,Two months,2024-09-11,2,2024-09-01,YoY carry,180.1008849828779,179.154,2024-10-10,0.5285313098663202,True
114,CUUR0000SEGB,2024-09-30,Two months,2024-09-11,2,2024-09-01,Flat level,178.452,179.154,2024-10-10,-0.3918416557821769,True
115,CUUR0000SEGB,2024-09-30,Two months,2024-09-11,2,2024-09-01,Recent trend,178.337,179.154,2024-10-10,-0.4560322404188577,True
116,CUUR0000SEGB,2024-09-30,Two months,2024-09-11,2,2024-09-01,Seasonal step,179.12655142237114,179.154,2024-10-10,-0.015321219525576968,True
117,CUUR0000SEGB,2024-12-31,Origin,2024-10-01,0,2024-10-01,YoY carry,180.8247194377219,179.634,2024-11-13,0.6628586112439327,True
118,CUUR0000SEGB,2024-12-31,Origin,2024-10-01,0,2024-11-01,YoY carry,179.75356525141586,179.444,2024-12-11,0.17251357048209126,True
119,CUUR0000SEGB,2024-12-31,Origin,2024-10-01,0,2024-12-01,YoY carry,177.80756803136924,177.536,2025-01-15,0.1529650501133517,True
120,CUUR0000SEGB,2024-12-31,Origin,2024-10-01,0,2024-10-01,Flat level,178.452,179.634,2024-11-13,-0.6580046093723868,True
121,CUUR0000SEGB,2024-12-31,Origin,2024-10-01,0,2024-11-01,Flat level,178.452,179.444,2024-12-11,-0.5528187066717094,True
122,CUUR0000SEGB,2024-12-31,Origin,2024-10-01,0,2024-12-01,Flat level,178.452,177.536,2025-01-15,0.5159516943042508,True
123,CUUR0000SEGB,2024-12-31,Origin,2024-10-01,0,2024-10-01,Recent trend,178.222,179.634,2024-11-13,-0.7860427313314711,True
124,CUUR0000SEGB,2024-12-31,Origin,2024-10-01,0,2024-11-01,Recent trend,178.10700000000003,179.444,2024-12-11,-0.7450792447782906,True
125,CUUR0000SEGB,2024-12-31,Origin,2024-10-01,0,2024-12-01,Recent trend,177.99200000000002,177.536,2025-01-15,0.25684931506850806,True
126,CUUR0000SEGB,2024-12-31,Origin,2024-10-01,0,2024-10-01,Seasonal step,179.83477779874514,179.634,2024-11-13,0.11177048818438173,True
127,CUUR0000SEGB,2024-12-31,Origin,2024-10-01,0,2024-11-01,Seasonal step,179.07178517121076,179.444,2024-12-11,-0.20742673412832424,True
128,CUUR0000SEGB,2024-12-31,Origin,2024-10-01,0,2024-12-01,Seasonal step,178.73579872697985,177.536,2025-01-15,0.6758058799228639,True
129,CUUR0000SEGB,2024-12-31,One month,2024-11-13,1,2024-11-01,YoY carry,178.74804298296274,179.444,2024-12-11,-0.38784078433229396,True
130,CUUR0000SEGB,2024-12-31,One month,2024-11-13,1,2024-12-01,YoY carry,176.81293146377197,177.536,2025-01-15,-0.4072799523634818,True
131,CUUR0000SEGB,2024-12-31,One month,2024-11-13,1,2024-11-01,Flat level,179.634,179.444,2024-12-11,0.10588261518913455,True
132,CUUR0000SEGB,2024-12-31,One month,2024-11-13,1,2024-12-01,Flat level,179.634,177.536,2025-01-15,1.181732155731785,True
133,CUUR0000SEGB,2024-12-31,One month,2024-11-13,1,2024-11-01,Recent trend,180.22499999999997,179.444,2024-12-11,0.4352332761195621,True
134,CUUR0000SEGB,2024-12-31,One month,2024-11-13,1,2024-12-01,Recent trend,180.81599999999997,177.536,2025-01-15,1.8475126171593192,True
135,CUUR0000SEGB,2024-12-31,One month,2024-11-13,1,2024-11-01,Seasonal step,178.87185922093502,179.444,2024-12-11,-0.3188408523355335,True
136,CUUR0000SEGB,2024-12-31,One month,2024-11-13,1,2024-12-01,Seasonal step,178.53624789112584,177.536,2025-01-15,0.5634056704701296,True
137,CUUR0000SEGB,2024-12-31,Two months,2024-12-11,2,2024-12-01,YoY carry,177.0036035582922,177.536,2025-01-15,-0.29988083639813645,True
138,CUUR0000SEGB,2024-12-31,Two months,2024-12-11,2,2024-12-01,Flat level,179.444,177.536,2025-01-15,1.0747116077865826,True
139,CUUR0000SEGB,2024-12-31,Two months,2024-12-11,2,2024-12-01,Recent trend,179.589,177.536,2025-01-15,1.1563851838500394,True
140,CUUR0000SEGB,2024-12-31,Two months,2024-12-11,2,2024-12-01,Seasonal step,179.10731518144564,177.536,2025-01-15,0.8850684826996469,True
141,CUUR0000SEGB,2025-03-31,Origin,2025-01-01,0,2025-01-01,YoY carry,177.9316147512204,178.259,2025-02-12,-0.1836570657187564,True
142,CUUR0000SEGB,2025-03-31,Origin,2025-01-01,0,2025-02-01,YoY carry,179.70044818050582,179.824,2025-03-12,-0.06870707997497227,True
143,CUUR0000SEGB,2025-03-31,Origin,2025-01-01,0,2025-03-01,YoY carry,180.09630608677645,179.746,2025-04-10,0.1948895033972553,True
144,CUUR0000SEGB,2025-03-31,Origin,2025-01-01,0,2025-01-01,Flat level,179.444,178.259,2025-02-12,0.6647630694663453,True
145,CUUR0000SEGB,2025-03-31,Origin,2025-01-01,0,2025-02-01,Flat level,179.444,179.824,2025-03-12,-0.21131773289440048,True
146,CUUR0000SEGB,2025-03-31,Origin,2025-01-01,0,2025-03-01,Flat level,179.444,179.746,2025-04-10,-0.16801486542121769,True
147,CUUR0000SEGB,2025-03-31,Origin,2025-01-01,0,2025-01-01,Recent trend,179.73399999999998,178.259,2025-02-12,0.8274477025002946,True
148,CUUR0000SEGB,2025-03-31,Origin,2025-01-01,0,2025-02-01,Recent trend,179.87899999999996,179.824,2025-03-12,0.030585461339938114,True
149,CUUR0000SEGB,2025-03-31,Origin,2025-01-01,0,2025-03-01,Recent trend,180.02399999999997,179.746,2025-04-10,0.15466269068571403,True
150,CUUR0000SEGB,2025-03-31,Origin,2025-01-01,0,2025-01-01,Seasonal step,180.04635591215572,178.259,2025-02-12,1.0026735885176885,True
151,CUUR0000SEGB,2025-03-31,Origin,2025-01-01,0,2025-02-01,Seasonal step,181.4757233272762,179.824,2025-03-12,0.9185221812862521,True
152,CUUR0000SEGB,2025-03-31,Origin,2025-01-01,0,2025-03-01,Seasonal step,182.95684414773095,179.746,2025-04-10,1.7863230045346956,True
153,CUUR0000SEGB,2025-03-31,One month,2025-02-12,1,2025-02-01,YoY carry,180.15927558964847,179.824,2025-03-12,0.18644651973511728,True
154,CUUR0000SEGB,2025-03-31,One month,2025-02-12,1,2025-03-01,YoY carry,180.55614423606673,179.746,2025-04-10,0.4507161417036887,True
155,CUUR0000SEGB,2025-03-31,One month,2025-02-12,1,2025-02-01,Flat level,178.259,179.824,2025-03-12,-0.8702953999466301,True
156,CUUR0000SEGB,2025-03-31,One month,2025-02-12,1,2025-03-01,Flat level,178.259,179.746,2025-04-10,-0.8272784929845622,True
157,CUUR0000SEGB,2025-03-31,One month,2025-02-12,1,2025-02-01,Recent trend,177.66649999999998,179.824,2025-03-12,-1.1997842334727449,True
158,CUUR0000SEGB,2025-03-31,One month,2025-02-12,1,2025-03-01,Recent trend,177.07399999999998,179.746,2025-04-10,-1.4865421205478957,True
159,CUUR0000SEGB,2025-03-31,One month,2025-02-12,1,2025-02-01,Seasonal step,179.67417780107849,179.824,2025-03-12,-0.08331601950881673,True
160,CUUR0000SEGB,2025-03-31,One month,2025-02-12,1,2025-03-01,Seasonal step,181.14059524116408,179.746,2025-04-10,0.775869972719323,True
161,CUUR0000SEGB,2025-03-31,Two months,2025-03-12,2,2025-03-01,YoY carry,180.42860306043568,179.746,2025-04-10,0.3797598057456941,True
162,CUUR0000SEGB,2025-03-31,Two months,2025-03-12,2,2025-03-01,Flat level,179.824,179.746,2025-04-10,0.04339456789024254,True
163,CUUR0000SEGB,2025-03-31,Two months,2025-03-12,2,2025-03-01,Recent trend,180.96800000000002,179.746,2025-04-10,0.6798482302805109,True
164,CUUR0000SEGB,2025-03-31,Two months,2025-03-12,2,2025-03-01,Seasonal step,181.2916402194972,179.746,2025-04-10,0.8599024287033963,True
165,CUUR0000SEGB,2025-06-30,Origin,2025-04-01,0,2025-04-01,YoY carry,180.00089010202726,180.004,2025-05-13,-0.0017276827030121567,True
166,CUUR0000SEGB,2025-06-30,Origin,2025-04-01,0,2025-05-01,YoY carry,179.54908063891978,179.673,2025-06-11,-0.0689693838697103,True
167,CUUR0000SEGB,2025-06-30,Origin,2025-04-01,0,2025-06-01,YoY carry,179.40048552660883,179.83,2025-07-15,-0.23884472745991925,True
168,CUUR0000SEGB,2025-06-30,Origin,2025-04-01,0,2025-04-01,Flat level,179.824,180.004,2025-05-13,-0.09999777782714325,True
169,CUUR0000SEGB,2025-06-30,Origin,2025-04-01,0,2025-05-01,Flat level,179.824,179.673,2025-06-11,0.08404156439754118,True
170,CUUR0000SEGB,2025-06-30,Origin,2025-04-01,0,2025-06-01,Flat level,179.824,179.83,2025-07-15,-0.0033364844575389796,True
171,CUUR0000SEGB,2025-06-30,Origin,2025-04-01,0,2025-04-01,Recent trend,182.11200000000002,180.004,2025-05-13,1.1710850869980804,True
172,CUUR0000SEGB,2025-06-30,Origin,2025-04-01,0,2025-05-01,Recent trend,183.25600000000003,179.673,2025-06-11,1.9941783128238688,True
173,CUUR0000SEGB,2025-06-30,Origin,2025-04-01,0,2025-06-01,Recent trend,184.40000000000003,179.83,2025-07-15,2.5412889951621054,True
174,CUUR0000SEGB,2025-06-30,Origin,2025-04-01,0,2025-04-01,Seasonal step,181.8893721173865,180.004,2025-05-13,1.0474056784218755,True
175,CUUR0000SEGB,2025-06-30,Origin,2025-04-01,0,2025-05-01,Seasonal step,182.4015550261727,179.673,2025-06-11,1.5186227347307124,True
176,CUUR0000SEGB,2025-06-30,Origin,2025-04-01,0,2025-06-01,Seasonal step,182.77569298156513,179.83,2025-07-15,1.638043141614376,True
177,CUUR0000SEGB,2025-06-30,One month,2025-05-13,1,2025-05-01,YoY carry,179.25453720943648,179.673,2025-06-11,-0.23290243417960488,True
178,CUUR0000SEGB,2025-06-30,One month,2025-05-13,1,2025-06-01,YoY carry,179.10618586174874,179.83,2025-07-15,-0.4024991037375747,True
179,CUUR0000SEGB,2025-06-30,One month,2025-05-13,1,2025-05-01,Flat level,180.004,179.673,2025-06-11,0.18422356169263132,True
180,CUUR0000SEGB,2025-06-30,One month,2025-05-13,1,2025-06-01,Flat level,180.004,179.83,2025-07-15,0.09675804926874143,True
181,CUUR0000SEGB,2025-06-30,One month,2025-05-13,1,2025-05-01,Recent trend,180.094,179.673,2025-06-11,0.2343145603401764,True
182,CUUR0000SEGB,2025-06-30,One month,2025-05-13,1,2025-06-01,Recent trend,180.18399999999997,179.83,2025-07-15,0.19685258299502184,True
183,CUUR0000SEGB,2025-06-30,One month,2025-05-13,1,2025-05-01,Seasonal step,180.51087388295372,179.673,2025-06-11,0.466332661531621,True
184,CUUR0000SEGB,2025-06-30,One month,2025-05-13,1,2025-06-01,Seasonal step,180.88113371583165,179.83,2025-07-15,0.5845152176119806,True
185,CUUR0000SEGB,2025-06-30,Two months,2025-06-11,2,2025-06-01,YoY carry,179.21655315176739,179.83,2025-07-15,-0.34112597910950226,True
186,CUUR0000SEGB,2025-06-30,Two months,2025-06-11,2,2025-06-01,Flat level,179.673,179.83,2025-07-15,-0.08730467663905506,True
187,CUUR0000SEGB,2025-06-30,Two months,2025-06-11,2,2025-06-01,Recent trend,179.6365,179.83,2025-07-15,-0.10760162375577087,True
188,CUUR0000SEGB,2025-06-30,Two months,2025-06-11,2,2025-06-01,Seasonal step,180.04154120486845,179.83,2025-07-15,0.11763399036224254,True
189,CUUR0000SEGB,2025-09-30,Origin,2025-07-01,0,2025-07-01,YoY carry,179.614740834921,179.777,2025-08-12,-0.09025579750411294,True
190,CUUR0000SEGB,2025-09-30,Origin,2025-07-01,0,2025-08-01,YoY carry,178.98586507336609,180.503,2025-09-11,-0.840503995298636,True
191,CUUR0000SEGB,2025-09-30,Origin,2025-07-01,0,2025-09-01,YoY carry,179.68996520831274,181.816,2025-10-24,-1.169333167426001,True
192,CUUR0000SEGB,2025-09-30,Origin,2025-07-01,0,2025-07-01,Flat level,179.673,179.777,2025-08-12,-0.057849446814661754,True
193,CUUR0000SEGB,2025-09-30,Origin,2025-07-01,0,2025-08-01,Flat level,179.673,180.503,2025-09-11,-0.4598261524739078,True
194,CUUR0000SEGB,2025-09-30,Origin,2025-07-01,0,2025-09-01,Flat level,179.673,181.816,2025-10-24,-1.178664143969732,True
195,CUUR0000SEGB,2025-09-30,Origin,2025-07-01,0,2025-07-01,Recent trend,179.6,179.777,2025-08-12,-0.09845530852110596,True
196,CUUR0000SEGB,2025-09-30,Origin,2025-07-01,0,2025-08-01,Recent trend,179.56349999999998,180.503,2025-09-11,-0.5204899641557237,True
197,CUUR0000SEGB,2025-09-30,Origin,2025-07-01,0,2025-09-01,Recent trend,179.527,181.816,2025-10-24,-1.2589651075813002,True
198,CUUR0000SEGB,2025-09-30,Origin,2025-07-01,0,2025-07-01,Seasonal step,180.8610872543687,179.777,2025-08-12,0.6030177688851834,True
199,CUUR0000SEGB,2025-09-30,Origin,2025-07-01,0,2025-08-01,Seasonal step,181.35892330182907,180.503,2025-09-11,0.47418785384678586,True
200,CUUR0000SEGB,2025-09-30,Origin,2025-07-01,0,2025-09-01,Seasonal step,182.07235864667183,181.816,2025-10-24,0.14099894765686738,True
201,CUUR0000SEGB,2025-09-30,One month,2025-08-12,1,2025-08-01,YoY carry,179.3464321792074,180.503,2025-09-11,-0.6407471459159098,True
202,CUUR0000SEGB,2025-09-30,One month,2025-08-12,1,2025-09-01,YoY carry,180.05195072419318,181.816,2025-10-24,-0.9702387445586935,True
203,CUUR0000SEGB,2025-09-30,One month,2025-08-12,1,2025-08-01,Flat level,179.777,180.503,2025-09-11,-0.40220938156152464,True
204,CUUR0000SEGB,2025-09-30,One month,2025-08-12,1,2025-09-01,Flat level,179.777,181.816,2025-10-24,-1.1214634575615001,True
205,CUUR0000SEGB,2025-09-30,One month,2025-08-12,1,2025-08-01,Recent trend,179.82899999999998,180.503,2025-09-11,-0.37340099610533306,True
206,CUUR0000SEGB,2025-09-30,One month,2025-08-12,1,2025-09-01,Recent trend,179.88099999999997,181.816,2025-10-24,-1.0642627711532682,True
207,CUUR0000SEGB,2025-09-30,One month,2025-08-12,1,2025-08-01,Seasonal step,180.27185200195885,180.503,2025-09-11,-0.12805770432687824,True
208,CUUR0000SEGB,2025-09-30,One month,2025-08-12,1,2025-09-01,Seasonal step,180.98101099208154,181.816,2025-10-24,-0.45924946534874334,True
209,CUUR0000SEGB,2025-09-30,Two months,2025-09-11,2,2025-09-01,YoY carry,180.45679771074015,181.816,2025-10-24,-0.747570229935679,True
210,CUUR0000SEGB,2025-09-30,Two months,2025-09-11,2,2025-09-01,Flat level,180.503,181.816,2025-10-24,-0.7221586659040047,True
211,CUUR0000SEGB,2025-09-30,Two months,2025-09-11,2,2025-09-01,Recent trend,180.8395,181.816,2025-10-24,-0.5370814449773498,True
212,CUUR0000SEGB,2025-09-30,Two months,2025-09-11,2,2025-09-01,Seasonal step,181.21306828727052,181.816,2025-10-24,-0.3316164213982731,True
213,CUUR0000SEGB,2025-09-30,Pre-earnings,2025-10-23,2,2025-09-01,YoY carry,180.45679771074015,181.816,2025-10-24,-0.747570229935679,True
214,CUUR0000SEGB,2025-09-30,Pre-earnings,2025-10-23,2,2025-09-01,Flat level,180.503,181.816,2025-10-24,-0.7221586659040047,True
215,CUUR0000SEGB,2025-09-30,Pre-earnings,2025-10-23,2,2025-09-01,Recent trend,180.8395,181.816,2025-10-24,-0.5370814449773498,True
216,CUUR0000SEGB,2025-09-30,Pre-earnings,2025-10-23,2,2025-09-01,Seasonal step,181.21306828727052,181.816,2025-10-24,-0.3316164213982731,True
217,CUUR0000SEGB,2025-12-31,Origin,2025-10-01,0,2025-10-01,YoY carry,180.94028824347262,,,,True
218,CUUR0000SEGB,2025-12-31,Origin,2025-10-01,0,2025-11-01,YoY carry,180.74890657426602,180.752,2025-12-18,-0.00171141992010293,True
219,CUUR0000SEGB,2025-12-31,Origin,2025-10-01,0,2025-12-01,YoY carry,178.82703170665442,180.246,2026-01-13,-0.7872398240990619,True
220,CUUR0000SEGB,2025-12-31,Origin,2025-10-01,0,2025-10-01,Flat level,180.503,,,,True
221,CUUR0000SEGB,2025-12-31,Origin,2025-10-01,0,2025-11-01,Flat level,180.503,180.752,2025-12-18,-0.1377578118084588,True
222,CUUR0000SEGB,2025-12-31,Origin,2025-10-01,0,2025-12-01,Flat level,180.503,180.246,2026-01-13,0.1425829144613422,True
223,CUUR0000SEGB,2025-12-31,Origin,2025-10-01,0,2025-10-01,Recent trend,181.17599999999996,,,,True
224,CUUR0000SEGB,2025-12-31,Origin,2025-10-01,0,2025-11-01,Recent trend,181.51249999999993,180.752,2025-12-18,0.4207422324510546,True
225,CUUR0000SEGB,2025-12-31,Origin,2025-10-01,0,2025-12-01,Recent trend,181.84899999999993,180.246,2026-01-13,0.88934012405264,True
226,CUUR0000SEGB,2025-12-31,Origin,2025-10-01,0,2025-10-01,Seasonal step,181.92954428530436,,,,True
227,CUUR0000SEGB,2025-12-31,Origin,2025-10-01,0,2025-11-01,Seasonal step,181.7371162738243,180.752,2025-12-18,0.5450098885900534,True
228,CUUR0000SEGB,2025-12-31,Origin,2025-10-01,0,2025-12-01,Seasonal step,179.80473392696146,180.246,2026-01-13,-0.2448132402597225,True
229,CUUR0000SEGB,2026-03-31,One month,2026-02-13,1,2026-02-01,YoY carry,182.29833353079817,182.953,2026-03-11,-0.3578331425020842,True
230,CUUR0000SEGB,2026-03-31,One month,2026-02-13,1,2026-03-01,YoY carry,182.2192602701911,183.762,2026-04-10,-0.8395314209732607,True
231,CUUR0000SEGB,2026-03-31,One month,2026-02-13,1,2026-02-01,Flat level,181.597,182.953,2026-03-11,-0.7411739627117275,True
232,CUUR0000SEGB,2026-03-31,One month,2026-02-13,1,2026-03-01,Flat level,181.597,183.762,2026-04-10,-1.178154351824634,True
233,CUUR0000SEGB,2026-03-31,One month,2026-02-13,1,2026-02-01,Recent trend,182.0195,182.953,2026-03-11,-0.5102403349494189,True
234,CUUR0000SEGB,2026-03-31,One month,2026-02-13,1,2026-03-01,Recent trend,182.442,183.762,2026-04-10,-0.718320436216402,True
235,CUUR0000SEGB,2026-03-31,One month,2026-02-13,1,2026-02-01,Seasonal step,183.1913055049114,182.953,2026-03-11,0.13025504086372486,True
236,CUUR0000SEGB,2026-03-31,One month,2026-02-13,1,2026-03-01,Seasonal step,183.59485333897868,183.762,2026-04-10,-0.09095822913405271,True
237,CUUR0000SEGB,2026-03-31,Two months,2026-03-11,2,2026-03-01,YoY carry,182.82507408350017,183.762,2026-04-10,-0.5098583583656224,True
238,CUUR0000SEGB,2026-03-31,Two months,2026-03-11,2,2026-03-01,Flat level,182.953,183.762,2026-04-10,-0.44024335825687544,True
239,CUUR0000SEGB,2026-03-31,Two months,2026-03-11,2,2026-03-01,Recent trend,184.3065,183.762,2026-04-10,0.29630717993927025,True
240,CUUR0000SEGB,2026-03-31,Two months,2026-03-11,2,2026-03-01,Seasonal step,183.35602287645486,183.762,2026-04-10,-0.2209255033930546,True
241,CUUR0000SEGB02,2023-06-30,Origin,2023-04-01,0,2023-04-01,YoY carry,188.759776135522,188.647,2023-07-01,0.059781568496730664,False
242,CUUR0000SEGB02,2023-06-30,Origin,2023-04-01,0,2023-05-01,YoY carry,189.4108387521353,189.549,2023-07-01,-0.07288946281156505,False
243,CUUR0000SEGB02,2023-06-30,Origin,2023-04-01,0,2023-06-01,YoY carry,189.78317504661206,189.937,2023-07-27,-0.08098735548521807,False
244,CUUR0000SEGB02,2023-06-30,Origin,2023-04-01,0,2023-04-01,Flat level,187.494,188.647,2023-07-01,-0.6111944531320357,False
245,CUUR0000SEGB02,2023-06-30,Origin,2023-04-01,0,2023-05-01,Flat level,187.494,189.549,2023-07-01,-1.0841523827611943,False
246,CUUR0000SEGB02,2023-06-30,Origin,2023-04-01,0,2023-06-01,Flat level,187.494,189.937,2023-07-27,-1.2862159558169384,False
247,CUUR0000SEGB02,2023-06-30,Origin,2023-04-01,0,2023-04-01,Recent trend,189.919,188.647,2023-07-01,0.6742752336374336,False
248,CUUR0000SEGB02,2023-06-30,Origin,2023-04-01,0,2023-05-01,Recent trend,191.13150000000002,189.549,2023-07-01,0.8348764699365407,False
249,CUUR0000SEGB02,2023-06-30,Origin,2023-04-01,0,2023-06-01,Recent trend,192.34400000000002,189.937,2023-07-27,1.26726230276355,False
250,CUUR0000SEGB02,2023-06-30,Origin,2023-04-01,0,2023-04-01,Seasonal step,187.0484742062289,188.647,2023-07-01,-0.847363485118291,False
251,CUUR0000SEGB02,2023-06-30,Origin,2023-04-01,0,2023-05-01,Seasonal step,185.60439176098933,189.549,2023-07-01,-2.081049353470965,False
252,CUUR0000SEGB02,2023-06-30,Origin,2023-04-01,0,2023-06-01,Seasonal step,185.44817839359277,189.937,2023-07-27,-2.3633213151767363,False
253,CUUR0000SEGB02,2023-06-30,Two months,2023-07-01,2,2023-06-01,YoY carry,189.17862196397905,189.937,2023-07-27,-0.3992787271679288,False
254,CUUR0000SEGB02,2023-06-30,Two months,2023-07-01,2,2023-06-01,Flat level,189.549,189.937,2023-07-27,-0.20427826068644128,False
255,CUUR0000SEGB02,2023-06-30,Two months,2023-07-01,2,2023-06-01,Recent trend,190.24450000000002,189.937,2023-07-27,0.16189578649763448,False
256,CUUR0000SEGB02,2023-06-30,Two months,2023-07-01,2,2023-06-01,Seasonal step,189.3894666651704,189.937,2023-07-27,-0.288271023986697,False
257,CUUR0000SEGB02,2023-09-30,Origin,2023-07-01,0,2023-07-01,YoY carry,190.62443030532992,190.996,2023-10-01,-0.19454318135986304,False
258,CUUR0000SEGB02,2023-09-30,Origin,2023-07-01,0,2023-08-01,YoY carry,195.05621555470637,190.978,2023-10-01,2.135437356505121,False
259,CUUR0000SEGB02,2023-09-30,Origin,2023-07-01,0,2023-09-01,YoY carry,195.8551321291149,192.057,2023-10-17,1.9776067152537546,False
260,CUUR0000SEGB02,2023-09-30,Origin,2023-07-01,0,2023-07-01,Flat level,189.549,190.996,2023-10-01,-0.7576074891620821,False
261,CUUR0000SEGB02,2023-09-30,Origin,2023-07-01,0,2023-08-01,Flat level,189.549,190.978,2023-10-01,-0.7482537255600108,False
262,CUUR0000SEGB02,2023-09-30,Origin,2023-07-01,0,2023-09-01,Flat level,189.549,192.057,2023-10-17,-1.305862322123108,False
263,CUUR0000SEGB02,2023-09-30,Origin,2023-07-01,0,2023-07-01,Recent trend,190.94000000000003,190.996,2023-10-01,-0.029319985758857747,False
264,CUUR0000SEGB02,2023-09-30,Origin,2023-07-01,0,2023-08-01,Recent trend,191.63550000000004,190.978,2023-10-01,0.34428049304109365,False
265,CUUR0000SEGB02,2023-09-30,Origin,2023-07-01,0,2023-09-01,Recent trend,192.33100000000005,192.057,2023-10-17,0.14266597937073744,False
266,CUUR0000SEGB02,2023-09-30,Origin,2023-07-01,0,2023-07-01,Seasonal step,190.39571695603934,190.996,2023-10-01,-0.31429089821811695,False
267,CUUR0000SEGB02,2023-09-30,Origin,2023-07-01,0,2023-08-01,Seasonal step,192.93386549230488,190.978,2023-10-01,1.0241313095251003,False
268,CUUR0000SEGB02,2023-09-30,Origin,2023-07-01,0,2023-09-01,Seasonal step,193.11107126495176,192.057,2023-10-17,0.5488325158425678,False
269,CUUR0000SEGB02,2023-09-30,Two months,2023-10-01,2,2023-09-01,YoY carry,194.8791284854796,192.057,2023-10-17,1.4694223514267302,False
270,CUUR0000SEGB02,2023-09-30,Two months,2023-10-01,2,2023-09-01,Flat level,190.978,192.057,2023-10-17,-0.561812378616755,False
271,CUUR0000SEGB02,2023-09-30,Two months,2023-10-01,2,2023-09-01,Recent trend,191.4985,192.057,2023-10-17,-0.2907990856880982,False
272,CUUR0000SEGB02,2023-09-30,Two months,2023-10-01,2,2023-09-01,Seasonal step,191.1534093505679,192.057,2023-10-17,-0.4704804560271669,False
273,CUUR0000SEGB02,2023-12-31,Origin,2023-10-01,0,2023-10-01,YoY carry,194.88538781885353,193.472,2024-01-01,0.7305386923448953,False
274,CUUR0000SEGB02,2023-12-31,Origin,2023-10-01,0,2023-11-01,YoY carry,194.58598303913493,191.709,2024-01-01,1.500703169457318,False
275,CUUR0000SEGB02,2023-12-31,Origin,2023-10-01,0,2023-12-01,YoY carry,193.06809469596223,187.349,2024-01-22,3.052642232391012,False
276,CUUR0000SEGB02,2023-12-31,Origin,2023-10-01,0,2023-10-01,Flat level,190.978,193.472,2024-01-01,-1.2890754217664613,False
277,CUUR0000SEGB02,2023-12-31,Origin,2023-10-01,0,2023-11-01,Flat level,190.978,191.709,2024-01-01,-0.38130708521769696,False
278,CUUR0000SEGB02,2023-12-31,Origin,2023-10-01,0,2023-12-01,Flat level,190.978,187.349,2024-01-22,1.9370266187703322,False
279,CUUR0000SEGB02,2023-12-31,Origin,2023-10-01,0,2023-10-01,Recent trend,192.019,193.472,2024-01-01,-0.751013066490247,False
280,CUUR0000SEGB02,2023-12-31,Origin,2023-10-01,0,2023-11-01,Recent trend,192.5395,191.709,2024-01-01,0.43320866521654455,False
281,CUUR0000SEGB02,2023-12-31,Origin,2023-10-01,0,2023-12-01,Recent trend,193.06,187.349,2024-01-22,3.0483215816470954,False
282,CUUR0000SEGB02,2023-12-31,Origin,2023-10-01,0,2023-10-01,Seasonal step,191.15954901736535,193.472,2024-01-01,-1.1952380616495728,False
283,CUUR0000SEGB02,2023-12-31,Origin,2023-10-01,0,2023-11-01,Seasonal step,190.86586828888585,191.709,2024-01-01,-0.439797667879005,False
284,CUUR0000SEGB02,2023-12-31,Origin,2023-10-01,0,2023-12-01,Seasonal step,190.07319115843836,187.349,2024-01-22,1.4540729645946104,False
285,CUUR0000SEGB02,2023-12-31,Two months,2024-01-01,2,2023-12-01,YoY carry,190.7178776858509,187.349,2024-01-22,1.7981829024179108,False
286,CUUR0000SEGB02,2023-12-31,Two months,2024-01-01,2,2023-12-01,Flat level,191.709,187.349,2024-01-22,2.3272075111156365,False
287,CUUR0000SEGB02,2023-12-31,Two months,2024-01-01,2,2023-12-01,Recent trend,191.53500000000003,187.349,2024-01-22,2.2343327159472626,False
288,CUUR0000SEGB02,2023-12-31,Two months,2024-01-01,2,2023-12-01,Seasonal step,190.91282129417215,187.349,2024-01-22,1.9022366247869682,False
289,CUUR0000SEGB02,2024-03-31,Origin,2024-01-01,0,2024-01-01,YoY carry,192.64083377121258,187.892,2024-04-01,2.5274273365617494,False
290,CUUR0000SEGB02,2024-03-31,Origin,2024-01-01,0,2024-02-01,YoY carry,193.21689617834934,191.222,2024-04-01,1.0432357042334806,False
291,CUUR0000SEGB02,2024-03-31,Origin,2024-01-01,0,2024-03-01,YoY carry,193.90116350990354,191.607,2024-04-18,1.1973276080224249,False
292,CUUR0000SEGB02,2024-03-31,Origin,2024-01-01,0,2024-01-01,Flat level,191.709,187.892,2024-04-01,2.031486172907848,False
293,CUUR0000SEGB02,2024-03-31,Origin,2024-01-01,0,2024-02-01,Flat level,191.709,191.222,2024-04-01,0.25467780903871695,False
294,CUUR0000SEGB02,2024-03-31,Origin,2024-01-01,0,2024-03-01,Flat level,191.709,191.607,2024-04-18,0.05323396326857299,False
295,CUUR0000SEGB02,2024-03-31,Origin,2024-01-01,0,2024-01-01,Recent trend,191.36100000000002,187.892,2024-04-01,1.8462733910970197,False
296,CUUR0000SEGB02,2024-03-31,Origin,2024-01-01,0,2024-02-01,Recent trend,191.187,191.222,2024-04-01,-0.018303333298463897,False
297,CUUR0000SEGB02,2024-03-31,Origin,2024-01-01,0,2024-03-01,Recent trend,191.01300000000003,191.607,2024-04-18,-0.31000955079927284,False
298,CUUR0000SEGB02,2024-03-31,Origin,2024-01-01,0,2024-01-01,Seasonal step,192.40974067794744,187.892,2024-04-01,2.404434823168322,False
299,CUUR0000SEGB02,2024-03-31,Origin,2024-01-01,0,2024-02-01,Seasonal step,192.99247000948856,191.222,2024-04-01,0.9258715051032596,False
300,CUUR0000SEGB02,2024-03-31,Origin,2024-01-01,0,2024-03-01,Seasonal step,193.67594254773672,191.607,2024-04-18,1.079784427362629,False
301,CUUR0000SEGB02,2024-03-31,Two months,2024-04-01,2,2024-03-01,YoY carry,190.4988397386383,191.607,2024-04-18,-0.5783506142060024,False
302,CUUR0000SEGB02,2024-03-31,Two months,2024-04-01,2,2024-03-01,Flat level,191.222,191.607,2024-04-18,-0.2009321162588007,False
303,CUUR0000SEGB02,2024-03-31,Two months,2024-04-01,2,2024-03-01,Recent trend,193.1585,191.607,2024-04-18,0.8097303334429373,False
304,CUUR0000SEGB02,2024-03-31,Two months,2024-04-01,2,2024-03-01,Seasonal step,191.8992025131471,191.607,2024-04-18,0.15250095933190266,False
305,CUUR0000SEGB02,2024-06-30,Origin,2024-04-01,0,2024-04-01,YoY carry,190.99392329943402,190.319,2024-07-01,0.3546273884551976,False
306,CUUR0000SEGB02,2024-06-30,Origin,2024-04-01,0,2024-05-01,YoY carry,191.90714491873405,189.984,2024-07-01,1.0122667796941043,False
307,CUUR0000SEGB02,2024-06-30,Origin,2024-04-01,0,2024-06-01,YoY carry,192.29997195674778,190.421,2024-07-29,0.9867461870002758,False
308,CUUR0000SEGB02,2024-06-30,Origin,2024-04-01,0,2024-04-01,Flat level,191.222,190.319,2024-07-01,0.4744665535233006,False
309,CUUR0000SEGB02,2024-06-30,Origin,2024-04-01,0,2024-05-01,Flat level,191.222,189.984,2024-07-01,0.6516338217955164,False
310,CUUR0000SEGB02,2024-06-30,Origin,2024-04-01,0,2024-06-01,Flat level,191.222,190.421,2024-07-29,0.4206468824341947,False
311,CUUR0000SEGB02,2024-06-30,Origin,2024-04-01,0,2024-04-01,Recent trend,195.09500000000003,190.319,2024-07-01,2.5094709408939986,False
312,CUUR0000SEGB02,2024-06-30,Origin,2024-04-01,0,2024-05-01,Recent trend,197.03150000000005,189.984,2024-07-01,3.7095229071921976,False
313,CUUR0000SEGB02,2024-06-30,Origin,2024-04-01,0,2024-06-01,Recent trend,198.96800000000005,190.421,2024-07-29,4.488475535786529,False
314,CUUR0000SEGB02,2024-06-30,Origin,2024-04-01,0,2024-04-01,Seasonal step,192.2009006471605,190.319,2024-07-01,0.9888138583959094,False
315,CUUR0000SEGB02,2024-06-30,Origin,2024-04-01,0,2024-05-01,Seasonal step,192.863832251831,189.984,2024-07-01,1.5158288339181203,False
316,CUUR0000SEGB02,2024-06-30,Origin,2024-04-01,0,2024-06-01,Seasonal step,193.24295630361354,190.421,2024-07-29,1.481956456280309,False
317,CUUR0000SEGB02,2024-06-30,Two months,2024-07-01,2,2024-06-01,YoY carry,191.8039778403812,190.421,2024-07-29,0.7262738040348493,False
318,CUUR0000SEGB02,2024-06-30,Two months,2024-07-01,2,2024-06-01,Flat level,189.984,190.421,2024-07-29,-0.22949149516071632,False
319,CUUR0000SEGB02,2024-06-30,Two months,2024-07-01,2,2024-06-01,Recent trend,189.1725,190.421,2024-07-29,-0.6556524753047133,False
320,CUUR0000SEGB02,2024-06-30,Two months,2024-07-01,2,2024-06-01,Seasonal step,190.3574629920648,190.421,2024-07-29,-0.033366597137496345,False
321,CUUR0000SEGB02,2024-09-30,Origin,2024-07-01,0,2024-07-01,YoY carry,192.87338723682825,189.982,2024-10-01,1.5219269387774848,True
322,CUUR0000SEGB02,2024-09-30,Origin,2024-07-01,0,2024-08-01,YoY carry,192.85521030657702,190.812,2024-10-01,1.0707975947933157,True
323,CUUR0000SEGB02,2024-09-30,Origin,2024-07-01,0,2024-09-01,YoY carry,193.9448162921921,191.105,2024-10-17,1.4859979028241543,True
324,CUUR0000SEGB02,2024-09-30,Origin,2024-07-01,0,2024-07-01,Flat level,189.984,189.982,2024-10-01,0.001052731311390609,True
325,CUUR0000SEGB02,2024-09-30,Origin,2024-07-01,0,2024-08-01,Flat level,189.984,190.812,2024-10-01,-0.4339349726432351,True
326,CUUR0000SEGB02,2024-09-30,Origin,2024-07-01,0,2024-09-01,Flat level,189.984,191.105,2024-10-17,-0.5865885246330471,True
327,CUUR0000SEGB02,2024-09-30,Origin,2024-07-01,0,2024-07-01,Recent trend,188.36100000000002,189.982,2024-10-01,-0.8532387278794684,True
328,CUUR0000SEGB02,2024-09-30,Origin,2024-07-01,0,2024-08-01,Recent trend,187.54950000000002,190.812,2024-10-01,-1.7097981259040274,True
329,CUUR0000SEGB02,2024-09-30,Origin,2024-07-01,0,2024-09-01,Recent trend,186.73800000000003,191.105,2024-10-17,-2.285131210591018,True
330,CUUR0000SEGB02,2024-09-30,Origin,2024-07-01,0,2024-07-01,Seasonal step,191.41880729732702,189.982,2024-10-01,0.7562860151630213,True
331,CUUR0000SEGB02,2024-09-30,Origin,2024-07-01,0,2024-08-01,Seasonal step,193.9705945608377,190.812,2024-10-01,1.6553437733673348,True
332,CUUR0000SEGB02,2024-09-30,Origin,2024-07-01,0,2024-09-01,Seasonal step,194.76506461913257,191.105,2024-10-17,1.915211333629463,True
333,CUUR0000SEGB02,2024-09-30,Two months,2024-10-01,2,2024-09-01,YoY carry,191.82461049107664,191.105,2024-10-17,0.37655241415799345,True
334,CUUR0000SEGB02,2024-09-30,Two months,2024-10-01,2,2024-09-01,Flat level,190.812,191.105,2024-10-17,-0.15331885612620555,True
335,CUUR0000SEGB02,2024-09-30,Two months,2024-10-01,2,2024-09-01,Recent trend,191.00750000000002,191.105,2024-10-17,-0.05101907328430855,True
336,CUUR0000SEGB02,2024-09-30,Two months,2024-10-01,2,2024-09-01,Seasonal step,191.59353300043537,191.105,2024-10-17,0.255635907189955,True
337,CUUR0000SEGB02,2024-12-31,Origin,2024-10-01,0,2024-10-01,YoY carry,193.2378983371061,191.813,2025-01-01,0.742858063377394,True
338,CUUR0000SEGB02,2024-12-31,Origin,2024-10-01,0,2024-11-01,YoY carry,191.47703157205316,189.988,2025-01-01,0.7837503274170876,True
339,CUUR0000SEGB02,2024-12-31,Origin,2024-10-01,0,2024-12-01,YoY carry,187.1223071842876,187.819,2025-01-21,-0.3709384118286252,True
340,CUUR0000SEGB02,2024-12-31,Origin,2024-10-01,0,2024-10-01,Flat level,190.812,191.813,2025-01-01,-0.5218624389379145,True
341,CUUR0000SEGB02,2024-12-31,Origin,2024-10-01,0,2024-11-01,Flat level,190.812,189.988,2025-01-01,0.43371160283807164,True
342,CUUR0000SEGB02,2024-12-31,Origin,2024-10-01,0,2024-12-01,Flat level,190.812,187.819,2025-01-21,1.5935554975801347,True
343,CUUR0000SEGB02,2024-12-31,Origin,2024-10-01,0,2024-10-01,Recent trend,191.20300000000003,191.813,2025-01-01,-0.3180180696824242,True
344,CUUR0000SEGB02,2024-12-31,Origin,2024-10-01,0,2024-11-01,Recent trend,191.39850000000004,189.988,2025-01-01,0.7424153104406805,True
345,CUUR0000SEGB02,2024-12-31,Origin,2024-10-01,0,2024-12-01,Recent trend,191.59400000000005,187.819,2025-01-21,2.0099137999883165,True
346,CUUR0000SEGB02,2024-12-31,Origin,2024-10-01,0,2024-10-01,Seasonal step,191.59968680358838,191.813,2025-01-01,-0.11120893600100601,True
347,CUUR0000SEGB02,2024-12-31,Origin,2024-10-01,0,2024-11-01,Seasonal step,190.16947754249907,189.988,2025-01-01,0.09552052892765062,True
348,CUUR0000SEGB02,2024-12-31,Origin,2024-10-01,0,2024-12-01,Seasonal step,188.6860406130726,187.819,2025-01-21,0.4616362631430393,True
349,CUUR0000SEGB02,2024-12-31,Two months,2025-01-01,2,2024-12-01,YoY carry,185.94332709501836,187.819,2025-01-21,-0.9986598294004501,True
350,CUUR0000SEGB02,2024-12-31,Two months,2025-01-01,2,2024-12-01,Flat level,189.988,187.819,2025-01-21,1.1548352403111473,True
351,CUUR0000SEGB02,2024-12-31,Two months,2025-01-01,2,2024-12-01,Recent trend,189.42950000000002,187.819,2025-01-21,0.8574744834122461,True
352,CUUR0000SEGB02,2024-12-31,Two months,2025-01-01,2,2024-12-01,Seasonal step,188.5059787051532,187.819,2025-01-21,0.36576635226106546,True
353,CUUR0000SEGB02,2025-03-31,Origin,2025-01-01,0,2025-01-01,YoY carry,186.48225298526916,189.029,2025-04-01,-1.3472784677117433,True
354,CUUR0000SEGB02,2025-03-31,Origin,2025-01-01,0,2025-02-01,YoY carry,189.7872681133265,189.627,2025-04-01,0.08451755990785959,True
355,CUUR0000SEGB02,2025-03-31,Origin,2025-01-01,0,2025-03-01,YoY carry,190.16937947197576,189.666,2025-04-23,0.2654031149366576,True
356,CUUR0000SEGB02,2025-03-31,Origin,2025-01-01,0,2025-01-01,Flat level,189.988,189.029,2025-04-01,0.5073295631887298,True
357,CUUR0000SEGB02,2025-03-31,Origin,2025-01-01,0,2025-02-01,Flat level,189.988,189.627,2025-04-01,0.19037373369825694,True
358,CUUR0000SEGB02,2025-03-31,Origin,2025-01-01,0,2025-03-01,Flat level,189.988,189.666,2025-04-23,0.16977212573683342,True
359,CUUR0000SEGB02,2025-03-31,Origin,2025-01-01,0,2025-01-01,Recent trend,188.871,189.029,2025-04-01,-0.08358505837727792,True
360,CUUR0000SEGB02,2025-03-31,Origin,2025-01-01,0,2025-02-01,Recent trend,188.3125,189.627,2025-04-01,-0.6932029721505972,True
361,CUUR0000SEGB02,2025-03-31,Origin,2025-01-01,0,2025-03-01,Recent trend,187.75400000000002,189.666,2025-04-23,-1.0080879018906752,True
362,CUUR0000SEGB02,2025-03-31,Origin,2025-01-01,0,2025-01-01,Seasonal step,189.11991759507654,189.029,2025-04-01,0.04809716767086858,True
363,CUUR0000SEGB02,2025-03-31,Origin,2025-01-01,0,2025-02-01,Seasonal step,191.33822640640233,189.627,2025-04-01,0.9024170642378593,True
364,CUUR0000SEGB02,2025-03-31,Origin,2025-01-01,0,2025-03-01,Seasonal step,192.01584052916812,189.666,2025-04-23,1.2389360924826454,True
365,CUUR0000SEGB02,2025-03-31,Two months,2025-04-01,2,2025-03-01,YoY carry,191.62098380987513,189.666,2025-04-23,1.0307507987067366,True
366,CUUR0000SEGB02,2025-03-31,Two months,2025-04-01,2,2025-03-01,Flat level,189.627,189.666,2025-04-23,-0.02056246243395954,True
367,CUUR0000SEGB02,2025-03-31,Two months,2025-04-01,2,2025-03-01,Recent trend,190.531,189.666,2025-04-23,0.4560648719327709,True
368,CUUR0000SEGB02,2025-03-31,Two months,2025-04-01,2,2025-03-01,Seasonal step,190.298553905725,189.666,2025-04-23,0.33350938266478725,True
369,CUUR0000SEGB02,2025-06-30,Origin,2025-04-01,0,2025-04-01,YoY carry,190.33288980941,190.631,2025-07-01,-0.15638075160387954,True
370,CUUR0000SEGB02,2025-06-30,Origin,2025-04-01,0,2025-05-01,YoY carry,189.9978653605313,189.399,2025-07-01,0.31619246169796167,True
371,CUUR0000SEGB02,2025-06-30,Origin,2025-04-01,0,2025-06-01,YoY carry,190.43489725354624,191.072,2025-07-28,-0.33343595422341554,True
372,CUUR0000SEGB02,2025-06-30,Origin,2025-04-01,0,2025-04-01,Flat level,189.627,190.631,2025-07-01,-0.5266719473747683,True
373,CUUR0000SEGB02,2025-06-30,Origin,2025-04-01,0,2025-05-01,Flat level,189.627,189.399,2025-07-01,0.12038078342546665,True
374,CUUR0000SEGB02,2025-06-30,Origin,2025-04-01,0,2025-06-01,Flat level,189.627,191.072,2025-07-28,-0.7562594205325679,True
375,CUUR0000SEGB02,2025-06-30,Origin,2025-04-01,0,2025-04-01,Recent trend,191.43500000000003,190.631,2025-07-01,0.4217572168220496,True
376,CUUR0000SEGB02,2025-06-30,Origin,2025-04-01,0,2025-05-01,Recent trend,192.33900000000006,189.399,2025-07-01,1.5522785231179004,True
377,CUUR0000SEGB02,2025-06-30,Origin,2025-04-01,0,2025-06-01,Recent trend,193.24300000000005,191.072,2025-07-28,1.136220901021634,True
378,CUUR0000SEGB02,2025-06-30,Origin,2025-04-01,0,2025-04-01,Seasonal step,189.05758172593875,190.631,2025-07-01,-0.8253737713494913,True
379,CUUR0000SEGB02,2025-06-30,Origin,2025-04-01,0,2025-05-01,Seasonal step,189.7096715215989,189.399,2025-07-01,0.1640301805177824,True
380,CUUR0000SEGB02,2025-06-30,Origin,2025-04-01,0,2025-06-01,Seasonal step,190.098000410437,191.072,2025-07-28,-0.5097552700358943,True
381,CUUR0000SEGB02,2025-06-30,Two months,2025-07-01,2,2025-06-01,YoY carry,189.6866119704068,191.072,2025-07-28,-0.7250607255867902,True
382,CUUR0000SEGB02,2025-06-30,Two months,2025-07-01,2,2025-06-01,Flat level,189.399,191.072,2025-07-28,-0.8755861664712761,True
383,CUUR0000SEGB02,2025-06-30,Two months,2025-07-01,2,2025-06-01,Recent trend,189.2655,191.072,2025-07-28,-0.9454551163959102,True
384,CUUR0000SEGB02,2025-06-30,Two months,2025-07-01,2,2025-06-01,Seasonal step,189.78669295538356,191.072,2025-07-28,-0.6726820489744378,True
385,CUUR0000SEGB02,2025-09-30,Origin,2025-07-01,0,2025-07-01,YoY carry,189.24930504178545,190.717,2025-10-01,-0.7695669280738282,True
386,CUUR0000SEGB02,2025-09-30,Origin,2025-07-01,0,2025-08-01,YoY carry,190.07610401845,191.367,2025-10-01,-0.674565615571121,True
387,CUUR0000SEGB02,2025-09-30,Origin,2025-07-01,0,2025-09-01,YoY carry,190.367974018646,192.368,2025-10-24,-1.0396874643152643,True
388,CUUR0000SEGB02,2025-09-30,Origin,2025-07-01,0,2025-07-01,Flat level,189.399,190.717,2025-10-01,-0.6910763067791592,True
389,CUUR0000SEGB02,2025-09-30,Origin,2025-07-01,0,2025-08-01,Flat level,189.399,191.367,2025-10-01,-1.028390474846752,True
390,CUUR0000SEGB02,2025-09-30,Origin,2025-07-01,0,2025-09-01,Flat level,189.399,192.368,2025-10-24,-1.5433959910172157,True
391,CUUR0000SEGB02,2025-09-30,Origin,2025-07-01,0,2025-07-01,Recent trend,189.132,190.717,2025-10-01,-0.8310743142981525,True
392,CUUR0000SEGB02,2025-09-30,Origin,2025-07-01,0,2025-08-01,Recent trend,188.9985,191.367,2025-10-01,-1.2376742071516955,True
393,CUUR0000SEGB02,2025-09-30,Origin,2025-07-01,0,2025-09-01,Recent trend,188.865,192.368,2025-10-24,-1.8209889378690725,True
394,CUUR0000SEGB02,2025-09-30,Origin,2025-07-01,0,2025-07-01,Seasonal step,190.8448549135052,190.717,2025-10-01,0.06703907543910148,True
395,CUUR0000SEGB02,2025-09-30,Origin,2025-07-01,0,2025-08-01,Seasonal step,191.67862458420143,191.367,2025-10-01,0.16284133847603854,True
396,CUUR0000SEGB02,2025-09-30,Origin,2025-07-01,0,2025-09-01,Seasonal step,192.4637071292752,192.368,2025-10-24,0.049752104962985655,True
397,CUUR0000SEGB02,2025-09-30,Two months,2025-10-01,2,2025-09-01,YoY carry,191.75451176442408,192.368,2025-10-24,-0.3189138711094941,True
398,CUUR0000SEGB02,2025-09-30,Two months,2025-10-01,2,2025-09-01,Flat level,191.367,192.368,2025-10-24,-0.5203568161024741,True
399,CUUR0000SEGB02,2025-09-30,Two months,2025-10-01,2,2025-09-01,Recent trend,191.5145,192.368,2025-10-24,-0.44368086168177223,True
400,CUUR0000SEGB02,2025-09-30,Two months,2025-10-01,2,2025-09-01,Seasonal step,192.15080618459172,192.368,2025-10-24,-0.11290537688611879,True
401,CUUR0000SEGB02,2025-09-30,Pre-earnings,2025-10-23,2,2025-09-01,YoY carry,191.75451176442408,192.368,2025-10-24,-0.3189138711094941,True
402,CUUR0000SEGB02,2025-09-30,Pre-earnings,2025-10-23,2,2025-09-01,Flat level,191.367,192.368,2025-10-24,-0.5203568161024741,True
403,CUUR0000SEGB02,2025-09-30,Pre-earnings,2025-10-23,2,2025-09-01,Recent trend,191.5145,192.368,2025-10-24,-0.44368086168177223,True
404,CUUR0000SEGB02,2025-09-30,Pre-earnings,2025-10-23,2,2025-09-01,Seasonal step,192.15080618459172,192.368,2025-10-24,-0.11290537688611879,True
405,CUUR0000SEGB02,2025-12-31,Origin,2025-10-01,0,2025-10-01,YoY carry,192.46491805588278,,,,True
406,CUUR0000SEGB02,2025-12-31,Origin,2025-10-01,0,2025-11-01,YoY carry,190.63371539781485,190.307,2026-01-01,0.17167807690461334,True
407,CUUR0000SEGB02,2025-12-31,Origin,2025-10-01,0,2025-12-01,YoY carry,188.45734358118506,189.36,2026-01-22,-0.47668801162598085,True
408,CUUR0000SEGB02,2025-12-31,Origin,2025-10-01,0,2025-10-01,Flat level,191.367,,,,True
409,CUUR0000SEGB02,2025-12-31,Origin,2025-10-01,0,2025-11-01,Flat level,191.367,190.307,2026-01-01,0.5569947505872141,True
410,CUUR0000SEGB02,2025-12-31,Origin,2025-10-01,0,2025-12-01,Flat level,191.367,189.36,2026-01-22,1.0598859315589237,True
411,CUUR0000SEGB02,2025-12-31,Origin,2025-10-01,0,2025-10-01,Recent trend,191.66199999999998,,,,True
412,CUUR0000SEGB02,2025-12-31,Origin,2025-10-01,0,2025-11-01,Recent trend,191.80949999999996,190.307,2026-01-01,0.7895137856200662,True
413,CUUR0000SEGB02,2025-12-31,Origin,2025-10-01,0,2025-12-01,Recent trend,191.95699999999997,189.36,2026-01-22,1.371461765948423,True
414,CUUR0000SEGB02,2025-12-31,Origin,2025-10-01,0,2025-10-01,Seasonal step,192.86268065558247,,,,True
415,CUUR0000SEGB02,2025-12-31,Origin,2025-10-01,0,2025-11-01,Seasonal step,191.10523303527674,190.307,2026-01-01,0.41944491546646034,True
416,CUUR0000SEGB02,2025-12-31,Origin,2025-10-01,0,2025-12-01,Seasonal step,188.92347813258016,189.36,2026-01-22,-0.23052485605188355,True
417,PCENDC96,2023-06-30,Origin,2023-04-01,0,2023-04-01,YoY carry,3300.680067993162,3325.0,2023-07-01,-0.7314265265214392,False
418,PCENDC96,2023-06-30,Origin,2023-04-01,0,2023-05-01,YoY carry,3303.5717277711756,3325.9,2023-07-01,-0.6713452668097197,False
419,PCENDC96,2023-06-30,Origin,2023-04-01,0,2023-06-01,YoY carry,3307.5602240167113,3336.9,2023-07-28,-0.8792524793457601,False
420,PCENDC96,2023-06-30,Origin,2023-04-01,0,2023-04-01,Flat level,3352.7,3325.0,2023-07-01,0.8330827067669189,False
421,PCENDC96,2023-06-30,Origin,2023-04-01,0,2023-05-01,Flat level,3352.7,3325.9,2023-07-01,0.8057969271475285,False
422,PCENDC96,2023-06-30,Origin,2023-04-01,0,2023-06-01,Flat level,3352.7,3336.9,2023-07-28,0.47349336210253945,False
423,PCENDC96,2023-06-30,Origin,2023-04-01,0,2023-04-01,Recent trend,3400.9999999999995,3325.0,2023-07-01,2.2857142857142687,False
424,PCENDC96,2023-06-30,Origin,2023-04-01,0,2023-05-01,Recent trend,3425.1499999999996,3325.9,2023-07-01,2.984154664902716,False
425,PCENDC96,2023-06-30,Origin,2023-04-01,0,2023-06-01,Recent trend,3449.2999999999993,3336.9,2023-07-28,3.368395816476344,False
426,PCENDC96,2023-06-30,Two months,2023-07-01,2,2023-06-01,YoY carry,3322.6872420885525,3336.9,2023-07-28,-0.42592699545829227,False
427,PCENDC96,2023-06-30,Two months,2023-07-01,2,2023-06-01,Flat level,3325.9,3336.9,2023-07-28,-0.3296472774131698,False
428,PCENDC96,2023-06-30,Two months,2023-07-01,2,2023-06-01,Recent trend,3333.4,3336.9,2023-07-28,-0.10488777008600403,False
429,PCENDC96,2023-06-30,Pre-earnings,2023-07-27,2,2023-06-01,YoY carry,3322.6872420885525,3336.9,2023-07-28,-0.42592699545829227,False
430,PCENDC96,2023-06-30,Pre-earnings,2023-07-27,2,2023-06-01,Flat level,3325.9,3336.9,2023-07-28,-0.3296472774131698,False
431,PCENDC96,2023-06-30,Pre-earnings,2023-07-27,2,2023-06-01,Recent trend,3333.4,3336.9,2023-07-28,-0.10488777008600403,False
432,PCENDC96,2023-09-30,Origin,2023-07-01,0,2023-07-01,YoY carry,3301.050859576987,3358.8,2023-10-01,-1.7193384668040101,False
433,PCENDC96,2023-09-30,Origin,2023-07-01,0,2023-08-01,YoY carry,3315.074440834483,3354.8,2023-10-01,-1.1841409075210807,False
434,PCENDC96,2023-09-30,Origin,2023-07-01,0,2023-09-01,YoY carry,3338.8143605346727,3376.1,2023-12-22,-1.1043997353552104,False
435,PCENDC96,2023-09-30,Origin,2023-07-01,0,2023-07-01,Flat level,3325.9,3358.8,2023-10-01,-0.9795164939859546,False
436,PCENDC96,2023-09-30,Origin,2023-07-01,0,2023-08-01,Flat level,3325.9,3354.8,2023-10-01,-0.8614522475259401,False
437,PCENDC96,2023-09-30,Origin,2023-07-01,0,2023-09-01,Flat level,3325.9,3376.1,2023-12-22,-1.4869227807233099,False
438,PCENDC96,2023-09-30,Origin,2023-07-01,0,2023-07-01,Recent trend,3340.9,3358.8,2023-10-01,-0.5329284268191015,False
439,PCENDC96,2023-09-30,Origin,2023-07-01,0,2023-08-01,Recent trend,3348.4,3354.8,2023-10-01,-0.19077143197806512,False
440,PCENDC96,2023-09-30,Origin,2023-07-01,0,2023-09-01,Recent trend,3355.9,3376.1,2023-12-22,-0.5983235093747208,False
441,PCENDC96,2023-09-30,Two months,2023-10-01,2,2023-09-01,YoY carry,3376.1854942900286,3376.1,2023-12-22,0.0025323387941256215,False
442,PCENDC96,2023-09-30,Two months,2023-10-01,2,2023-09-01,Flat level,3354.8,3376.1,2023-12-22,-0.6309054826574956,False
443,PCENDC96,2023-09-30,Two months,2023-10-01,2,2023-09-01,Recent trend,3361.4000000000005,3376.1,2023-12-22,-0.4354136429607913,False
444,PCENDC96,2023-09-30,Pre-earnings,2023-10-17,2,2023-09-01,YoY carry,3376.1854942900286,3376.1,2023-12-22,0.0025323387941256215,False
445,PCENDC96,2023-09-30,Pre-earnings,2023-10-17,2,2023-09-01,Flat level,3354.8,3376.1,2023-12-22,-0.6309054826574956,False
446,PCENDC96,2023-09-30,Pre-earnings,2023-10-17,2,2023-09-01,Recent trend,3361.4000000000005,3376.1,2023-12-22,-0.4354136429607913,False
447,PCENDC96,2023-12-31,Origin,2023-10-01,0,2023-10-01,YoY carry,3372.24288764041,3373.6,2023-12-22,-0.040227423511673965,False
448,PCENDC96,2023-12-31,Origin,2023-10-01,0,2023-11-01,YoY carry,3356.0680911291547,3384.6,2023-12-22,-0.8429920484206432,False
449,PCENDC96,2023-12-31,Origin,2023-10-01,0,2023-12-01,YoY carry,3351.7211145667543,3419.4,2024-01-26,-1.9792620177003561,False
450,PCENDC96,2023-12-31,Origin,2023-10-01,0,2023-10-01,Flat level,3354.8,3373.6,2023-12-22,-0.5572682001422691,False
451,PCENDC96,2023-12-31,Origin,2023-10-01,0,2023-11-01,Flat level,3354.8,3384.6,2023-12-22,-0.8804585475388427,False
452,PCENDC96,2023-12-31,Origin,2023-10-01,0,2023-12-01,Flat level,3354.8,3419.4,2024-01-26,-1.8892203310522326,False
453,PCENDC96,2023-12-31,Origin,2023-10-01,0,2023-10-01,Recent trend,3368.0000000000005,3373.6,2023-12-22,-0.16599478302108395,False
454,PCENDC96,2023-12-31,Origin,2023-10-01,0,2023-11-01,Recent trend,3374.6000000000004,3384.6,2023-12-22,-0.29545588843584714,False
455,PCENDC96,2023-12-31,Origin,2023-10-01,0,2023-12-01,Recent trend,3381.2000000000007,3419.4,2024-01-26,-1.1171550564426314,False
456,PCENDC96,2023-12-31,Two months,2023-12-22,2,2023-12-01,YoY carry,3361.6407584128315,3419.4,2024-01-26,-1.6891630574711547,False
457,PCENDC96,2023-12-31,Two months,2023-12-22,2,2023-12-01,Flat level,3384.6,3419.4,2024-01-26,-1.0177224074399027,False
458,PCENDC96,2023-12-31,Two months,2023-12-22,2,2023-12-01,Recent trend,3388.85,3419.4,2024-01-26,-0.893431596186467,False
459,PCENDC96,2023-12-31,Pre-earnings,2024-01-22,2,2023-12-01,YoY carry,3361.6407584128315,3419.4,2024-01-26,-1.6891630574711547,False
460,PCENDC96,2023-12-31,Pre-earnings,2024-01-22,2,2023-12-01,Flat level,3384.6,3419.4,2024-01-26,-1.0177224074399027,False
461,PCENDC96,2023-12-31,Pre-earnings,2024-01-22,2,2023-12-01,Recent trend,3388.85,3419.4,2024-01-26,-0.893431596186467,False
462,PCENDC96,2024-03-31,Origin,2024-01-01,0,2024-01-01,YoY carry,3375.1258502803903,3395.3,2024-02-29,-0.5941787093809103,False
463,PCENDC96,2024-03-31,Origin,2024-01-01,0,2024-02-01,YoY carry,3385.062233761749,3364.9,2024-03-29,0.5991926583776452,False
464,PCENDC96,2024-03-31,Origin,2024-01-01,0,2024-03-01,YoY carry,3362.1477167537173,3416.3,2024-04-26,-1.5851149854018365,False
465,PCENDC96,2024-03-31,Origin,2024-01-01,0,2024-01-01,Flat level,3384.6,3395.3,2024-02-29,-0.3151415191588458,False
466,PCENDC96,2024-03-31,Origin,2024-01-01,0,2024-02-01,Flat level,3384.6,3364.9,2024-03-29,0.5854557341971489,False
467,PCENDC96,2024-03-31,Origin,2024-01-01,0,2024-03-01,Flat level,3384.6,3416.3,2024-04-26,-0.927904458039408,False
468,PCENDC96,2024-03-31,Origin,2024-01-01,0,2024-01-01,Recent trend,3393.1,3395.3,2024-02-29,-0.0647954525373362,False
469,PCENDC96,2024-03-31,Origin,2024-01-01,0,2024-02-01,Recent trend,3397.35,3364.9,2024-03-29,0.964367440339986,False
470,PCENDC96,2024-03-31,Origin,2024-01-01,0,2024-03-01,Recent trend,3401.6,3416.3,2024-04-26,-0.4302900799110221,False
471,PCENDC96,2024-03-31,One month,2024-02-29,1,2024-02-01,YoY carry,3416.7883509168296,3364.9,2024-03-29,1.5420473392026457,False
472,PCENDC96,2024-03-31,One month,2024-02-29,1,2024-03-01,YoY carry,3393.6590701612076,3416.3,2024-04-26,-0.6627324836458337,False
473,PCENDC96,2024-03-31,One month,2024-02-29,1,2024-02-01,Flat level,3395.3,3364.9,2024-03-29,0.9034443817052429,False
474,PCENDC96,2024-03-31,One month,2024-02-29,1,2024-03-01,Flat level,3395.3,3416.3,2024-04-26,-0.614700114158595,False
475,PCENDC96,2024-03-31,One month,2024-02-29,1,2024-02-01,Recent trend,3397.4500000000003,3364.9,2024-03-29,0.9673392968587491,False
476,PCENDC96,2024-03-31,One month,2024-02-29,1,2024-03-01,Recent trend,3399.6000000000004,3416.3,2024-04-26,-0.48883294792611,False
477,PCENDC96,2024-03-31,Two months,2024-03-29,2,2024-03-01,YoY carry,3371.374709205513,3416.3,2024-04-26,-1.3150276847609055,False
478,PCENDC96,2024-03-31,Two months,2024-03-29,2,2024-03-01,Flat level,3364.9,3416.3,2024-04-26,-1.5045517079881776,False
479,PCENDC96,2024-03-31,Two months,2024-03-29,2,2024-03-01,Recent trend,3346.9,3416.3,2024-04-26,-2.031437520124113,False
480,PCENDC96,2024-03-31,Pre-earnings,2024-04-18,2,2024-03-01,YoY carry,3371.374709205513,3416.3,2024-04-26,-1.3150276847609055,False
481,PCENDC96,2024-03-31,Pre-earnings,2024-04-18,2,2024-03-01,Flat level,3364.9,3416.3,2024-04-26,-1.5045517079881776,False
482,PCENDC96,2024-03-31,Pre-earnings,2024-04-18,2,2024-03-01,Recent trend,3346.9,3416.3,2024-04-26,-2.031437520124113,False
483,PCENDC96,2024-06-30,Origin,2024-04-01,0,2024-04-01,YoY carry,3387.9469069618613,3391.0,2024-05-31,-0.09003518248713593,False
484,PCENDC96,2024-06-30,Origin,2024-04-01,0,2024-05-01,YoY carry,3388.048576886747,3386.5,2024-06-28,0.04572794586585882,False
485,PCENDC96,2024-06-30,Origin,2024-04-01,0,2024-06-01,YoY carry,3397.402209976219,3406.8,2024-07-26,-0.2758538811723943,False
486,PCENDC96,2024-06-30,Origin,2024-04-01,0,2024-04-01,Flat level,3364.9,3391.0,2024-05-31,-0.7696844588616858,False
487,PCENDC96,2024-06-30,Origin,2024-04-01,0,2024-05-01,Flat level,3364.9,3386.5,2024-06-28,-0.6378266646980602,False
488,PCENDC96,2024-06-30,Origin,2024-04-01,0,2024-06-01,Flat level,3364.9,3406.8,2024-07-26,-1.2298931548667347,False
489,PCENDC96,2024-06-30,Origin,2024-04-01,0,2024-04-01,Recent trend,3328.9,3391.0,2024-05-31,-1.831318195222642,False
490,PCENDC96,2024-06-30,Origin,2024-04-01,0,2024-05-01,Recent trend,3310.9,3386.5,2024-06-28,-2.232393326443227,False
491,PCENDC96,2024-06-30,Origin,2024-04-01,0,2024-06-01,Recent trend,3292.9,3406.8,2024-07-26,-3.343313373253498,False
492,PCENDC96,2024-06-30,One month,2024-05-31,1,2024-05-01,YoY carry,3391.7715967133845,3386.5,2024-06-28,0.15566504395052583,False
493,PCENDC96,2024-06-30,One month,2024-05-31,1,2024-06-01,YoY carry,3401.135508215534,3406.8,2024-07-26,-0.16627015922466848,False
494,PCENDC96,2024-06-30,One month,2024-05-31,1,2024-05-01,Flat level,3391.0,3386.5,2024-06-28,0.1328805551454204,False
495,PCENDC96,2024-06-30,One month,2024-05-31,1,2024-06-01,Flat level,3391.0,3406.8,2024-07-26,-0.4637783257015471,False
496,PCENDC96,2024-06-30,One month,2024-05-31,1,2024-05-01,Recent trend,3404.3,3386.5,2024-06-28,0.5256164181308254,False
497,PCENDC96,2024-06-30,One month,2024-05-31,1,2024-06-01,Recent trend,3417.6,3406.8,2024-07-26,0.31701303275799564,False
498,PCENDC96,2024-06-30,Two months,2024-06-28,2,2024-06-01,YoY carry,3402.003236451338,3406.8,2024-07-26,-0.14079968148004163,False
499,PCENDC96,2024-06-30,Two months,2024-06-28,2,2024-06-01,Flat level,3386.5,3406.8,2024-07-26,-0.5958670893507212,False
500,PCENDC96,2024-06-30,Two months,2024-06-28,2,2024-06-01,Recent trend,3380.35,3406.8,2024-07-26,-0.7763883996712573,False
501,PCENDC96,2024-09-30,Origin,2024-07-01,0,2024-07-01,YoY carry,3424.2991039633935,3421.7,2024-08-30,0.07595943429854479,True
502,PCENDC96,2024-09-30,Origin,2024-07-01,0,2024-08-01,YoY carry,3423.07741259287,3420.8,2024-09-27,0.06657543828547663,True
503,PCENDC96,2024-09-30,Origin,2024-07-01,0,2024-09-01,YoY carry,3437.126863353891,3446.7,2024-10-31,-0.2777478935244937,True
504,PCENDC96,2024-09-30,Origin,2024-07-01,0,2024-07-01,Flat level,3386.5,3421.7,2024-08-30,-1.02872840985474,True
505,PCENDC96,2024-09-30,Origin,2024-07-01,0,2024-08-01,Flat level,3386.5,3420.8,2024-09-27,-1.0026894293732491,True
506,PCENDC96,2024-09-30,Origin,2024-07-01,0,2024-09-01,Flat level,3386.5,3446.7,2024-10-31,-1.7465981953752818,True
507,PCENDC96,2024-09-30,Origin,2024-07-01,0,2024-07-01,Recent trend,3374.2,3421.7,2024-08-30,-1.3881988485255903,True
508,PCENDC96,2024-09-30,Origin,2024-07-01,0,2024-08-01,Recent trend,3368.0499999999997,3420.8,2024-09-27,-1.5420369504209663,True
509,PCENDC96,2024-09-30,Origin,2024-07-01,0,2024-09-01,Recent trend,3361.8999999999996,3446.7,2024-10-31,-2.4603243682362885,True
510,PCENDC96,2024-09-30,One month,2024-08-30,1,2024-08-01,YoY carry,3427.870983118803,3420.8,2024-09-27,0.20670554018951126,True
511,PCENDC96,2024-09-30,One month,2024-08-30,1,2024-09-01,YoY carry,3441.940108291167,3446.7,2024-10-31,-0.13809997124301088,True
512,PCENDC96,2024-09-30,One month,2024-08-30,1,2024-08-01,Flat level,3421.7,3420.8,2024-09-27,0.026309635173049628,True
513,PCENDC96,2024-09-30,One month,2024-08-30,1,2024-09-01,Flat level,3421.7,3446.7,2024-10-31,-0.7253314764847585,True
514,PCENDC96,2024-09-30,One month,2024-08-30,1,2024-08-01,Recent trend,3433.5999999999995,3420.8,2024-09-27,0.3741814780168218,True
515,PCENDC96,2024-09-30,One month,2024-08-30,1,2024-09-01,Recent trend,3445.4999999999995,3446.7,2024-10-31,-0.034815910871277556,True
516,PCENDC96,2024-09-30,Two months,2024-09-27,2,2024-09-01,YoY carry,3435.966608956108,3446.7,2024-10-31,-0.3114106549421791,True
517,PCENDC96,2024-09-30,Two months,2024-09-27,2,2024-09-01,Flat level,3420.8,3446.7,2024-10-31,-0.7514434096381972,True
518,PCENDC96,2024-09-30,Two months,2024-09-27,2,2024-09-01,Recent trend,3432.3500000000004,3446.7,2024-10-31,-0.4163402675022354,True
519,PCENDC96,2024-09-30,Pre-earnings,2024-10-17,2,2024-09-01,YoY carry,3435.966608956108,3446.7,2024-10-31,-0.3114106549421791,True
520,PCENDC96,2024-09-30,Pre-earnings,2024-10-17,2,2024-09-01,Flat level,3420.8,3446.7,2024-10-31,-0.7514434096381972,True
521,PCENDC96,2024-09-30,Pre-earnings,2024-10-17,2,2024-09-01,Recent trend,3432.3500000000004,3446.7,2024-10-31,-0.4163402675022354,True
522,PCENDC96,2024-12-31,Origin,2024-10-01,0,2024-10-01,YoY carry,3443.6313867935223,3444.7,2024-11-27,-0.031021952752852133,True
523,PCENDC96,2024-12-31,Origin,2024-10-01,0,2024-11-01,YoY carry,3449.9676031391186,3448.5,2024-12-20,0.04255772478232167,True
524,PCENDC96,2024-12-31,Origin,2024-10-01,0,2024-12-01,YoY carry,3474.3926951810117,3473.1,2025-01-31,0.03722021194356717,True
525,PCENDC96,2024-12-31,Origin,2024-10-01,0,2024-10-01,Flat level,3420.8,3444.7,2024-11-27,-0.6938194908119644,True
526,PCENDC96,2024-12-31,Origin,2024-10-01,0,2024-11-01,Flat level,3420.8,3448.5,2024-12-20,-0.8032477888937128,True
527,PCENDC96,2024-12-31,Origin,2024-10-01,0,2024-12-01,Flat level,3420.8,3473.1,2025-01-31,-1.5058593187642133,True
528,PCENDC96,2024-12-31,Origin,2024-10-01,0,2024-10-01,Recent trend,3443.9000000000005,3444.7,2024-11-27,-0.023224083374440152,True
529,PCENDC96,2024-12-31,Origin,2024-10-01,0,2024-11-01,Recent trend,3455.4500000000007,3448.5,2024-12-20,0.2015369001015177,True
530,PCENDC96,2024-12-31,Origin,2024-10-01,0,2024-12-01,Recent trend,3467.000000000001,3473.1,2025-01-31,-0.17563559932046724,True
531,PCENDC96,2024-12-31,One month,2024-11-27,1,2024-11-01,YoY carry,3451.0063448855853,3448.5,2024-12-20,0.07267927752894199,True
532,PCENDC96,2024-12-31,One month,2024-11-27,1,2024-12-01,YoY carry,3475.4387910147293,3473.1,2025-01-31,0.06734015763236734,True
533,PCENDC96,2024-12-31,One month,2024-11-27,1,2024-11-01,Flat level,3444.7,3448.5,2024-12-20,-0.11019283746557251,True
534,PCENDC96,2024-12-31,One month,2024-11-27,1,2024-12-01,Flat level,3444.7,3473.1,2025-01-31,-0.8177132820822886,True
535,PCENDC96,2024-12-31,One month,2024-11-27,1,2024-11-01,Recent trend,3461.75,3448.5,2024-12-20,0.38422502537334147,True
536,PCENDC96,2024-12-31,One month,2024-11-27,1,2024-12-01,Recent trend,3478.7999999999997,3473.1,2025-01-31,0.1641185108404608,True
537,PCENDC96,2024-12-31,Two months,2024-12-20,2,2024-12-01,YoY carry,3478.3507623779064,3473.1,2025-01-31,0.15118373723492784,True
538,PCENDC96,2024-12-31,Two months,2024-12-20,2,2024-12-01,Flat level,3448.5,3473.1,2025-01-31,-0.7083009415219776,True
539,PCENDC96,2024-12-31,Two months,2024-12-20,2,2024-12-01,Recent trend,3447.6,3473.1,2025-01-31,-0.7342143906020504,True
540,PCENDC96,2024-12-31,Pre-earnings,2025-01-21,2,2024-12-01,YoY carry,3478.3507623779064,3473.1,2025-01-31,0.15118373723492784,True
541,PCENDC96,2024-12-31,Pre-earnings,2025-01-21,2,2024-12-01,Flat level,3448.5,3473.1,2025-01-31,-0.7083009415219776,True
542,PCENDC96,2024-12-31,Pre-earnings,2025-01-21,2,2024-12-01,Recent trend,3447.6,3473.1,2025-01-31,-0.7342143906020504,True
543,PCENDC96,2025-03-31,Origin,2025-01-01,0,2025-01-01,YoY carry,3453.488591149333,3442.8,2025-02-28,0.3104621572363353,True
544,PCENDC96,2025-03-31,Origin,2025-01-01,0,2025-02-01,YoY carry,3433.6397795512116,3461.1,2025-03-28,-0.793395754204973,True
545,PCENDC96,2025-03-31,Origin,2025-01-01,0,2025-03-01,YoY carry,3470.677252739458,3488.7,2025-04-30,-0.5166035274039582,True
546,PCENDC96,2025-03-31,Origin,2025-01-01,0,2025-01-01,Flat level,3448.5,3442.8,2025-02-28,0.16556291390728006,True
547,PCENDC96,2025-03-31,Origin,2025-01-01,0,2025-02-01,Flat level,3448.5,3461.1,2025-03-28,-0.3640461125075767,True
548,PCENDC96,2025-03-31,Origin,2025-01-01,0,2025-03-01,Flat level,3448.5,3488.7,2025-04-30,-1.152291684581641,True
549,PCENDC96,2025-03-31,Origin,2025-01-01,0,2025-01-01,Recent trend,3446.7,3442.8,2025-02-28,0.1132798884628583,True
550,PCENDC96,2025-03-31,Origin,2025-01-01,0,2025-02-01,Recent trend,3445.7999999999997,3461.1,2025-03-28,-0.4420559937592161,True
551,PCENDC96,2025-03-31,Origin,2025-01-01,0,2025-03-01,Recent trend,3444.8999999999996,3488.7,2025-04-30,-1.2554819846934406,True
552,PCENDC96,2025-03-31,One month,2025-02-28,1,2025-02-01,YoY carry,3423.9046655524985,3461.1,2025-03-28,-1.0746680086533567,True
553,PCENDC96,2025-03-31,One month,2025-02-28,1,2025-03-01,YoY carry,3460.837129465788,3488.7,2025-04-30,-0.7986605478892295,True
554,PCENDC96,2025-03-31,One month,2025-02-28,1,2025-02-01,Flat level,3442.8,3461.1,2025-03-28,-0.5287336395943365,True
555,PCENDC96,2025-03-31,One month,2025-02-28,1,2025-03-01,Flat level,3442.8,3488.7,2025-04-30,-1.315676326425308,True
556,PCENDC96,2025-03-31,One month,2025-02-28,1,2025-02-01,Recent trend,3442.3,3461.1,2025-03-28,-0.5431799139001936,True
557,PCENDC96,2025-03-31,One month,2025-02-28,1,2025-03-01,Recent trend,3441.8,3488.7,2025-04-30,-1.3443402986785813,True
558,PCENDC96,2025-03-31,Two months,2025-03-28,2,2025-03-01,YoY carry,3474.50501949861,3488.7,2025-04-30,-0.40688452722761337,True
559,PCENDC96,2025-03-31,Two months,2025-03-28,2,2025-03-01,Flat level,3461.1,3488.7,2025-04-30,-0.7911256341903816,True
560,PCENDC96,2025-03-31,Two months,2025-03-28,2,2025-03-01,Recent trend,3455.75,3488.7,2025-04-30,-0.9444778857453984,True
561,PCENDC96,2025-03-31,Pre-earnings,2025-04-23,2,2025-03-01,YoY carry,3474.50501949861,3488.7,2025-04-30,-0.40688452722761337,True
562,PCENDC96,2025-03-31,Pre-earnings,2025-04-23,2,2025-03-01,Flat level,3461.1,3488.7,2025-04-30,-0.7911256341903816,True
563,PCENDC96,2025-03-31,Pre-earnings,2025-04-23,2,2025-03-01,Recent trend,3455.75,3488.7,2025-04-30,-0.9444778857453984,True
564,PCENDC96,2025-06-30,Origin,2025-04-01,0,2025-04-01,YoY carry,3459.038647883013,3486.0,2025-05-30,-0.7734180182727202,True
565,PCENDC96,2025-06-30,Origin,2025-04-01,0,2025-05-01,YoY carry,3473.17347757144,3476.4,2025-06-27,-0.09281217433437794,True
566,PCENDC96,2025-06-30,Origin,2025-04-01,0,2025-06-01,YoY carry,3480.1384661135626,3487.9,2025-07-31,-0.22252742012206506,True
567,PCENDC96,2025-06-30,Origin,2025-04-01,0,2025-04-01,Flat level,3461.1,3486.0,2025-05-30,-0.7142857142857117,True
568,PCENDC96,2025-06-30,Origin,2025-04-01,0,2025-05-01,Flat level,3461.1,3476.4,2025-06-27,-0.44011045909562174,True
569,PCENDC96,2025-06-30,Origin,2025-04-01,0,2025-06-01,Flat level,3461.1,3487.9,2025-07-31,-0.768370652828354,True
570,PCENDC96,2025-06-30,Origin,2025-04-01,0,2025-04-01,Recent trend,3450.3999999999996,3486.0,2025-05-30,-1.0212277682157267,True
571,PCENDC96,2025-06-30,Origin,2025-04-01,0,2025-05-01,Recent trend,3445.0499999999993,3476.4,2025-06-27,-0.9017949603037811,True
572,PCENDC96,2025-06-30,Origin,2025-04-01,0,2025-06-01,Recent trend,3439.6999999999994,3487.9,2025-07-31,-1.3819203532211555,True
573,PCENDC96,2025-06-30,One month,2025-05-30,1,2025-05-01,YoY carry,3497.1734202784414,3476.4,2025-06-27,0.5975555252111686,True
574,PCENDC96,2025-06-30,One month,2025-05-30,1,2025-06-01,YoY carry,3504.1865375210295,3487.9,2025-07-31,0.46694393534876255,True
575,PCENDC96,2025-06-30,One month,2025-05-30,1,2025-05-01,Flat level,3486.0,3476.4,2025-06-27,0.2761477390403888,True
576,PCENDC96,2025-06-30,One month,2025-05-30,1,2025-06-01,Flat level,3486.0,3487.9,2025-07-31,-0.0544740388199183,True
577,PCENDC96,2025-06-30,One month,2025-05-30,1,2025-05-01,Recent trend,3492.8,3476.4,2025-06-27,0.4717523875273244,True
578,PCENDC96,2025-06-30,One month,2025-05-30,1,2025-06-01,Recent trend,3499.6,3487.9,2025-07-31,0.3354453969437232,True
579,PCENDC96,2025-06-30,Two months,2025-06-27,2,2025-06-01,YoY carry,3493.2281677521323,3487.9,2025-07-31,0.1527614826150936,True
580,PCENDC96,2025-06-30,Two months,2025-06-27,2,2025-06-01,Flat level,3476.4,3487.9,2025-07-31,-0.3297112875942587,True
581,PCENDC96,2025-06-30,Two months,2025-06-27,2,2025-06-01,Recent trend,3473.0,3487.9,2025-07-31,-0.4271911465351663,True
582,PCENDC96,2025-06-30,Pre-earnings,2025-07-28,2,2025-06-01,YoY carry,3493.2281677521323,3487.9,2025-07-31,0.1527614826150936,True
583,PCENDC96,2025-06-30,Pre-earnings,2025-07-28,2,2025-06-01,Flat level,3476.4,3487.9,2025-07-31,-0.3297112875942587,True
584,PCENDC96,2025-06-30,Pre-earnings,2025-07-28,2,2025-06-01,Recent trend,3473.0,3487.9,2025-07-31,-0.4271911465351663,True
585,PCENDC96,2025-09-30,Origin,2025-07-01,0,2025-07-01,YoY carry,3516.257955831612,3513.6,2025-08-29,0.07564765003449381,True
586,PCENDC96,2025-09-30,Origin,2025-07-01,0,2025-08-01,YoY carry,3506.285235100766,3547.1,2025-09-26,-1.1506516562610036,True
587,PCENDC96,2025-09-30,Origin,2025-07-01,0,2025-09-01,YoY carry,3547.3070451173394,3537.3,2025-12-05,0.28290066201168695,True
588,PCENDC96,2025-09-30,Origin,2025-07-01,0,2025-07-01,Flat level,3476.4,3513.6,2025-08-29,-1.0587431693989013,True
589,PCENDC96,2025-09-30,Origin,2025-07-01,0,2025-08-01,Flat level,3476.4,3547.1,2025-09-26,-1.9931775253023587,True
590,PCENDC96,2025-09-30,Origin,2025-07-01,0,2025-09-01,Flat level,3476.4,3537.3,2025-12-05,-1.7216521075396507,True
591,PCENDC96,2025-09-30,Origin,2025-07-01,0,2025-07-01,Recent trend,3469.6000000000004,3513.6,2025-08-29,-1.2522768670309548,True
592,PCENDC96,2025-09-30,Origin,2025-07-01,0,2025-08-01,Recent trend,3466.2000000000007,3547.1,2025-09-26,-2.2807363761946142,True
593,PCENDC96,2025-09-30,Origin,2025-07-01,0,2025-09-01,Recent trend,3462.8000000000006,3537.3,2025-12-05,-2.106126141407272,True
594,PCENDC96,2025-09-30,One month,2025-08-29,1,2025-08-01,YoY carry,3507.954321773053,3547.1,2025-09-26,-1.1035966910136974,True
595,PCENDC96,2025-09-30,One month,2025-08-29,1,2025-09-01,YoY carry,3548.9956592814815,3537.3,2025-12-05,0.3306380369626938,True
596,PCENDC96,2025-09-30,One month,2025-08-29,1,2025-08-01,Flat level,3513.6,3547.1,2025-09-26,-0.9444334808716981,True
597,PCENDC96,2025-09-30,One month,2025-08-29,1,2025-09-01,Flat level,3513.6,3537.3,2025-12-05,-0.6700025443134638,True
598,PCENDC96,2025-09-30,One month,2025-08-29,1,2025-08-01,Recent trend,3528.7,3547.1,2025-09-26,-0.5187336133743115,True
599,PCENDC96,2025-09-30,One month,2025-08-29,1,2025-09-01,Recent trend,3543.7999999999997,3537.3,2025-12-05,0.18375597206907734,True
600,PCENDC96,2025-09-30,Two months,2025-09-26,2,2025-09-01,YoY carry,3578.610767800194,3537.3,2025-12-05,1.167861583699259,True
601,PCENDC96,2025-09-30,Two months,2025-09-26,2,2025-09-01,Flat level,3547.1,3537.3,2025-12-05,0.27704746558108173,True
602,PCENDC96,2025-09-30,Two months,2025-09-26,2,2025-09-01,Recent trend,3559.25,3537.3,2025-12-05,0.6205297826025413,True
603,PCENDC96,2025-09-30,Pre-earnings,2025-10-23,2,2025-09-01,YoY carry,3578.610767800194,3537.3,2025-12-05,1.167861583699259,True
604,PCENDC96,2025-09-30,Pre-earnings,2025-10-23,2,2025-09-01,Flat level,3547.1,3537.3,2025-12-05,0.27704746558108173,True
605,PCENDC96,2025-09-30,Pre-earnings,2025-10-23,2,2025-09-01,Recent trend,3559.25,3537.3,2025-12-05,0.6205297826025413,True
606,PCENDC96,2025-12-31,Origin,2025-10-01,0,2025-10-01,YoY carry,3573.6523832245393,3554.4,2026-01-22,0.5416493142172962,True
607,PCENDC96,2025-12-31,Origin,2025-10-01,0,2025-11-01,YoY carry,3573.0325851525827,3572.6,2026-01-22,0.012108412712952266,True
608,PCENDC96,2025-12-31,Origin,2025-10-01,0,2025-12-01,YoY carry,3607.4313781461874,3539.6,2026-02-20,1.9163571631310772,True
609,PCENDC96,2025-12-31,Origin,2025-10-01,0,2025-10-01,Flat level,3547.1,3554.4,2026-01-22,-0.2053792482556882,True
610,PCENDC96,2025-12-31,Origin,2025-10-01,0,2025-11-01,Flat level,3547.1,3572.6,2026-01-22,-0.7137658847897854,True
611,PCENDC96,2025-12-31,Origin,2025-10-01,0,2025-12-01,Flat level,3547.1,3539.6,2026-02-20,0.21188834896599396,True
612,PCENDC96,2025-12-31,Origin,2025-10-01,0,2025-10-01,Recent trend,3571.3999999999996,3554.4,2026-01-22,0.4782804411433528,True
613,PCENDC96,2025-12-31,Origin,2025-10-01,0,2025-11-01,Recent trend,3583.5499999999993,3572.6,2026-01-22,0.30649946817442597,True
614,PCENDC96,2025-12-31,Origin,2025-10-01,0,2025-12-01,Recent trend,3595.6999999999994,3539.6,2026-02-20,1.5849248502655566,True
615,PCENDC96,2025-12-31,Pre-earnings,2026-01-22,2,2025-12-01,YoY carry,3587.464147319252,3539.6,2026-02-20,1.3522473533521318,True
616,PCENDC96,2025-12-31,Pre-earnings,2026-01-22,2,2025-12-01,Flat level,3572.6,3539.6,2026-02-20,0.9323087354503379,True
617,PCENDC96,2025-12-31,Pre-earnings,2026-01-22,2,2025-12-01,Recent trend,3589.45,3539.6,2026-02-20,1.4083512261272357,True
618,PCENDC96,2025-12-31,Two months,2026-01-22,2,2025-12-01,YoY carry,3587.464147319252,3539.6,2026-02-20,1.3522473533521318,True
619,PCENDC96,2025-12-31,Two months,2026-01-22,2,2025-12-01,Flat level,3572.6,3539.6,2026-02-20,0.9323087354503379,True
620,PCENDC96,2025-12-31,Two months,2026-01-22,2,2025-12-01,Recent trend,3589.45,3539.6,2026-02-20,1.4083512261272357,True
621,PCENDC96,2026-03-31,Origin,2026-01-01,0,2026-01-01,YoY carry,3579.0346392610672,3544.3,2026-03-13,0.9800140863094775,True
622,PCENDC96,2026-03-31,Origin,2026-01-01,0,2026-02-01,YoY carry,3594.796319642362,3521.4,2026-04-09,2.084293736649112,True
623,PCENDC96,2026-03-31,Origin,2026-01-01,0,2026-03-01,YoY carry,3608.7036846846813,3551.1,2026-04-30,1.622136371397076,True
624,PCENDC96,2026-03-31,Origin,2026-01-01,0,2026-01-01,Flat level,3540.5,3544.3,2026-03-13,-0.1072144005868636,True
625,PCENDC96,2026-03-31,Origin,2026-01-01,0,2026-02-01,Flat level,3540.5,3521.4,2026-04-09,0.5423979099221876,True
626,PCENDC96,2026-03-31,Origin,2026-01-01,0,2026-03-01,Flat level,3540.5,3551.1,2026-04-30,-0.2984990566303414,True
627,PCENDC96,2026-03-31,Origin,2026-01-01,0,2026-01-01,Recent trend,3554.8999999999996,3544.3,2026-03-13,0.29907174900543065,True
628,PCENDC96,2026-03-31,Origin,2026-01-01,0,2026-02-01,Recent trend,3558.4999999999995,3521.4,2026-04-09,1.0535582438802704,True
629,PCENDC96,2026-03-31,Origin,2026-01-01,0,2026-03-01,Recent trend,3562.0999999999995,3551.1,2026-04-30,0.3097631719748639,True
630,PCENDC96,2026-03-31,One month,2026-03-13,1,2026-02-01,YoY carry,3560.9549166694665,3521.4,2026-04-09,1.1232724674693717,True
631,PCENDC96,2026-03-31,One month,2026-03-13,1,2026-03-01,YoY carry,3574.7313578143403,3551.1,2026-04-30,0.6654658504221311,True
632,PCENDC96,2026-03-31,One month,2026-03-13,1,2026-02-01,Flat level,3544.3,3521.4,2026-04-09,0.6503095359800204,True
633,PCENDC96,2026-03-31,One month,2026-03-13,1,2026-03-01,Flat level,3544.3,3551.1,2026-04-30,-0.19148996085719405,True
634,PCENDC96,2026-03-31,One month,2026-03-13,1,2026-02-01,Recent trend,3541.9500000000003,3521.4,2026-04-09,0.583574714602153,True
635,PCENDC96,2026-03-31,One month,2026-03-13,1,2026-03-01,Recent trend,3539.6000000000004,3551.1,2026-04-30,-0.3238433161555476,True
636,PCENDC96,2026-03-31,Two months,2026-04-09,2,2026-03-01,YoY carry,3548.6782395628243,3551.1,2026-04-30,-0.06819747225298434,True
637,PCENDC96,2026-03-31,Two months,2026-04-09,2,2026-03-01,Flat level,3521.4,3551.1,2026-04-30,-0.8363605643321725,True
638,PCENDC96,2026-03-31,Two months,2026-04-09,2,2026-03-01,Recent trend,3511.55,3551.1,2026-04-30,-1.113739404691494,True
639,PCENDC96,2026-03-31,Pre-earnings,2026-04-23,2,2026-03-01,YoY carry,3548.6782395628243,3551.1,2026-04-30,-0.06819747225298434,True
640,PCENDC96,2026-03-31,Pre-earnings,2026-04-23,2,2026-03-01,Flat level,3521.4,3551.1,2026-04-30,-0.8363605643321725,True
641,PCENDC96,2026-03-31,Pre-earnings,2026-04-23,2,2026-03-01,Recent trend,3511.55,3551.1,2026-04-30,-1.113739404691494,True
642,RSHPCS,2023-06-30,Origin,2023-04-01,0,2023-04-01,YoY carry,34597.72755786001,35525.0,2023-07-01,-2.6101968814637333,False
643,RSHPCS,2023-06-30,Origin,2023-04-01,0,2023-05-01,YoY carry,34621.86892470155,35530.0,2023-07-01,-2.5559557424667867,False
644,RSHPCS,2023-06-30,Origin,2023-04-01,0,2023-06-01,YoY carry,35084.75339327191,35561.0,2023-07-27,-1.3392385105258309,False
645,RSHPCS,2023-06-30,Origin,2023-04-01,0,2023-04-01,Flat level,34799.0,35525.0,2023-07-01,-2.0436312456016847,False
646,RSHPCS,2023-06-30,Origin,2023-04-01,0,2023-05-01,Flat level,34799.0,35530.0,2023-07-01,-2.05741626794258,False
647,RSHPCS,2023-06-30,Origin,2023-04-01,0,2023-06-01,Flat level,34799.0,35561.0,2023-07-27,-2.142796884227105,False
648,RSHPCS,2023-06-30,Origin,2023-04-01,0,2023-04-01,Recent trend,36138.0,35525.0,2023-07-01,1.7255453905700158,False
649,RSHPCS,2023-06-30,Origin,2023-04-01,0,2023-05-01,Recent trend,36807.5,35530.0,2023-07-01,3.595553053757383,False
650,RSHPCS,2023-06-30,Origin,2023-04-01,0,2023-06-01,Recent trend,37477.0,35561.0,2023-07-27,5.387924973988367,False
651,RSHPCS,2023-06-30,Two months,2023-07-01,2,2023-06-01,YoY carry,36051.93274062414,35561.0,2023-07-27,1.380536938286725,False
652,RSHPCS,2023-06-30,Two months,2023-07-01,2,2023-06-01,Flat level,35530.0,35561.0,2023-07-27,-0.08717415145805818,False
653,RSHPCS,2023-06-30,Two months,2023-07-01,2,2023-06-01,Recent trend,35669.5,35561.0,2023-07-27,0.3051095301032092,False
654,RSHPCS,2023-09-30,Origin,2023-07-01,0,2023-07-01,YoY carry,36187.689099529096,36060.0,2023-10-01,0.35410177351384853,False
655,RSHPCS,2023-09-30,Origin,2023-07-01,0,2023-08-01,YoY carry,36266.341593180376,36240.0,2023-10-01,0.07268651539837911,False
656,RSHPCS,2023-09-30,Origin,2023-07-01,0,2023-09-01,YoY carry,36594.958176243956,36726.0,2023-10-17,-0.35680940956283047,False
657,RSHPCS,2023-09-30,Origin,2023-07-01,0,2023-07-01,Flat level,35530.0,36060.0,2023-10-01,-1.4697726012201873,False
658,RSHPCS,2023-09-30,Origin,2023-07-01,0,2023-08-01,Flat level,35530.0,36240.0,2023-10-01,-1.9591611479028659,False
659,RSHPCS,2023-09-30,Origin,2023-07-01,0,2023-09-01,Flat level,35530.0,36726.0,2023-10-17,-3.256548494254752,False
660,RSHPCS,2023-09-30,Origin,2023-07-01,0,2023-07-01,Recent trend,35809.0,36060.0,2023-10-01,-0.6960621186910654,False
661,RSHPCS,2023-09-30,Origin,2023-07-01,0,2023-08-01,Recent trend,35948.5,36240.0,2023-10-01,-0.8043598233995586,False
662,RSHPCS,2023-09-30,Origin,2023-07-01,0,2023-09-01,Recent trend,36088.0,36726.0,2023-10-17,-1.7371889124870643,False
663,RSHPCS,2023-09-30,Two months,2023-10-01,2,2023-09-01,YoY carry,36556.610065625515,36726.0,2023-10-17,-0.4612262004424217,False
664,RSHPCS,2023-09-30,Two months,2023-10-01,2,2023-09-01,Flat level,36240.0,36726.0,2023-10-17,-1.323313184120245,False
665,RSHPCS,2023-09-30,Two months,2023-10-01,2,2023-09-01,Recent trend,36350.0,36726.0,2023-10-17,-1.0237978543810922,False
666,RSHPCS,2023-12-31,Origin,2023-10-01,0,2023-10-01,YoY carry,36584.59392729801,37481.0,2023-12-14,-2.3916279520343364,False
667,RSHPCS,2023-12-31,Origin,2023-10-01,0,2023-11-01,YoY carry,36807.38851830594,37812.0,2023-12-14,-2.656858885258806,False
668,RSHPCS,2023-12-31,Origin,2023-10-01,0,2023-12-01,YoY carry,35599.77725690062,36802.0,2024-01-17,-3.2667320882000417,False
669,RSHPCS,2023-12-31,Origin,2023-10-01,0,2023-10-01,Flat level,36240.0,37481.0,2023-12-14,-3.311010912195511,False
670,RSHPCS,2023-12-31,Origin,2023-10-01,0,2023-11-01,Flat level,36240.0,37812.0,2023-12-14,-4.15741034592193,False
671,RSHPCS,2023-12-31,Origin,2023-10-01,0,2023-12-01,Flat level,36240.0,36802.0,2024-01-17,-1.5270909189717963,False
672,RSHPCS,2023-12-31,Origin,2023-10-01,0,2023-10-01,Recent trend,36460.0,37481.0,2023-12-14,-2.724046850404205,False
673,RSHPCS,2023-12-31,Origin,2023-10-01,0,2023-11-01,Recent trend,36570.0,37812.0,2023-12-14,-3.284671532846717,False
674,RSHPCS,2023-12-31,Origin,2023-10-01,0,2023-12-01,Recent trend,36680.0,36802.0,2024-01-17,-0.3315037226237716,False
675,RSHPCS,2023-12-31,Two months,2023-12-14,2,2023-12-01,YoY carry,36396.7427032988,36802.0,2024-01-17,-1.1011828071876617,False
676,RSHPCS,2023-12-31,Two months,2023-12-14,2,2023-12-01,Flat level,37812.0,36802.0,2024-01-17,2.744416064344324,False
677,RSHPCS,2023-12-31,Two months,2023-12-14,2,2023-12-01,Recent trend,38272.5,36802.0,2024-01-17,3.995706755067663,False
678,RSHPCS,2024-03-31,Origin,2024-01-01,0,2024-01-01,YoY carry,38047.33872624439,36467.0,2024-02-15,4.33361320164638,False
679,RSHPCS,2024-03-31,Origin,2024-01-01,0,2024-02-01,YoY carry,38658.05925473425,35999.0,2024-03-14,7.386480887619795,False
680,RSHPCS,2024-03-31,Origin,2024-01-01,0,2024-03-01,YoY carry,38790.1069365699,36248.0,2024-04-15,7.013095719956697,False
681,RSHPCS,2024-03-31,Origin,2024-01-01,0,2024-01-01,Flat level,37812.0,36467.0,2024-02-15,3.6882661036005127,False
682,RSHPCS,2024-03-31,Origin,2024-01-01,0,2024-02-01,Flat level,37812.0,35999.0,2024-03-14,5.036251006972425,False
683,RSHPCS,2024-03-31,Origin,2024-01-01,0,2024-03-01,Flat level,37812.0,36248.0,2024-04-15,4.314720812182737,False
684,RSHPCS,2024-03-31,Origin,2024-01-01,0,2024-01-01,Recent trend,38733.0,36467.0,2024-02-15,6.213837167850378,False
685,RSHPCS,2024-03-31,Origin,2024-01-01,0,2024-02-01,Recent trend,39193.5,35999.0,2024-03-14,8.873857607155756,False
686,RSHPCS,2024-03-31,Origin,2024-01-01,0,2024-03-01,Recent trend,39654.0,36248.0,2024-04-15,9.396380489958055,False
687,RSHPCS,2024-03-31,One month,2024-02-15,1,2024-02-01,YoY carry,38183.55701530199,35999.0,2024-03-14,6.068382497574887,False
688,RSHPCS,2024-03-31,One month,2024-02-15,1,2024-03-01,YoY carry,38313.983898733604,36248.0,2024-04-15,5.699580387148551,False
689,RSHPCS,2024-03-31,One month,2024-02-15,1,2024-02-01,Flat level,36467.0,35999.0,2024-03-14,1.3000361121142223,False
690,RSHPCS,2024-03-31,One month,2024-02-15,1,2024-03-01,Flat level,36467.0,36248.0,2024-04-15,0.6041712646214892,False
691,RSHPCS,2024-03-31,One month,2024-02-15,1,2024-02-01,Recent trend,35973.0,35999.0,2024-03-14,-0.07222422845079013,False
692,RSHPCS,2024-03-31,One month,2024-02-15,1,2024-03-01,Recent trend,35479.0,36248.0,2024-04-15,-2.121496358419772,False
693,RSHPCS,2024-03-31,Two months,2024-03-14,2,2024-03-01,YoY carry,37156.259000559454,36248.0,2024-04-15,2.5056803149400064,False
694,RSHPCS,2024-03-31,Two months,2024-03-14,2,2024-03-01,Flat level,35999.0,36248.0,2024-04-15,-0.6869344515559428,False
695,RSHPCS,2024-03-31,Two months,2024-03-14,2,2024-03-01,Recent trend,35677.5,36248.0,2024-04-15,-1.5738799382034818,False
696,RSHPCS,2024-06-30,Origin,2024-04-01,0,2024-04-01,YoY carry,37462.987075483936,36004.0,2024-05-15,4.052291621719628,False
697,RSHPCS,2024-06-30,Origin,2024-04-01,0,2024-05-01,YoY carry,37869.84974531503,36141.0,2024-06-18,4.783624540867781,False
698,RSHPCS,2024-06-30,Origin,2024-04-01,0,2024-06-01,YoY carry,37966.82219511933,36544.0,2024-07-16,3.8934495269246305,False
699,RSHPCS,2024-06-30,Origin,2024-04-01,0,2024-04-01,Flat level,35999.0,36004.0,2024-05-15,-0.013887345850460697,False
700,RSHPCS,2024-06-30,Origin,2024-04-01,0,2024-05-01,Flat level,35999.0,36141.0,2024-06-18,-0.3929055643175361,False
701,RSHPCS,2024-06-30,Origin,2024-04-01,0,2024-06-01,Flat level,35999.0,36544.0,2024-07-16,-1.4913528896672523,False
702,RSHPCS,2024-06-30,Origin,2024-04-01,0,2024-04-01,Recent trend,35356.0,36004.0,2024-05-15,-1.7998000222197552,False
703,RSHPCS,2024-06-30,Origin,2024-04-01,0,2024-05-01,Recent trend,35034.5,36141.0,2024-06-18,-3.0616197670236045,False
704,RSHPCS,2024-06-30,Origin,2024-04-01,0,2024-06-01,Recent trend,34713.0,36544.0,2024-07-16,-5.010398423817863,False
705,RSHPCS,2024-06-30,One month,2024-05-15,1,2024-05-01,YoY carry,36646.46357450245,36141.0,2024-06-18,1.39858768297072,False
706,RSHPCS,2024-06-30,One month,2024-05-15,1,2024-06-01,YoY carry,36641.416825449305,36544.0,2024-07-16,0.2665740626349278,False
707,RSHPCS,2024-06-30,One month,2024-05-15,1,2024-05-01,Flat level,36004.0,36141.0,2024-06-18,-0.3790708613486071,False
708,RSHPCS,2024-06-30,One month,2024-05-15,1,2024-06-01,Flat level,36004.0,36544.0,2024-07-16,-1.477670753064797,False
709,RSHPCS,2024-06-30,One month,2024-05-15,1,2024-05-01,Recent trend,35935.0,36141.0,2024-06-18,-0.5699897623198003,False
710,RSHPCS,2024-06-30,One month,2024-05-15,1,2024-06-01,Recent trend,35866.0,36544.0,2024-07-16,-1.8552977232924706,False
711,RSHPCS,2024-06-30,Two months,2024-06-18,2,2024-06-01,YoY carry,36405.212649400135,36544.0,2024-07-16,-0.37978149791995097,False
712,RSHPCS,2024-06-30,Two months,2024-06-18,2,2024-06-01,Flat level,36141.0,36544.0,2024-07-16,-1.1027802101576167,False
713,RSHPCS,2024-06-30,Two months,2024-06-18,2,2024-06-01,Recent trend,36110.5,36544.0,2024-07-16,-1.186241243432573,False
714,RSHPCS,2024-09-30,Origin,2024-07-01,0,2024-07-01,YoY carry,36095.334110788914,37113.0,2024-08-15,-2.742073907286091,True
715,RSHPCS,2024-09-30,Origin,2024-07-01,0,2024-08-01,YoY carry,36770.24756219782,37797.0,2024-09-17,-2.716491885076,True
716,RSHPCS,2024-09-30,Origin,2024-07-01,0,2024-09-01,YoY carry,36859.50060406319,38238.0,2024-10-17,-3.605050985764968,True
717,RSHPCS,2024-09-30,Origin,2024-07-01,0,2024-07-01,Flat level,36141.0,37113.0,2024-08-15,-2.619028372807375,True
718,RSHPCS,2024-09-30,Origin,2024-07-01,0,2024-08-01,Flat level,36141.0,37797.0,2024-09-17,-4.381300103182795,True
719,RSHPCS,2024-09-30,Origin,2024-07-01,0,2024-09-01,Flat level,36141.0,38238.0,2024-10-17,-5.484073434803072,True
720,RSHPCS,2024-09-30,Origin,2024-07-01,0,2024-07-01,Recent trend,36080.0,37113.0,2024-08-15,-2.783391264516477,True
721,RSHPCS,2024-09-30,Origin,2024-07-01,0,2024-08-01,Recent trend,36049.5,37797.0,2024-09-17,-4.623382808159382,True
722,RSHPCS,2024-09-30,Origin,2024-07-01,0,2024-09-01,Recent trend,36019.0,38238.0,2024-10-17,-5.803127778649508,True
723,RSHPCS,2024-09-30,One month,2024-08-15,1,2024-08-01,YoY carry,37332.00652530135,37797.0,2024-09-17,-1.2302391054809791,True
724,RSHPCS,2024-09-30,One month,2024-08-15,1,2024-09-01,YoY carry,37422.62313416929,38238.0,2024-10-17,-2.1323732042227816,True
725,RSHPCS,2024-09-30,One month,2024-08-15,1,2024-08-01,Flat level,37113.0,37797.0,2024-09-17,-1.8096674339233232,True
726,RSHPCS,2024-09-30,One month,2024-08-15,1,2024-09-01,Flat level,37113.0,38238.0,2024-10-17,-2.9420994821904967,True
727,RSHPCS,2024-09-30,One month,2024-08-15,1,2024-08-01,Recent trend,37335.0,37797.0,2024-09-17,-1.222319231685054,True
728,RSHPCS,2024-09-30,One month,2024-08-15,1,2024-09-01,Recent trend,37557.0,38238.0,2024-10-17,-1.7809508865526458,True
729,RSHPCS,2024-09-30,Two months,2024-09-17,2,2024-09-01,YoY carry,37956.635017922286,38238.0,2024-10-17,-0.7358255716243378,True
730,RSHPCS,2024-09-30,Two months,2024-09-17,2,2024-09-01,Flat level,37797.0,38238.0,2024-10-17,-1.1533029970186681,True
731,RSHPCS,2024-09-30,Two months,2024-09-17,2,2024-09-01,Recent trend,38240.0,38238.0,2024-10-17,0.005230399079447778,True
732,RSHPCS,2024-12-31,Origin,2024-10-01,0,2024-10-01,YoY carry,38836.489542076,38179.0,2024-11-15,1.722123528840469,True
733,RSHPCS,2024-12-31,Origin,2024-10-01,0,2024-11-01,YoY carry,38679.520190349045,38083.0,2024-12-17,1.56636869560971,True
734,RSHPCS,2024-12-31,Origin,2024-10-01,0,2024-12-01,YoY carry,38002.073514474825,38062.0,2025-01-16,-0.15744439473799332,True
735,RSHPCS,2024-12-31,Origin,2024-10-01,0,2024-10-01,Flat level,37797.0,38179.0,2024-11-15,-1.000550040598236,True
736,RSHPCS,2024-12-31,Origin,2024-10-01,0,2024-11-01,Flat level,37797.0,38083.0,2024-12-17,-0.7509912559409693,True
737,RSHPCS,2024-12-31,Origin,2024-10-01,0,2024-12-01,Flat level,37797.0,38062.0,2025-01-16,-0.6962324628238092,True
738,RSHPCS,2024-12-31,Origin,2024-10-01,0,2024-10-01,Recent trend,38683.0,38179.0,2024-11-15,1.3200974357631123,True
739,RSHPCS,2024-12-31,Origin,2024-10-01,0,2024-11-01,Recent trend,39126.0,38083.0,2024-12-17,2.7387548249875326,True
740,RSHPCS,2024-12-31,Origin,2024-10-01,0,2024-12-01,Recent trend,39569.0,38062.0,2025-01-16,3.9593295150018415,True
741,RSHPCS,2024-12-31,One month,2024-11-15,1,2024-11-01,YoY carry,38742.48074993114,38083.0,2024-12-17,1.7316932750338632,True
742,RSHPCS,2024-12-31,One month,2024-11-15,1,2024-12-01,YoY carry,38063.93136074532,38062.0,2025-01-16,0.005074249238923301,True
743,RSHPCS,2024-12-31,One month,2024-11-15,1,2024-11-01,Flat level,38179.0,38083.0,2024-12-17,0.25208098101514587,True
744,RSHPCS,2024-12-31,One month,2024-11-15,1,2024-12-01,Flat level,38179.0,38062.0,2025-01-16,0.3073932005674962,True
745,RSHPCS,2024-12-31,One month,2024-11-15,1,2024-11-01,Recent trend,38397.5,38083.0,2024-12-17,0.8258277971798345,True
746,RSHPCS,2024-12-31,One month,2024-11-15,1,2024-12-01,Recent trend,38616.0,38062.0,2025-01-16,1.455519941148653,True
747,RSHPCS,2024-12-31,Two months,2024-12-17,2,2024-12-01,YoY carry,37864.131548366764,38062.0,2025-01-16,-0.5198582618707315,True
748,RSHPCS,2024-12-31,Two months,2024-12-17,2,2024-12-01,Flat level,38083.0,38062.0,2025-01-16,0.055173138563402446,True
749,RSHPCS,2024-12-31,Two months,2024-12-17,2,2024-12-01,Recent trend,37854.0,38062.0,2025-01-16,-0.5464768010088772,True
750,RSHPCS,2025-03-31,Origin,2025-01-01,0,2025-01-01,YoY carry,37261.170025299754,38122.0,2025-02-14,-2.2580923736956193,True
751,RSHPCS,2025-03-31,Origin,2025-01-01,0,2025-02-01,YoY carry,37188.114960218256,38627.0,2025-03-17,-3.7250758272238227,True
752,RSHPCS,2025-03-31,Origin,2025-01-01,0,2025-03-01,YoY carry,37249.85163493502,38921.0,2025-04-16,-4.2936932891369235,True
753,RSHPCS,2025-03-31,Origin,2025-01-01,0,2025-01-01,Flat level,38083.0,38122.0,2025-02-14,-0.1023031320497303,True
754,RSHPCS,2025-03-31,Origin,2025-01-01,0,2025-02-01,Flat level,38083.0,38627.0,2025-03-17,-1.4083413156600333,True
755,RSHPCS,2025-03-31,Origin,2025-01-01,0,2025-03-01,Flat level,38083.0,38921.0,2025-04-16,-2.1530793145088767,True
756,RSHPCS,2025-03-31,Origin,2025-01-01,0,2025-01-01,Recent trend,37625.0,38122.0,2025-02-14,-1.303709144326115,True
757,RSHPCS,2025-03-31,Origin,2025-01-01,0,2025-02-01,Recent trend,37396.0,38627.0,2025-03-17,-3.1868899992233413,True
758,RSHPCS,2025-03-31,Origin,2025-01-01,0,2025-03-01,Recent trend,37167.0,38921.0,2025-04-16,-4.506564579532901,True
759,RSHPCS,2025-03-31,One month,2025-02-14,1,2025-02-01,YoY carry,37508.50594836257,38627.0,2025-03-17,-2.8956275445606305,True
760,RSHPCS,2025-03-31,One month,2025-02-14,1,2025-03-01,YoY carry,37570.77451006092,38921.0,2025-04-16,-3.4691438810387276,True
761,RSHPCS,2025-03-31,One month,2025-02-14,1,2025-02-01,Flat level,38122.0,38627.0,2025-03-17,-1.307375669868227,True
762,RSHPCS,2025-03-31,One month,2025-02-14,1,2025-03-01,Flat level,38122.0,38921.0,2025-04-16,-2.0528763392513083,True
763,RSHPCS,2025-03-31,One month,2025-02-14,1,2025-02-01,Recent trend,38098.0,38627.0,2025-03-17,-1.3695083749708736,True
764,RSHPCS,2025-03-31,One month,2025-02-14,1,2025-03-01,Recent trend,38074.0,38921.0,2025-04-16,-2.176203078029859,True
765,RSHPCS,2025-03-31,Two months,2025-03-17,2,2025-03-01,YoY carry,38109.0226384215,38921.0,2025-04-16,-2.086219165947689,True
766,RSHPCS,2025-03-31,Two months,2025-03-17,2,2025-03-01,Flat level,38627.0,38921.0,2025-04-16,-0.7553762750186266,True
767,RSHPCS,2025-03-31,Two months,2025-03-17,2,2025-03-01,Recent trend,38739.0,38921.0,2025-04-16,-0.467613884535345,True
768,RSHPCS,2025-06-30,Origin,2025-04-01,0,2025-04-01,YoY carry,38019.5450702135,38872.0,2025-05-15,-2.1929793419080634,True
769,RSHPCS,2025-06-30,Origin,2025-04-01,0,2025-05-01,YoY carry,38600.622924928946,38807.0,2025-06-17,-0.5318037340455439,True
770,RSHPCS,2025-06-30,Origin,2025-04-01,0,2025-06-01,YoY carry,38855.370825003476,39035.0,2025-07-17,-0.46017465094536636,True
771,RSHPCS,2025-06-30,Origin,2025-04-01,0,2025-04-01,Flat level,38627.0,38872.0,2025-05-15,-0.6302737188721985,True
772,RSHPCS,2025-06-30,Origin,2025-04-01,0,2025-05-01,Flat level,38627.0,38807.0,2025-06-17,-0.46383384440951136,True
773,RSHPCS,2025-06-30,Origin,2025-04-01,0,2025-06-01,Flat level,38627.0,39035.0,2025-07-17,-1.0452158319456895,True
774,RSHPCS,2025-06-30,Origin,2025-04-01,0,2025-04-01,Recent trend,38851.0,38872.0,2025-05-15,-0.054023461617613844,True
775,RSHPCS,2025-06-30,Origin,2025-04-01,0,2025-05-01,Recent trend,38963.0,38807.0,2025-06-17,0.4019893318215839,True
776,RSHPCS,2025-06-30,Origin,2025-04-01,0,2025-06-01,Recent trend,39075.0,39035.0,2025-07-17,0.10247214038683339,True
777,RSHPCS,2025-06-30,One month,2025-05-15,1,2025-05-01,YoY carry,39076.75293929407,38807.0,2025-06-17,0.6951141270751915,True
778,RSHPCS,2025-06-30,One month,2025-05-15,1,2025-06-01,YoY carry,39188.58072193319,39035.0,2025-07-17,0.39344363246622827,True
779,RSHPCS,2025-06-30,One month,2025-05-15,1,2025-05-01,Flat level,38872.0,38807.0,2025-06-17,0.16749555492565626,True
780,RSHPCS,2025-06-30,One month,2025-05-15,1,2025-06-01,Flat level,38872.0,39035.0,2025-07-17,-0.41757397207634606,True
781,RSHPCS,2025-06-30,One month,2025-05-15,1,2025-05-01,Recent trend,39023.0,38807.0,2025-06-17,0.5566006132914136,True
782,RSHPCS,2025-06-30,One month,2025-05-15,1,2025-06-01,Recent trend,39174.0,39035.0,2025-07-17,0.3560906878442349,True
783,RSHPCS,2025-06-30,Two months,2025-06-17,2,2025-06-01,YoY carry,39192.960370766516,39035.0,2025-07-17,0.40466343221856604,True
784,RSHPCS,2025-06-30,Two months,2025-06-17,2,2025-06-01,Flat level,38807.0,39035.0,2025-07-17,-0.5840912002049392,True
785,RSHPCS,2025-06-30,Two months,2025-06-17,2,2025-06-01,Recent trend,38716.5,39035.0,2025-07-17,-0.8159344178301553,True
786,RSHPCS,2025-09-30,Origin,2025-07-01,0,2025-07-01,YoY carry,40921.598489903794,39655.0,2025-08-15,3.1940448616915695,True
787,RSHPCS,2025-09-30,Origin,2025-07-01,0,2025-08-01,YoY carry,40952.0016729037,39644.0,2025-09-16,3.299368562465199,True
788,RSHPCS,2025-09-30,Origin,2025-07-01,0,2025-09-01,YoY carry,41865.18299086504,40584.0,2025-11-25,3.156867215811743,True
789,RSHPCS,2025-09-30,Origin,2025-07-01,0,2025-07-01,Flat level,38807.0,39655.0,2025-08-15,-2.1384440801916482,True
790,RSHPCS,2025-09-30,Origin,2025-07-01,0,2025-08-01,Flat level,38807.0,39644.0,2025-09-16,-2.1112904853193393,True
791,RSHPCS,2025-09-30,Origin,2025-07-01,0,2025-09-01,Flat level,38807.0,40584.0,2025-11-25,-4.378572836585848,True
792,RSHPCS,2025-09-30,Origin,2025-07-01,0,2025-07-01,Recent trend,38626.0,39655.0,2025-08-15,-2.5948808473080343,True
793,RSHPCS,2025-09-30,Origin,2025-07-01,0,2025-08-01,Recent trend,38535.5,39644.0,2025-09-16,-2.7961356069014176,True
794,RSHPCS,2025-09-30,Origin,2025-07-01,0,2025-09-01,Recent trend,38445.0,40584.0,2025-11-25,-5.270549970431693,True
795,RSHPCS,2025-09-30,One month,2025-08-15,1,2025-08-01,YoY carry,40712.95237660154,39644.0,2025-09-16,2.6963787120410254,True
796,RSHPCS,2025-09-30,One month,2025-08-15,1,2025-09-01,YoY carry,41620.80317731006,40584.0,2025-11-25,2.5547091891140905,True
797,RSHPCS,2025-09-30,One month,2025-08-15,1,2025-08-01,Flat level,39655.0,39644.0,2025-09-16,0.02774694783573839,True
798,RSHPCS,2025-09-30,One month,2025-08-15,1,2025-09-01,Flat level,39655.0,40584.0,2025-11-25,-2.2890794401734693,True
799,RSHPCS,2025-09-30,One month,2025-08-15,1,2025-08-01,Recent trend,39930.5,39644.0,2025-09-16,0.7226818686308034,True
800,RSHPCS,2025-09-30,One month,2025-08-15,1,2025-09-01,Recent trend,40206.0,40584.0,2025-11-25,-0.9314015375517459,True
801,RSHPCS,2025-09-30,Two months,2025-09-16,2,2025-09-01,YoY carry,41196.158639392066,40584.0,2025-11-25,1.5083743332152233,True
802,RSHPCS,2025-09-30,Two months,2025-09-16,2,2025-09-01,Flat level,39644.0,40584.0,2025-11-25,-2.316183717721265,True
803,RSHPCS,2025-09-30,Two months,2025-09-16,2,2025-09-01,Recent trend,39707.5,40584.0,2025-11-25,-2.159718115513498,True
804,RSHPCS,2025-09-30,Pre-earnings,2025-10-23,2,2025-09-01,YoY carry,41196.158639392066,40584.0,2025-11-25,1.5083743332152233,True
805,RSHPCS,2025-09-30,Pre-earnings,2025-10-23,2,2025-09-01,Flat level,39644.0,40584.0,2025-11-25,-2.316183717721265,True
806,RSHPCS,2025-09-30,Pre-earnings,2025-10-23,2,2025-09-01,Recent trend,39707.5,40584.0,2025-11-25,-2.159718115513498,True
807,RSHPCS,2025-12-31,Origin,2025-10-01,0,2025-10-01,YoY carry,40849.97243233835,40399.0,2025-12-16,1.116296027966901,True
808,RSHPCS,2025-12-31,Origin,2025-10-01,0,2025-11-01,YoY carry,40692.906468026944,40677.0,2026-01-14,0.0391043292940596,True
809,RSHPCS,2025-12-31,Origin,2025-10-01,0,2025-12-01,YoY carry,40494.16994175537,40512.0,2026-02-10,-0.04401179464018634,True
810,RSHPCS,2025-12-31,Origin,2025-10-01,0,2025-10-01,Flat level,39644.0,40399.0,2025-12-16,-1.8688581400529758,True
811,RSHPCS,2025-12-31,Origin,2025-10-01,0,2025-11-01,Flat level,39644.0,40677.0,2026-01-14,-2.5395186469011954,True
812,RSHPCS,2025-12-31,Origin,2025-10-01,0,2025-12-01,Flat level,39644.0,40512.0,2026-02-10,-2.1425750394944654,True
813,RSHPCS,2025-12-31,Origin,2025-10-01,0,2025-10-01,Recent trend,39771.0,40399.0,2025-12-16,-1.5544939231169064,True
814,RSHPCS,2025-12-31,Origin,2025-10-01,0,2025-11-01,Recent trend,39834.5,40677.0,2026-01-14,-2.0711950242151556,True
815,RSHPCS,2025-12-31,Origin,2025-10-01,0,2025-12-01,Recent trend,39898.0,40512.0,2026-02-10,-1.5156003159557674,True
816,RSHPCS,2025-12-31,One month,2025-12-16,1,2025-11-01,YoY carry,40377.25530061999,40677.0,2026-01-14,-0.736889887110681,True
817,RSHPCS,2025-12-31,One month,2025-12-16,1,2025-12-01,YoY carry,40180.0603554732,40512.0,2026-02-10,-0.819361286845377,True
818,RSHPCS,2025-12-31,One month,2025-12-16,1,2025-11-01,Flat level,40399.0,40677.0,2026-01-14,-0.6834328981979998,True
819,RSHPCS,2025-12-31,One month,2025-12-16,1,2025-12-01,Flat level,40399.0,40512.0,2026-02-10,-0.2789296998420232,True
820,RSHPCS,2025-12-31,One month,2025-12-16,1,2025-11-01,Recent trend,40539.5,40677.0,2026-01-14,-0.33802886151879097,True
821,RSHPCS,2025-12-31,One month,2025-12-16,1,2025-12-01,Recent trend,40680.0,40512.0,2026-02-10,0.4146919431279539,True
822,RSHPCS,2025-12-31,Two months,2026-01-14,2,2025-12-01,YoY carry,40275.73665577103,40512.0,2026-02-10,-0.5831934839775177,True
823,RSHPCS,2025-12-31,Two months,2026-01-14,2,2025-12-01,Flat level,40677.0,40512.0,2026-02-10,0.4072867298578142,True
824,RSHPCS,2025-12-31,Two months,2026-01-14,2,2025-12-01,Recent trend,40697.0,40512.0,2026-02-10,0.4566548183254415,True
825,RSHPCS,2025-12-31,Pre-earnings,2026-01-22,2,2025-12-01,YoY carry,40275.73665577103,40512.0,2026-02-10,-0.5831934839775177,True
826,RSHPCS,2025-12-31,Pre-earnings,2026-01-22,2,2025-12-01,Flat level,40677.0,40512.0,2026-02-10,0.4072867298578142,True
827,RSHPCS,2025-12-31,Pre-earnings,2026-01-22,2,2025-12-01,Recent trend,40697.0,40512.0,2026-02-10,0.4566548183254415,True
828,RSHPCS,2026-03-31,Origin,2026-01-01,0,2026-01-01,YoY carry,39718.87862892024,38910.0,2026-03-06,2.078845101311333,True
829,RSHPCS,2026-03-31,Origin,2026-01-01,0,2026-02-01,YoY carry,40891.446421029614,39850.0,2026-04-01,2.613416363938814,True
830,RSHPCS,2026-03-31,Origin,2026-01-01,0,2026-03-01,YoY carry,41334.60495367132,39866.0,2026-04-21,3.6838532927088607,True
831,RSHPCS,2026-03-31,Origin,2026-01-01,0,2026-01-01,Flat level,40399.0,38910.0,2026-03-06,3.8267797481367216,True
832,RSHPCS,2026-03-31,Origin,2026-01-01,0,2026-02-01,Flat level,40399.0,39850.0,2026-04-01,1.3776662484316082,True
833,RSHPCS,2026-03-31,Origin,2026-01-01,0,2026-03-01,Flat level,40399.0,39866.0,2026-04-21,1.336978879245465,True
834,RSHPCS,2026-03-31,Origin,2026-01-01,0,2026-01-01,Recent trend,40820.5,38910.0,2026-03-06,4.9100488306347945,True
835,RSHPCS,2026-03-31,Origin,2026-01-01,0,2026-02-01,Recent trend,40961.0,39850.0,2026-04-01,2.7879548306148028,True
836,RSHPCS,2026-03-31,Origin,2026-01-01,0,2026-03-01,Recent trend,41101.5,39866.0,2026-04-21,3.0991320925099153,True
837,RSHPCS,2026-03-31,One month,2026-03-06,1,2026-02-01,YoY carry,40439.30848068168,39850.0,2026-04-01,1.4788167645713335,True
838,RSHPCS,2026-03-31,One month,2026-03-06,1,2026-03-01,YoY carry,40877.56699623586,39866.0,2026-04-21,2.5374178403548386,True
839,RSHPCS,2026-03-31,One month,2026-03-06,1,2026-02-01,Flat level,38910.0,39850.0,2026-04-01,-2.358845671267251,True
840,RSHPCS,2026-03-31,One month,2026-03-06,1,2026-03-01,Flat level,38910.0,39866.0,2026-04-21,-2.3980334119299673,True
841,RSHPCS,2026-03-31,One month,2026-03-06,1,2026-02-01,Recent trend,38254.0,39850.0,2026-04-01,-4.005018820577167,True
842,RSHPCS,2026-03-31,One month,2026-03-06,1,2026-03-01,Recent trend,37598.0,39866.0,2026-04-21,-5.689058345457287,True
843,RSHPCS,2026-03-31,Two months,2026-04-01,2,2026-03-01,YoY carry,40510.69178277834,39866.0,2026-04-21,1.6171468990576976,True
844,RSHPCS,2026-03-31,Two months,2026-04-01,2,2026-03-01,Flat level,39850.0,39866.0,2026-04-21,-0.04013445040886854,True
845,RSHPCS,2026-03-31,Two months,2026-04-01,2,2026-03-01,Recent trend,39715.5,39866.0,2026-04-21,-0.3775146741584301,True
