pair,quarter,stage,cutoff,company_quarter,published,market_growth,company_growth
Health Care | price_contribution | CUUR0000SEGB,2024-09-30,Origin,2024-07-01,2021-03-31,2021-04-20,-0.3577033906046245,0.0
Health Care | price_contribution | CUUR0000SEGB,2024-09-30,Origin,2024-07-01,2021-06-30,2021-07-30,-0.2202606487071601,1.0
Health Care | price_contribution | CUUR0000SEGB,2024-09-30,Origin,2024-07-01,2021-09-30,2021-10-19,-0.33137395300817385,1.0
Health Care | price_contribution | CUUR0000SEGB,2024-09-30,Origin,2024-07-01,2021-12-31,2022-01-19,0.031151475618229618,1.0
Health Care | price_contribution | CUUR0000SEGB,2024-09-30,Origin,2024-07-01,2022-03-31,2022-04-20,1.0280001916822323,3.0
Health Care | price_contribution | CUUR0000SEGB,2024-09-30,Origin,2024-07-01,2022-06-30,2022-07-29,2.912272941608496,5.0
Health Care | price_contribution | CUUR0000SEGB,2024-09-30,Origin,2024-07-01,2022-09-30,2022-10-19,5.850277341531052,6.0
Health Care | price_contribution | CUUR0000SEGB,2024-09-30,Origin,2024-07-01,2022-12-31,2023-01-19,7.25603345755208,5.0
Health Care | price_contribution | CUUR0000SEGB,2024-09-30,Origin,2024-07-01,2023-03-31,2023-04-21,6.77239402344838,6.0
Health Care | price_contribution | CUUR0000SEGB,2024-09-30,Origin,2024-07-01,2023-06-30,2023-07-28,7.05822723217906,6.0
Health Care | price_contribution | CUUR0000SEGB,2024-09-30,Origin,2024-07-01,2023-09-30,2023-10-18,5.4935927157217845,6.0
Health Care | price_contribution | CUUR0000SEGB,2024-09-30,Origin,2024-07-01,2023-12-31,2024-01-23,4.212216519153356,5.0
Health Care | price_contribution | CUUR0000SEGB,2024-09-30,Origin,2024-07-01,2024-03-31,2024-04-19,3.636809635836169,4.0
Health Care | price_contribution | CUUR0000SEGB,2024-09-30,One month,2024-08-14,2022-03-31,2022-04-20,1.0280001916822323,3.0
Health Care | price_contribution | CUUR0000SEGB,2024-09-30,One month,2024-08-14,2022-06-30,2022-07-29,2.912272941608496,5.0
Health Care | price_contribution | CUUR0000SEGB,2024-09-30,One month,2024-08-14,2022-09-30,2022-10-19,5.850277341531052,6.0
Health Care | price_contribution | CUUR0000SEGB,2024-09-30,One month,2024-08-14,2022-12-31,2023-01-19,7.25603345755208,5.0
Health Care | price_contribution | CUUR0000SEGB,2024-09-30,One month,2024-08-14,2023-03-31,2023-04-21,6.77239402344838,6.0
Health Care | price_contribution | CUUR0000SEGB,2024-09-30,One month,2024-08-14,2023-06-30,2023-07-28,7.05822723217906,6.0
Health Care | price_contribution | CUUR0000SEGB,2024-09-30,One month,2024-08-14,2023-09-30,2023-10-18,5.4935927157217845,6.0
Health Care | price_contribution | CUUR0000SEGB,2024-09-30,One month,2024-08-14,2023-12-31,2024-01-23,4.212216519153356,5.0
Health Care | price_contribution | CUUR0000SEGB,2024-09-30,One month,2024-08-14,2024-03-31,2024-04-19,3.636809635836169,4.0
Health Care | price_contribution | CUUR0000SEGB,2024-09-30,One month,2024-08-14,2024-06-30,2024-07-30,1.6547550061168037,2.0
Health Care | price_contribution | CUUR0000SEGB,2024-09-30,Two months,2024-09-11,2022-03-31,2022-04-20,1.0280001916822323,3.0
Health Care | price_contribution | CUUR0000SEGB,2024-09-30,Two months,2024-09-11,2022-06-30,2022-07-29,2.912272941608496,5.0
Health Care | price_contribution | CUUR0000SEGB,2024-09-30,Two months,2024-09-11,2022-09-30,2022-10-19,5.850277341531052,6.0
Health Care | price_contribution | CUUR0000SEGB,2024-09-30,Two months,2024-09-11,2022-12-31,2023-01-19,7.25603345755208,5.0
Health Care | price_contribution | CUUR0000SEGB,2024-09-30,Two months,2024-09-11,2023-03-31,2023-04-21,6.77239402344838,6.0
Health Care | price_contribution | CUUR0000SEGB,2024-09-30,Two months,2024-09-11,2023-06-30,2023-07-28,7.05822723217906,6.0
Health Care | price_contribution | CUUR0000SEGB,2024-09-30,Two months,2024-09-11,2023-09-30,2023-10-18,5.4935927157217845,6.0
Health Care | price_contribution | CUUR0000SEGB,2024-09-30,Two months,2024-09-11,2023-12-31,2024-01-23,4.212216519153356,5.0
Health Care | price_contribution | CUUR0000SEGB,2024-09-30,Two months,2024-09-11,2024-03-31,2024-04-19,3.636809635836169,4.0
Health Care | price_contribution | CUUR0000SEGB,2024-09-30,Two months,2024-09-11,2024-06-30,2024-07-30,1.6547550061168037,2.0
Health Care | price_contribution | CUUR0000SEGB,2024-09-30,Pre-earnings,2024-10-17,2021-03-31,2021-04-20,-0.3577033906046245,0.0
Health Care | price_contribution | CUUR0000SEGB,2024-09-30,Pre-earnings,2024-10-17,2021-06-30,2021-07-30,-0.2202606487071601,1.0
Health Care | price_contribution | CUUR0000SEGB,2024-09-30,Pre-earnings,2024-10-17,2021-09-30,2021-10-19,-0.33137395300817385,1.0
Health Care | price_contribution | CUUR0000SEGB,2024-09-30,Pre-earnings,2024-10-17,2021-12-31,2022-01-19,0.031151475618229618,1.0
Health Care | price_contribution | CUUR0000SEGB,2024-09-30,Pre-earnings,2024-10-17,2022-03-31,2022-04-20,1.0280001916822323,3.0
Health Care | price_contribution | CUUR0000SEGB,2024-09-30,Pre-earnings,2024-10-17,2022-06-30,2022-07-29,2.912272941608496,5.0
Health Care | price_contribution | CUUR0000SEGB,2024-09-30,Pre-earnings,2024-10-17,2022-09-30,2022-10-19,5.850277341531052,6.0
Health Care | price_contribution | CUUR0000SEGB,2024-09-30,Pre-earnings,2024-10-17,2022-12-31,2023-01-19,7.25603345755208,5.0
Health Care | price_contribution | CUUR0000SEGB,2024-09-30,Pre-earnings,2024-10-17,2023-03-31,2023-04-21,6.77239402344838,6.0
Health Care | price_contribution | CUUR0000SEGB,2024-09-30,Pre-earnings,2024-10-17,2023-06-30,2023-07-28,7.05822723217906,6.0
Health Care | price_contribution | CUUR0000SEGB,2024-09-30,Pre-earnings,2024-10-17,2023-09-30,2023-10-18,5.4935927157217845,6.0
Health Care | price_contribution | CUUR0000SEGB,2024-09-30,Pre-earnings,2024-10-17,2023-12-31,2024-01-23,4.212216519153356,5.0
Health Care | price_contribution | CUUR0000SEGB,2024-09-30,Pre-earnings,2024-10-17,2024-03-31,2024-04-19,3.636809635836169,4.0
Health Care | price_contribution | CUUR0000SEGB,2024-09-30,Pre-earnings,2024-10-17,2024-06-30,2024-07-30,1.6547550061168037,2.0
Health Care | price_contribution | CUUR0000SEGB,2024-12-31,Origin,2024-10-01,2021-03-31,2021-04-20,-0.3577033906046245,0.0
Health Care | price_contribution | CUUR0000SEGB,2024-12-31,Origin,2024-10-01,2021-06-30,2021-07-30,-0.2202606487071601,1.0
Health Care | price_contribution | CUUR0000SEGB,2024-12-31,Origin,2024-10-01,2021-09-30,2021-10-19,-0.33137395300817385,1.0
Health Care | price_contribution | CUUR0000SEGB,2024-12-31,Origin,2024-10-01,2021-12-31,2022-01-19,0.031151475618229618,1.0
Health Care | price_contribution | CUUR0000SEGB,2024-12-31,Origin,2024-10-01,2022-03-31,2022-04-20,1.0280001916822323,3.0
Health Care | price_contribution | CUUR0000SEGB,2024-12-31,Origin,2024-10-01,2022-06-30,2022-07-29,2.912272941608496,5.0
Health Care | price_contribution | CUUR0000SEGB,2024-12-31,Origin,2024-10-01,2022-09-30,2022-10-19,5.850277341531052,6.0
Health Care | price_contribution | CUUR0000SEGB,2024-12-31,Origin,2024-10-01,2022-12-31,2023-01-19,7.25603345755208,5.0
Health Care | price_contribution | CUUR0000SEGB,2024-12-31,Origin,2024-10-01,2023-03-31,2023-04-21,6.77239402344838,6.0
Health Care | price_contribution | CUUR0000SEGB,2024-12-31,Origin,2024-10-01,2023-06-30,2023-07-28,7.05822723217906,6.0
Health Care | price_contribution | CUUR0000SEGB,2024-12-31,Origin,2024-10-01,2023-09-30,2023-10-18,5.4935927157217845,6.0
Health Care | price_contribution | CUUR0000SEGB,2024-12-31,Origin,2024-10-01,2023-12-31,2024-01-23,4.212216519153356,5.0
Health Care | price_contribution | CUUR0000SEGB,2024-12-31,Origin,2024-10-01,2024-03-31,2024-04-19,3.636809635836169,4.0
Health Care | price_contribution | CUUR0000SEGB,2024-12-31,Origin,2024-10-01,2024-06-30,2024-07-30,1.6547550061168037,2.0
Health Care | price_contribution | CUUR0000SEGB,2024-12-31,One month,2024-11-13,2022-03-31,2022-04-20,1.0280001916822323,3.0
Health Care | price_contribution | CUUR0000SEGB,2024-12-31,One month,2024-11-13,2022-06-30,2022-07-29,2.912272941608496,5.0
Health Care | price_contribution | CUUR0000SEGB,2024-12-31,One month,2024-11-13,2022-09-30,2022-10-19,5.850277341531052,6.0
Health Care | price_contribution | CUUR0000SEGB,2024-12-31,One month,2024-11-13,2022-12-31,2023-01-19,7.25603345755208,5.0
Health Care | price_contribution | CUUR0000SEGB,2024-12-31,One month,2024-11-13,2023-03-31,2023-04-21,6.77239402344838,6.0
Health Care | price_contribution | CUUR0000SEGB,2024-12-31,One month,2024-11-13,2023-06-30,2023-07-28,7.05822723217906,6.0
Health Care | price_contribution | CUUR0000SEGB,2024-12-31,One month,2024-11-13,2023-09-30,2023-10-18,5.4935927157217845,6.0
Health Care | price_contribution | CUUR0000SEGB,2024-12-31,One month,2024-11-13,2023-12-31,2024-01-23,4.212216519153356,5.0
Health Care | price_contribution | CUUR0000SEGB,2024-12-31,One month,2024-11-13,2024-03-31,2024-04-19,3.636809635836169,4.0
Health Care | price_contribution | CUUR0000SEGB,2024-12-31,One month,2024-11-13,2024-06-30,2024-07-30,1.6547550061168037,2.0
Health Care | price_contribution | CUUR0000SEGB,2024-12-31,One month,2024-11-13,2024-09-30,2024-10-18,0.373301115227731,1.0
Health Care | price_contribution | CUUR0000SEGB,2024-12-31,Two months,2024-12-11,2022-03-31,2022-04-20,1.0280001916822323,3.0
Health Care | price_contribution | CUUR0000SEGB,2024-12-31,Two months,2024-12-11,2022-06-30,2022-07-29,2.912272941608496,5.0
Health Care | price_contribution | CUUR0000SEGB,2024-12-31,Two months,2024-12-11,2022-09-30,2022-10-19,5.850277341531052,6.0
Health Care | price_contribution | CUUR0000SEGB,2024-12-31,Two months,2024-12-11,2022-12-31,2023-01-19,7.25603345755208,5.0
Health Care | price_contribution | CUUR0000SEGB,2024-12-31,Two months,2024-12-11,2023-03-31,2023-04-21,6.77239402344838,6.0
Health Care | price_contribution | CUUR0000SEGB,2024-12-31,Two months,2024-12-11,2023-06-30,2023-07-28,7.05822723217906,6.0
Health Care | price_contribution | CUUR0000SEGB,2024-12-31,Two months,2024-12-11,2023-09-30,2023-10-18,5.4935927157217845,6.0
Health Care | price_contribution | CUUR0000SEGB,2024-12-31,Two months,2024-12-11,2023-12-31,2024-01-23,4.212216519153356,5.0
Health Care | price_contribution | CUUR0000SEGB,2024-12-31,Two months,2024-12-11,2024-03-31,2024-04-19,3.636809635836169,4.0
Health Care | price_contribution | CUUR0000SEGB,2024-12-31,Two months,2024-12-11,2024-06-30,2024-07-30,1.6547550061168037,2.0
Health Care | price_contribution | CUUR0000SEGB,2024-12-31,Two months,2024-12-11,2024-09-30,2024-10-18,0.373301115227731,1.0
Health Care | price_contribution | CUUR0000SEGB,2024-12-31,Pre-earnings,2025-01-21,2021-03-31,2021-04-20,-0.3577033906046245,0.0
Health Care | price_contribution | CUUR0000SEGB,2024-12-31,Pre-earnings,2025-01-21,2021-06-30,2021-07-30,-0.2202606487071601,1.0
Health Care | price_contribution | CUUR0000SEGB,2024-12-31,Pre-earnings,2025-01-21,2021-09-30,2021-10-19,-0.33137395300817385,1.0
Health Care | price_contribution | CUUR0000SEGB,2024-12-31,Pre-earnings,2025-01-21,2021-12-31,2022-01-19,0.031151475618229618,1.0
Health Care | price_contribution | CUUR0000SEGB,2024-12-31,Pre-earnings,2025-01-21,2022-03-31,2022-04-20,1.0280001916822323,3.0
Health Care | price_contribution | CUUR0000SEGB,2024-12-31,Pre-earnings,2025-01-21,2022-06-30,2022-07-29,2.912272941608496,5.0
Health Care | price_contribution | CUUR0000SEGB,2024-12-31,Pre-earnings,2025-01-21,2022-09-30,2022-10-19,5.850277341531052,6.0
Health Care | price_contribution | CUUR0000SEGB,2024-12-31,Pre-earnings,2025-01-21,2022-12-31,2023-01-19,7.25603345755208,5.0
Health Care | price_contribution | CUUR0000SEGB,2024-12-31,Pre-earnings,2025-01-21,2023-03-31,2023-04-21,6.77239402344838,6.0
Health Care | price_contribution | CUUR0000SEGB,2024-12-31,Pre-earnings,2025-01-21,2023-06-30,2023-07-28,7.05822723217906,6.0
Health Care | price_contribution | CUUR0000SEGB,2024-12-31,Pre-earnings,2025-01-21,2023-09-30,2023-10-18,5.4935927157217845,6.0
Health Care | price_contribution | CUUR0000SEGB,2024-12-31,Pre-earnings,2025-01-21,2023-12-31,2024-01-23,4.212216519153356,5.0
Health Care | price_contribution | CUUR0000SEGB,2024-12-31,Pre-earnings,2025-01-21,2024-03-31,2024-04-19,3.636809635836169,4.0
Health Care | price_contribution | CUUR0000SEGB,2024-12-31,Pre-earnings,2025-01-21,2024-06-30,2024-07-30,1.6547550061168037,2.0
Health Care | price_contribution | CUUR0000SEGB,2024-12-31,Pre-earnings,2025-01-21,2024-09-30,2024-10-18,0.373301115227731,1.0
Health Care | price_contribution | CUUR0000SEGB,2025-03-31,Origin,2025-01-01,2021-03-31,2021-04-20,-0.3577033906046245,0.0
Health Care | price_contribution | CUUR0000SEGB,2025-03-31,Origin,2025-01-01,2021-06-30,2021-07-30,-0.2202606487071601,1.0
Health Care | price_contribution | CUUR0000SEGB,2025-03-31,Origin,2025-01-01,2021-09-30,2021-10-19,-0.33137395300817385,1.0
Health Care | price_contribution | CUUR0000SEGB,2025-03-31,Origin,2025-01-01,2021-12-31,2022-01-19,0.031151475618229618,1.0
Health Care | price_contribution | CUUR0000SEGB,2025-03-31,Origin,2025-01-01,2022-03-31,2022-04-20,1.0280001916822323,3.0
Health Care | price_contribution | CUUR0000SEGB,2025-03-31,Origin,2025-01-01,2022-06-30,2022-07-29,2.912272941608496,5.0
Health Care | price_contribution | CUUR0000SEGB,2025-03-31,Origin,2025-01-01,2022-09-30,2022-10-19,5.850277341531052,6.0
Health Care | price_contribution | CUUR0000SEGB,2025-03-31,Origin,2025-01-01,2022-12-31,2023-01-19,7.25603345755208,5.0
Health Care | price_contribution | CUUR0000SEGB,2025-03-31,Origin,2025-01-01,2023-03-31,2023-04-21,6.77239402344838,6.0
Health Care | price_contribution | CUUR0000SEGB,2025-03-31,Origin,2025-01-01,2023-06-30,2023-07-28,7.05822723217906,6.0
Health Care | price_contribution | CUUR0000SEGB,2025-03-31,Origin,2025-01-01,2023-09-30,2023-10-18,5.4935927157217845,6.0
Health Care | price_contribution | CUUR0000SEGB,2025-03-31,Origin,2025-01-01,2023-12-31,2024-01-23,4.212216519153356,5.0
Health Care | price_contribution | CUUR0000SEGB,2025-03-31,Origin,2025-01-01,2024-03-31,2024-04-19,3.636809635836169,4.0
Health Care | price_contribution | CUUR0000SEGB,2025-03-31,Origin,2025-01-01,2024-06-30,2024-07-30,1.6547550061168037,2.0
Health Care | price_contribution | CUUR0000SEGB,2025-03-31,Origin,2025-01-01,2024-09-30,2024-10-18,0.373301115227731,1.0
Health Care | price_contribution | CUUR0000SEGB,2025-03-31,One month,2025-02-12,2022-03-31,2022-04-20,1.0280001916822323,3.0
Health Care | price_contribution | CUUR0000SEGB,2025-03-31,One month,2025-02-12,2022-06-30,2022-07-29,2.912272941608496,5.0
Health Care | price_contribution | CUUR0000SEGB,2025-03-31,One month,2025-02-12,2022-09-30,2022-10-19,5.850277341531052,6.0
Health Care | price_contribution | CUUR0000SEGB,2025-03-31,One month,2025-02-12,2022-12-31,2023-01-19,7.25603345755208,5.0
Health Care | price_contribution | CUUR0000SEGB,2025-03-31,One month,2025-02-12,2023-03-31,2023-04-21,6.77239402344838,6.0
Health Care | price_contribution | CUUR0000SEGB,2025-03-31,One month,2025-02-12,2023-06-30,2023-07-28,7.05822723217906,6.0
Health Care | price_contribution | CUUR0000SEGB,2025-03-31,One month,2025-02-12,2023-09-30,2023-10-18,5.4935927157217845,6.0
Health Care | price_contribution | CUUR0000SEGB,2025-03-31,One month,2025-02-12,2023-12-31,2024-01-23,4.212216519153356,5.0
Health Care | price_contribution | CUUR0000SEGB,2025-03-31,One month,2025-02-12,2024-03-31,2024-04-19,3.636809635836169,4.0
Health Care | price_contribution | CUUR0000SEGB,2025-03-31,One month,2025-02-12,2024-06-30,2024-07-30,1.6547550061168037,2.0
Health Care | price_contribution | CUUR0000SEGB,2025-03-31,One month,2025-02-12,2024-09-30,2024-10-18,0.373301115227731,1.0
Health Care | price_contribution | CUUR0000SEGB,2025-03-31,One month,2025-02-12,2024-12-31,2025-01-22,0.341068456777438,1.0
Health Care | price_contribution | CUUR0000SEGB,2025-03-31,Two months,2025-03-12,2022-03-31,2022-04-20,1.0280001916822323,3.0
Health Care | price_contribution | CUUR0000SEGB,2025-03-31,Two months,2025-03-12,2022-06-30,2022-07-29,2.912272941608496,5.0
Health Care | price_contribution | CUUR0000SEGB,2025-03-31,Two months,2025-03-12,2022-09-30,2022-10-19,5.850277341531052,6.0
Health Care | price_contribution | CUUR0000SEGB,2025-03-31,Two months,2025-03-12,2022-12-31,2023-01-19,7.25603345755208,5.0
Health Care | price_contribution | CUUR0000SEGB,2025-03-31,Two months,2025-03-12,2023-03-31,2023-04-21,6.77239402344838,6.0
Health Care | price_contribution | CUUR0000SEGB,2025-03-31,Two months,2025-03-12,2023-06-30,2023-07-28,7.05822723217906,6.0
Health Care | price_contribution | CUUR0000SEGB,2025-03-31,Two months,2025-03-12,2023-09-30,2023-10-18,5.4935927157217845,6.0
Health Care | price_contribution | CUUR0000SEGB,2025-03-31,Two months,2025-03-12,2023-12-31,2024-01-23,4.212216519153356,5.0
Health Care | price_contribution | CUUR0000SEGB,2025-03-31,Two months,2025-03-12,2024-03-31,2024-04-19,3.636809635836169,4.0
Health Care | price_contribution | CUUR0000SEGB,2025-03-31,Two months,2025-03-12,2024-06-30,2024-07-30,1.6547550061168037,2.0
Health Care | price_contribution | CUUR0000SEGB,2025-03-31,Two months,2025-03-12,2024-09-30,2024-10-18,0.373301115227731,1.0
Health Care | price_contribution | CUUR0000SEGB,2025-03-31,Two months,2025-03-12,2024-12-31,2025-01-22,0.341068456777438,1.0
Health Care | price_contribution | CUUR0000SEGB,2025-03-31,Pre-earnings,2025-04-23,2021-03-31,2021-04-20,-0.3577033906046245,0.0
Health Care | price_contribution | CUUR0000SEGB,2025-03-31,Pre-earnings,2025-04-23,2021-06-30,2021-07-30,-0.2202606487071601,1.0
Health Care | price_contribution | CUUR0000SEGB,2025-03-31,Pre-earnings,2025-04-23,2021-09-30,2021-10-19,-0.33137395300817385,1.0
Health Care | price_contribution | CUUR0000SEGB,2025-03-31,Pre-earnings,2025-04-23,2021-12-31,2022-01-19,0.031151475618229618,1.0
Health Care | price_contribution | CUUR0000SEGB,2025-03-31,Pre-earnings,2025-04-23,2022-03-31,2022-04-20,1.0280001916822323,3.0
Health Care | price_contribution | CUUR0000SEGB,2025-03-31,Pre-earnings,2025-04-23,2022-06-30,2022-07-29,2.912272941608496,5.0
Health Care | price_contribution | CUUR0000SEGB,2025-03-31,Pre-earnings,2025-04-23,2022-09-30,2022-10-19,5.850277341531052,6.0
Health Care | price_contribution | CUUR0000SEGB,2025-03-31,Pre-earnings,2025-04-23,2022-12-31,2023-01-19,7.25603345755208,5.0
Health Care | price_contribution | CUUR0000SEGB,2025-03-31,Pre-earnings,2025-04-23,2023-03-31,2023-04-21,6.77239402344838,6.0
Health Care | price_contribution | CUUR0000SEGB,2025-03-31,Pre-earnings,2025-04-23,2023-06-30,2023-07-28,7.05822723217906,6.0
Health Care | price_contribution | CUUR0000SEGB,2025-03-31,Pre-earnings,2025-04-23,2023-09-30,2023-10-18,5.4935927157217845,6.0
Health Care | price_contribution | CUUR0000SEGB,2025-03-31,Pre-earnings,2025-04-23,2023-12-31,2024-01-23,4.212216519153356,5.0
Health Care | price_contribution | CUUR0000SEGB,2025-03-31,Pre-earnings,2025-04-23,2024-03-31,2024-04-19,3.636809635836169,4.0
Health Care | price_contribution | CUUR0000SEGB,2025-03-31,Pre-earnings,2025-04-23,2024-06-30,2024-07-30,1.6547550061168037,2.0
Health Care | price_contribution | CUUR0000SEGB,2025-03-31,Pre-earnings,2025-04-23,2024-09-30,2024-10-18,0.373301115227731,1.0
Health Care | price_contribution | CUUR0000SEGB,2025-03-31,Pre-earnings,2025-04-23,2024-12-31,2025-01-22,0.341068456777438,1.0
Health Care | price_contribution | CUUR0000SEGB,2025-06-30,Origin,2025-04-01,2021-03-31,2021-04-20,-0.3577033906046245,0.0
Health Care | price_contribution | CUUR0000SEGB,2025-06-30,Origin,2025-04-01,2021-06-30,2021-07-30,-0.2202606487071601,1.0
Health Care | price_contribution | CUUR0000SEGB,2025-06-30,Origin,2025-04-01,2021-09-30,2021-10-19,-0.33137395300817385,1.0
Health Care | price_contribution | CUUR0000SEGB,2025-06-30,Origin,2025-04-01,2021-12-31,2022-01-19,0.031151475618229618,1.0
Health Care | price_contribution | CUUR0000SEGB,2025-06-30,Origin,2025-04-01,2022-03-31,2022-04-20,1.0280001916822323,3.0
Health Care | price_contribution | CUUR0000SEGB,2025-06-30,Origin,2025-04-01,2022-06-30,2022-07-29,2.912272941608496,5.0
Health Care | price_contribution | CUUR0000SEGB,2025-06-30,Origin,2025-04-01,2022-09-30,2022-10-19,5.850277341531052,6.0
Health Care | price_contribution | CUUR0000SEGB,2025-06-30,Origin,2025-04-01,2022-12-31,2023-01-19,7.25603345755208,5.0
Health Care | price_contribution | CUUR0000SEGB,2025-06-30,Origin,2025-04-01,2023-03-31,2023-04-21,6.77239402344838,6.0
Health Care | price_contribution | CUUR0000SEGB,2025-06-30,Origin,2025-04-01,2023-06-30,2023-07-28,7.05822723217906,6.0
Health Care | price_contribution | CUUR0000SEGB,2025-06-30,Origin,2025-04-01,2023-09-30,2023-10-18,5.4935927157217845,6.0
Health Care | price_contribution | CUUR0000SEGB,2025-06-30,Origin,2025-04-01,2023-12-31,2024-01-23,4.212216519153356,5.0
Health Care | price_contribution | CUUR0000SEGB,2025-06-30,Origin,2025-04-01,2024-03-31,2024-04-19,3.636809635836169,4.0
Health Care | price_contribution | CUUR0000SEGB,2025-06-30,Origin,2025-04-01,2024-06-30,2024-07-30,1.6547550061168037,2.0
Health Care | price_contribution | CUUR0000SEGB,2025-06-30,Origin,2025-04-01,2024-09-30,2024-10-18,0.373301115227731,1.0
Health Care | price_contribution | CUUR0000SEGB,2025-06-30,Origin,2025-04-01,2024-12-31,2025-01-22,0.341068456777438,1.0
Health Care | price_contribution | CUUR0000SEGB,2025-06-30,One month,2025-05-13,2022-03-31,2022-04-20,1.0280001916822323,3.0
Health Care | price_contribution | CUUR0000SEGB,2025-06-30,One month,2025-05-13,2022-06-30,2022-07-29,2.912272941608496,5.0
Health Care | price_contribution | CUUR0000SEGB,2025-06-30,One month,2025-05-13,2022-09-30,2022-10-19,5.850277341531052,6.0
Health Care | price_contribution | CUUR0000SEGB,2025-06-30,One month,2025-05-13,2022-12-31,2023-01-19,7.25603345755208,5.0
Health Care | price_contribution | CUUR0000SEGB,2025-06-30,One month,2025-05-13,2023-03-31,2023-04-21,6.77239402344838,6.0
Health Care | price_contribution | CUUR0000SEGB,2025-06-30,One month,2025-05-13,2023-06-30,2023-07-28,7.05822723217906,6.0
Health Care | price_contribution | CUUR0000SEGB,2025-06-30,One month,2025-05-13,2023-09-30,2023-10-18,5.4935927157217845,6.0
Health Care | price_contribution | CUUR0000SEGB,2025-06-30,One month,2025-05-13,2023-12-31,2024-01-23,4.212216519153356,5.0
Health Care | price_contribution | CUUR0000SEGB,2025-06-30,One month,2025-05-13,2024-03-31,2024-04-19,3.636809635836169,4.0
Health Care | price_contribution | CUUR0000SEGB,2025-06-30,One month,2025-05-13,2024-06-30,2024-07-30,1.6547550061168037,2.0
Health Care | price_contribution | CUUR0000SEGB,2025-06-30,One month,2025-05-13,2024-09-30,2024-10-18,0.373301115227731,1.0
Health Care | price_contribution | CUUR0000SEGB,2025-06-30,One month,2025-05-13,2024-12-31,2025-01-22,0.341068456777438,1.0
Health Care | price_contribution | CUUR0000SEGB,2025-06-30,One month,2025-05-13,2025-03-31,2025-04-24,0.23594619830289432,1.0
Health Care | price_contribution | CUUR0000SEGB,2025-06-30,Two months,2025-06-11,2022-03-31,2022-04-20,1.0280001916822323,3.0
Health Care | price_contribution | CUUR0000SEGB,2025-06-30,Two months,2025-06-11,2022-06-30,2022-07-29,2.912272941608496,5.0
Health Care | price_contribution | CUUR0000SEGB,2025-06-30,Two months,2025-06-11,2022-09-30,2022-10-19,5.850277341531052,6.0
Health Care | price_contribution | CUUR0000SEGB,2025-06-30,Two months,2025-06-11,2022-12-31,2023-01-19,7.25603345755208,5.0
Health Care | price_contribution | CUUR0000SEGB,2025-06-30,Two months,2025-06-11,2023-03-31,2023-04-21,6.77239402344838,6.0
Health Care | price_contribution | CUUR0000SEGB,2025-06-30,Two months,2025-06-11,2023-06-30,2023-07-28,7.05822723217906,6.0
Health Care | price_contribution | CUUR0000SEGB,2025-06-30,Two months,2025-06-11,2023-09-30,2023-10-18,5.4935927157217845,6.0
Health Care | price_contribution | CUUR0000SEGB,2025-06-30,Two months,2025-06-11,2023-12-31,2024-01-23,4.212216519153356,5.0
Health Care | price_contribution | CUUR0000SEGB,2025-06-30,Two months,2025-06-11,2024-03-31,2024-04-19,3.636809635836169,4.0
Health Care | price_contribution | CUUR0000SEGB,2025-06-30,Two months,2025-06-11,2024-06-30,2024-07-30,1.6547550061168037,2.0
Health Care | price_contribution | CUUR0000SEGB,2025-06-30,Two months,2025-06-11,2024-09-30,2024-10-18,0.373301115227731,1.0
Health Care | price_contribution | CUUR0000SEGB,2025-06-30,Two months,2025-06-11,2024-12-31,2025-01-22,0.341068456777438,1.0
Health Care | price_contribution | CUUR0000SEGB,2025-06-30,Two months,2025-06-11,2025-03-31,2025-04-24,0.23594619830289432,1.0
Health Care | price_contribution | CUUR0000SEGB,2025-06-30,Pre-earnings,2025-07-28,2021-03-31,2021-04-20,-0.3577033906046245,0.0
Health Care | price_contribution | CUUR0000SEGB,2025-06-30,Pre-earnings,2025-07-28,2021-06-30,2021-07-30,-0.2202606487071601,1.0
Health Care | price_contribution | CUUR0000SEGB,2025-06-30,Pre-earnings,2025-07-28,2021-09-30,2021-10-19,-0.33137395300817385,1.0
Health Care | price_contribution | CUUR0000SEGB,2025-06-30,Pre-earnings,2025-07-28,2021-12-31,2022-01-19,0.031151475618229618,1.0
Health Care | price_contribution | CUUR0000SEGB,2025-06-30,Pre-earnings,2025-07-28,2022-03-31,2022-04-20,1.0280001916822323,3.0
Health Care | price_contribution | CUUR0000SEGB,2025-06-30,Pre-earnings,2025-07-28,2022-06-30,2022-07-29,2.912272941608496,5.0
Health Care | price_contribution | CUUR0000SEGB,2025-06-30,Pre-earnings,2025-07-28,2022-09-30,2022-10-19,5.850277341531052,6.0
Health Care | price_contribution | CUUR0000SEGB,2025-06-30,Pre-earnings,2025-07-28,2022-12-31,2023-01-19,7.25603345755208,5.0
Health Care | price_contribution | CUUR0000SEGB,2025-06-30,Pre-earnings,2025-07-28,2023-03-31,2023-04-21,6.77239402344838,6.0
Health Care | price_contribution | CUUR0000SEGB,2025-06-30,Pre-earnings,2025-07-28,2023-06-30,2023-07-28,7.05822723217906,6.0
Health Care | price_contribution | CUUR0000SEGB,2025-06-30,Pre-earnings,2025-07-28,2023-09-30,2023-10-18,5.4935927157217845,6.0
Health Care | price_contribution | CUUR0000SEGB,2025-06-30,Pre-earnings,2025-07-28,2023-12-31,2024-01-23,4.212216519153356,5.0
Health Care | price_contribution | CUUR0000SEGB,2025-06-30,Pre-earnings,2025-07-28,2024-03-31,2024-04-19,3.636809635836169,4.0
Health Care | price_contribution | CUUR0000SEGB,2025-06-30,Pre-earnings,2025-07-28,2024-06-30,2024-07-30,1.6547550061168037,2.0
Health Care | price_contribution | CUUR0000SEGB,2025-06-30,Pre-earnings,2025-07-28,2024-09-30,2024-10-18,0.373301115227731,1.0
Health Care | price_contribution | CUUR0000SEGB,2025-06-30,Pre-earnings,2025-07-28,2024-12-31,2025-01-22,0.341068456777438,1.0
Health Care | price_contribution | CUUR0000SEGB,2025-06-30,Pre-earnings,2025-07-28,2025-03-31,2025-04-24,0.23594619830289432,1.0
Health Care | price_contribution | CUUR0000SEGB,2025-09-30,Origin,2025-07-01,2021-03-31,2021-04-20,-0.3577033906046245,0.0
Health Care | price_contribution | CUUR0000SEGB,2025-09-30,Origin,2025-07-01,2021-06-30,2021-07-30,-0.2202606487071601,1.0
Health Care | price_contribution | CUUR0000SEGB,2025-09-30,Origin,2025-07-01,2021-09-30,2021-10-19,-0.33137395300817385,1.0
Health Care | price_contribution | CUUR0000SEGB,2025-09-30,Origin,2025-07-01,2021-12-31,2022-01-19,0.031151475618229618,1.0
Health Care | price_contribution | CUUR0000SEGB,2025-09-30,Origin,2025-07-01,2022-03-31,2022-04-20,1.0280001916822323,3.0
Health Care | price_contribution | CUUR0000SEGB,2025-09-30,Origin,2025-07-01,2022-06-30,2022-07-29,2.912272941608496,5.0
Health Care | price_contribution | CUUR0000SEGB,2025-09-30,Origin,2025-07-01,2022-09-30,2022-10-19,5.850277341531052,6.0
Health Care | price_contribution | CUUR0000SEGB,2025-09-30,Origin,2025-07-01,2022-12-31,2023-01-19,7.25603345755208,5.0
Health Care | price_contribution | CUUR0000SEGB,2025-09-30,Origin,2025-07-01,2023-03-31,2023-04-21,6.77239402344838,6.0
Health Care | price_contribution | CUUR0000SEGB,2025-09-30,Origin,2025-07-01,2023-06-30,2023-07-28,7.05822723217906,6.0
Health Care | price_contribution | CUUR0000SEGB,2025-09-30,Origin,2025-07-01,2023-09-30,2023-10-18,5.4935927157217845,6.0
Health Care | price_contribution | CUUR0000SEGB,2025-09-30,Origin,2025-07-01,2023-12-31,2024-01-23,4.212216519153356,5.0
Health Care | price_contribution | CUUR0000SEGB,2025-09-30,Origin,2025-07-01,2024-03-31,2024-04-19,3.636809635836169,4.0
Health Care | price_contribution | CUUR0000SEGB,2025-09-30,Origin,2025-07-01,2024-06-30,2024-07-30,1.6547550061168037,2.0
Health Care | price_contribution | CUUR0000SEGB,2025-09-30,Origin,2025-07-01,2024-09-30,2024-10-18,0.373301115227731,1.0
Health Care | price_contribution | CUUR0000SEGB,2025-09-30,Origin,2025-07-01,2024-12-31,2025-01-22,0.341068456777438,1.0
Health Care | price_contribution | CUUR0000SEGB,2025-09-30,Origin,2025-07-01,2025-03-31,2025-04-24,0.23594619830289432,1.0
Health Care | price_contribution | CUUR0000SEGB,2025-09-30,One month,2025-08-12,2022-03-31,2022-04-20,1.0280001916822323,3.0
Health Care | price_contribution | CUUR0000SEGB,2025-09-30,One month,2025-08-12,2022-06-30,2022-07-29,2.912272941608496,5.0
Health Care | price_contribution | CUUR0000SEGB,2025-09-30,One month,2025-08-12,2022-09-30,2022-10-19,5.850277341531052,6.0
Health Care | price_contribution | CUUR0000SEGB,2025-09-30,One month,2025-08-12,2022-12-31,2023-01-19,7.25603345755208,5.0
Health Care | price_contribution | CUUR0000SEGB,2025-09-30,One month,2025-08-12,2023-03-31,2023-04-21,6.77239402344838,6.0
Health Care | price_contribution | CUUR0000SEGB,2025-09-30,One month,2025-08-12,2023-06-30,2023-07-28,7.05822723217906,6.0
Health Care | price_contribution | CUUR0000SEGB,2025-09-30,One month,2025-08-12,2023-09-30,2023-10-18,5.4935927157217845,6.0
Health Care | price_contribution | CUUR0000SEGB,2025-09-30,One month,2025-08-12,2023-12-31,2024-01-23,4.212216519153356,5.0
Health Care | price_contribution | CUUR0000SEGB,2025-09-30,One month,2025-08-12,2024-03-31,2024-04-19,3.636809635836169,4.0
Health Care | price_contribution | CUUR0000SEGB,2025-09-30,One month,2025-08-12,2024-06-30,2024-07-30,1.6547550061168037,2.0
Health Care | price_contribution | CUUR0000SEGB,2025-09-30,One month,2025-08-12,2024-09-30,2024-10-18,0.373301115227731,1.0
Health Care | price_contribution | CUUR0000SEGB,2025-09-30,One month,2025-08-12,2024-12-31,2025-01-22,0.341068456777438,1.0
Health Care | price_contribution | CUUR0000SEGB,2025-09-30,One month,2025-08-12,2025-03-31,2025-04-24,0.23594619830289432,1.0
Health Care | price_contribution | CUUR0000SEGB,2025-09-30,One month,2025-08-12,2025-06-30,2025-07-29,0.5057825004843641,1.0
Health Care | price_contribution | CUUR0000SEGB,2025-09-30,Two months,2025-09-11,2022-03-31,2022-04-20,1.0280001916822323,3.0
Health Care | price_contribution | CUUR0000SEGB,2025-09-30,Two months,2025-09-11,2022-06-30,2022-07-29,2.912272941608496,5.0
Health Care | price_contribution | CUUR0000SEGB,2025-09-30,Two months,2025-09-11,2022-09-30,2022-10-19,5.850277341531052,6.0
Health Care | price_contribution | CUUR0000SEGB,2025-09-30,Two months,2025-09-11,2022-12-31,2023-01-19,7.25603345755208,5.0
Health Care | price_contribution | CUUR0000SEGB,2025-09-30,Two months,2025-09-11,2023-03-31,2023-04-21,6.77239402344838,6.0
Health Care | price_contribution | CUUR0000SEGB,2025-09-30,Two months,2025-09-11,2023-06-30,2023-07-28,7.05822723217906,6.0
Health Care | price_contribution | CUUR0000SEGB,2025-09-30,Two months,2025-09-11,2023-09-30,2023-10-18,5.4935927157217845,6.0
Health Care | price_contribution | CUUR0000SEGB,2025-09-30,Two months,2025-09-11,2023-12-31,2024-01-23,4.212216519153356,5.0
Health Care | price_contribution | CUUR0000SEGB,2025-09-30,Two months,2025-09-11,2024-03-31,2024-04-19,3.636809635836169,4.0
Health Care | price_contribution | CUUR0000SEGB,2025-09-30,Two months,2025-09-11,2024-06-30,2024-07-30,1.6547550061168037,2.0
Health Care | price_contribution | CUUR0000SEGB,2025-09-30,Two months,2025-09-11,2024-09-30,2024-10-18,0.373301115227731,1.0
Health Care | price_contribution | CUUR0000SEGB,2025-09-30,Two months,2025-09-11,2024-12-31,2025-01-22,0.341068456777438,1.0
Health Care | price_contribution | CUUR0000SEGB,2025-09-30,Two months,2025-09-11,2025-03-31,2025-04-24,0.23594619830289432,1.0
Health Care | price_contribution | CUUR0000SEGB,2025-09-30,Two months,2025-09-11,2025-06-30,2025-07-29,0.5057825004843641,1.0
Health Care | price_contribution | CUUR0000SEGB,2025-09-30,Pre-earnings,2025-10-23,2021-03-31,2021-04-20,-0.3577033906046245,0.0
Health Care | price_contribution | CUUR0000SEGB,2025-09-30,Pre-earnings,2025-10-23,2021-06-30,2021-07-30,-0.2202606487071601,1.0
Health Care | price_contribution | CUUR0000SEGB,2025-09-30,Pre-earnings,2025-10-23,2021-09-30,2021-10-19,-0.33137395300817385,1.0
Health Care | price_contribution | CUUR0000SEGB,2025-09-30,Pre-earnings,2025-10-23,2021-12-31,2022-01-19,0.031151475618229618,1.0
Health Care | price_contribution | CUUR0000SEGB,2025-09-30,Pre-earnings,2025-10-23,2022-03-31,2022-04-20,1.0280001916822323,3.0
Health Care | price_contribution | CUUR0000SEGB,2025-09-30,Pre-earnings,2025-10-23,2022-06-30,2022-07-29,2.912272941608496,5.0
Health Care | price_contribution | CUUR0000SEGB,2025-09-30,Pre-earnings,2025-10-23,2022-09-30,2022-10-19,5.850277341531052,6.0
Health Care | price_contribution | CUUR0000SEGB,2025-09-30,Pre-earnings,2025-10-23,2022-12-31,2023-01-19,7.25603345755208,5.0
Health Care | price_contribution | CUUR0000SEGB,2025-09-30,Pre-earnings,2025-10-23,2023-03-31,2023-04-21,6.77239402344838,6.0
Health Care | price_contribution | CUUR0000SEGB,2025-09-30,Pre-earnings,2025-10-23,2023-06-30,2023-07-28,7.05822723217906,6.0
Health Care | price_contribution | CUUR0000SEGB,2025-09-30,Pre-earnings,2025-10-23,2023-09-30,2023-10-18,5.4935927157217845,6.0
Health Care | price_contribution | CUUR0000SEGB,2025-09-30,Pre-earnings,2025-10-23,2023-12-31,2024-01-23,4.212216519153356,5.0
Health Care | price_contribution | CUUR0000SEGB,2025-09-30,Pre-earnings,2025-10-23,2024-03-31,2024-04-19,3.636809635836169,4.0
Health Care | price_contribution | CUUR0000SEGB,2025-09-30,Pre-earnings,2025-10-23,2024-06-30,2024-07-30,1.6547550061168037,2.0
Health Care | price_contribution | CUUR0000SEGB,2025-09-30,Pre-earnings,2025-10-23,2024-09-30,2024-10-18,0.373301115227731,1.0
Health Care | price_contribution | CUUR0000SEGB,2025-09-30,Pre-earnings,2025-10-23,2024-12-31,2025-01-22,0.341068456777438,1.0
Health Care | price_contribution | CUUR0000SEGB,2025-09-30,Pre-earnings,2025-10-23,2025-03-31,2025-04-24,0.23594619830289432,1.0
Health Care | price_contribution | CUUR0000SEGB,2025-09-30,Pre-earnings,2025-10-23,2025-06-30,2025-07-29,0.5057825004843641,1.0
Health Care | price_contribution | CUUR0000SEGB,2025-12-31,Origin,2025-10-01,2021-03-31,2021-04-20,-0.3577033906046245,0.0
Health Care | price_contribution | CUUR0000SEGB,2025-12-31,Origin,2025-10-01,2021-06-30,2021-07-30,-0.2202606487071601,1.0
Health Care | price_contribution | CUUR0000SEGB,2025-12-31,Origin,2025-10-01,2021-09-30,2021-10-19,-0.33137395300817385,1.0
Health Care | price_contribution | CUUR0000SEGB,2025-12-31,Origin,2025-10-01,2021-12-31,2022-01-19,0.031151475618229618,1.0
Health Care | price_contribution | CUUR0000SEGB,2025-12-31,Origin,2025-10-01,2022-03-31,2022-04-20,1.0280001916822323,3.0
Health Care | price_contribution | CUUR0000SEGB,2025-12-31,Origin,2025-10-01,2022-06-30,2022-07-29,2.912272941608496,5.0
Health Care | price_contribution | CUUR0000SEGB,2025-12-31,Origin,2025-10-01,2022-09-30,2022-10-19,5.850277341531052,6.0
Health Care | price_contribution | CUUR0000SEGB,2025-12-31,Origin,2025-10-01,2022-12-31,2023-01-19,7.25603345755208,5.0
Health Care | price_contribution | CUUR0000SEGB,2025-12-31,Origin,2025-10-01,2023-03-31,2023-04-21,6.77239402344838,6.0
Health Care | price_contribution | CUUR0000SEGB,2025-12-31,Origin,2025-10-01,2023-06-30,2023-07-28,7.05822723217906,6.0
Health Care | price_contribution | CUUR0000SEGB,2025-12-31,Origin,2025-10-01,2023-09-30,2023-10-18,5.4935927157217845,6.0
Health Care | price_contribution | CUUR0000SEGB,2025-12-31,Origin,2025-10-01,2023-12-31,2024-01-23,4.212216519153356,5.0
Health Care | price_contribution | CUUR0000SEGB,2025-12-31,Origin,2025-10-01,2024-03-31,2024-04-19,3.636809635836169,4.0
Health Care | price_contribution | CUUR0000SEGB,2025-12-31,Origin,2025-10-01,2024-06-30,2024-07-30,1.6547550061168037,2.0
Health Care | price_contribution | CUUR0000SEGB,2025-12-31,Origin,2025-10-01,2024-09-30,2024-10-18,0.373301115227731,1.0
Health Care | price_contribution | CUUR0000SEGB,2025-12-31,Origin,2025-10-01,2024-12-31,2025-01-22,0.341068456777438,1.0
Health Care | price_contribution | CUUR0000SEGB,2025-12-31,Origin,2025-10-01,2025-03-31,2025-04-24,0.23594619830289432,1.0
Health Care | price_contribution | CUUR0000SEGB,2025-12-31,Origin,2025-10-01,2025-06-30,2025-07-29,0.5057825004843641,1.0
Health Care | price_contribution | CUUR0000SEGB,2026-03-31,One month,2026-02-13,2022-03-31,2022-04-20,1.0280001916822323,3.0
Health Care | price_contribution | CUUR0000SEGB,2026-03-31,One month,2026-02-13,2022-06-30,2022-07-29,2.912272941608496,5.0
Health Care | price_contribution | CUUR0000SEGB,2026-03-31,One month,2026-02-13,2022-09-30,2022-10-19,5.850277341531052,6.0
Health Care | price_contribution | CUUR0000SEGB,2026-03-31,One month,2026-02-13,2022-12-31,2023-01-19,7.25603345755208,5.0
Health Care | price_contribution | CUUR0000SEGB,2026-03-31,One month,2026-02-13,2023-03-31,2023-04-21,6.77239402344838,6.0
Health Care | price_contribution | CUUR0000SEGB,2026-03-31,One month,2026-02-13,2023-06-30,2023-07-28,7.05822723217906,6.0
Health Care | price_contribution | CUUR0000SEGB,2026-03-31,One month,2026-02-13,2023-09-30,2023-10-18,5.4935927157217845,6.0
Health Care | price_contribution | CUUR0000SEGB,2026-03-31,One month,2026-02-13,2023-12-31,2024-01-23,4.212216519153356,5.0
Health Care | price_contribution | CUUR0000SEGB,2026-03-31,One month,2026-02-13,2024-03-31,2024-04-19,3.636809635836169,4.0
Health Care | price_contribution | CUUR0000SEGB,2026-03-31,One month,2026-02-13,2024-06-30,2024-07-30,1.6547550061168037,2.0
Health Care | price_contribution | CUUR0000SEGB,2026-03-31,One month,2026-02-13,2024-09-30,2024-10-18,0.373301115227731,1.0
Health Care | price_contribution | CUUR0000SEGB,2026-03-31,One month,2026-02-13,2024-12-31,2025-01-22,0.341068456777438,1.0
Health Care | price_contribution | CUUR0000SEGB,2026-03-31,One month,2026-02-13,2025-03-31,2025-04-24,0.23594619830289432,1.0
Health Care | price_contribution | CUUR0000SEGB,2026-03-31,One month,2026-02-13,2025-06-30,2025-07-29,0.5057825004843641,1.0
Health Care | price_contribution | CUUR0000SEGB,2026-03-31,One month,2026-02-13,2025-09-30,2025-10-24,1.0082264270475205,1.0
Health Care | price_contribution | CUUR0000SEGB,2026-03-31,Two months,2026-03-11,2022-03-31,2022-04-20,1.0280001916822323,3.0
Health Care | price_contribution | CUUR0000SEGB,2026-03-31,Two months,2026-03-11,2022-06-30,2022-07-29,2.912272941608496,5.0
Health Care | price_contribution | CUUR0000SEGB,2026-03-31,Two months,2026-03-11,2022-09-30,2022-10-19,5.850277341531052,6.0
Health Care | price_contribution | CUUR0000SEGB,2026-03-31,Two months,2026-03-11,2022-12-31,2023-01-19,7.25603345755208,5.0
Health Care | price_contribution | CUUR0000SEGB,2026-03-31,Two months,2026-03-11,2023-03-31,2023-04-21,6.77239402344838,6.0
Health Care | price_contribution | CUUR0000SEGB,2026-03-31,Two months,2026-03-11,2023-06-30,2023-07-28,7.05822723217906,6.0
Health Care | price_contribution | CUUR0000SEGB,2026-03-31,Two months,2026-03-11,2023-09-30,2023-10-18,5.4935927157217845,6.0
Health Care | price_contribution | CUUR0000SEGB,2026-03-31,Two months,2026-03-11,2023-12-31,2024-01-23,4.212216519153356,5.0
Health Care | price_contribution | CUUR0000SEGB,2026-03-31,Two months,2026-03-11,2024-03-31,2024-04-19,3.636809635836169,4.0
Health Care | price_contribution | CUUR0000SEGB,2026-03-31,Two months,2026-03-11,2024-06-30,2024-07-30,1.6547550061168037,2.0
Health Care | price_contribution | CUUR0000SEGB,2026-03-31,Two months,2026-03-11,2024-09-30,2024-10-18,0.373301115227731,1.0
Health Care | price_contribution | CUUR0000SEGB,2026-03-31,Two months,2026-03-11,2024-12-31,2025-01-22,0.341068456777438,1.0
Health Care | price_contribution | CUUR0000SEGB,2026-03-31,Two months,2026-03-11,2025-03-31,2025-04-24,0.23594619830289432,1.0
Health Care | price_contribution | CUUR0000SEGB,2026-03-31,Two months,2026-03-11,2025-06-30,2025-07-29,0.5057825004843641,1.0
Health Care | price_contribution | CUUR0000SEGB,2026-03-31,Two months,2026-03-11,2025-09-30,2025-10-24,1.0082264270475205,1.0
Health Care | price_contribution | CUUR0000SEGB,2026-03-31,Pre-earnings,2026-04-23,2021-03-31,2021-04-20,-0.3577033906046245,0.0
Health Care | price_contribution | CUUR0000SEGB,2026-03-31,Pre-earnings,2026-04-23,2021-06-30,2021-07-30,-0.2202606487071601,1.0
Health Care | price_contribution | CUUR0000SEGB,2026-03-31,Pre-earnings,2026-04-23,2021-09-30,2021-10-19,-0.33137395300817385,1.0
Health Care | price_contribution | CUUR0000SEGB,2026-03-31,Pre-earnings,2026-04-23,2021-12-31,2022-01-19,0.031151475618229618,1.0
Health Care | price_contribution | CUUR0000SEGB,2026-03-31,Pre-earnings,2026-04-23,2022-03-31,2022-04-20,1.0280001916822323,3.0
Health Care | price_contribution | CUUR0000SEGB,2026-03-31,Pre-earnings,2026-04-23,2022-06-30,2022-07-29,2.912272941608496,5.0
Health Care | price_contribution | CUUR0000SEGB,2026-03-31,Pre-earnings,2026-04-23,2022-09-30,2022-10-19,5.850277341531052,6.0
Health Care | price_contribution | CUUR0000SEGB,2026-03-31,Pre-earnings,2026-04-23,2022-12-31,2023-01-19,7.25603345755208,5.0
Health Care | price_contribution | CUUR0000SEGB,2026-03-31,Pre-earnings,2026-04-23,2023-03-31,2023-04-21,6.77239402344838,6.0
Health Care | price_contribution | CUUR0000SEGB,2026-03-31,Pre-earnings,2026-04-23,2023-06-30,2023-07-28,7.05822723217906,6.0
Health Care | price_contribution | CUUR0000SEGB,2026-03-31,Pre-earnings,2026-04-23,2023-09-30,2023-10-18,5.4935927157217845,6.0
Health Care | price_contribution | CUUR0000SEGB,2026-03-31,Pre-earnings,2026-04-23,2023-12-31,2024-01-23,4.212216519153356,5.0
Health Care | price_contribution | CUUR0000SEGB,2026-03-31,Pre-earnings,2026-04-23,2024-03-31,2024-04-19,3.636809635836169,4.0
Health Care | price_contribution | CUUR0000SEGB,2026-03-31,Pre-earnings,2026-04-23,2024-06-30,2024-07-30,1.6547550061168037,2.0
Health Care | price_contribution | CUUR0000SEGB,2026-03-31,Pre-earnings,2026-04-23,2024-09-30,2024-10-18,0.373301115227731,1.0
Health Care | price_contribution | CUUR0000SEGB,2026-03-31,Pre-earnings,2026-04-23,2024-12-31,2025-01-22,0.341068456777438,1.0
Health Care | price_contribution | CUUR0000SEGB,2026-03-31,Pre-earnings,2026-04-23,2025-03-31,2025-04-24,0.23594619830289432,1.0
Health Care | price_contribution | CUUR0000SEGB,2026-03-31,Pre-earnings,2026-04-23,2025-06-30,2025-07-29,0.5057825004843641,1.0
Health Care | price_contribution | CUUR0000SEGB,2026-03-31,Pre-earnings,2026-04-23,2025-09-30,2025-10-24,1.0082264270475205,1.0
Beauty | price_contribution | CUUR0000SEGB02,2024-09-30,Origin,2024-07-01,2021-03-31,2021-04-20,-0.41477337637689793,2.0
Beauty | price_contribution | CUUR0000SEGB02,2024-09-30,Origin,2024-07-01,2021-06-30,2021-07-30,-0.43530780492421206,4.0
Beauty | price_contribution | CUUR0000SEGB02,2024-09-30,Origin,2024-07-01,2021-09-30,2021-10-19,-0.5009614505874005,2.0
Beauty | price_contribution | CUUR0000SEGB02,2024-09-30,Origin,2024-07-01,2021-12-31,2022-01-19,-0.7911991921891626,2.0
Beauty | price_contribution | CUUR0000SEGB02,2024-09-30,Origin,2024-07-01,2022-03-31,2022-04-20,-0.7595451980275891,4.0
Beauty | price_contribution | CUUR0000SEGB02,2024-09-30,Origin,2024-07-01,2022-06-30,2022-07-29,0.6338255218670819,6.0
Beauty | price_contribution | CUUR0000SEGB02,2024-09-30,Origin,2024-07-01,2022-09-30,2022-10-19,3.970323328016079,7.0
Beauty | price_contribution | CUUR0000SEGB02,2024-09-30,Origin,2024-07-01,2022-12-31,2023-01-19,5.055970500253992,9.0
Beauty | price_contribution | CUUR0000SEGB02,2024-09-30,Origin,2024-07-01,2023-03-31,2023-04-21,4.891768434790711,8.0
Beauty | price_contribution | CUUR0000SEGB02,2024-09-30,Origin,2024-07-01,2023-06-30,2023-07-28,5.2129322350291885,8.0
Beauty | price_contribution | CUUR0000SEGB02,2024-09-30,Origin,2024-07-01,2023-09-30,2023-10-18,3.4916634214587683,7.0
Beauty | price_contribution | CUUR0000SEGB02,2024-09-30,Origin,2024-07-01,2023-12-31,2024-01-23,2.5297096725668045,4.0
Beauty | price_contribution | CUUR0000SEGB02,2024-09-30,Origin,2024-07-01,2024-03-31,2024-04-19,1.4458208241569626,4.0
Beauty | price_contribution | CUUR0000SEGB02,2024-09-30,Two months,2024-10-01,2021-03-31,2021-04-20,-0.41477337637689793,2.0
Beauty | price_contribution | CUUR0000SEGB02,2024-09-30,Two months,2024-10-01,2021-06-30,2021-07-30,-0.43530780492421206,4.0
Beauty | price_contribution | CUUR0000SEGB02,2024-09-30,Two months,2024-10-01,2021-09-30,2021-10-19,-0.5009614505874005,2.0
Beauty | price_contribution | CUUR0000SEGB02,2024-09-30,Two months,2024-10-01,2021-12-31,2022-01-19,-0.7911991921891626,2.0
Beauty | price_contribution | CUUR0000SEGB02,2024-09-30,Two months,2024-10-01,2022-03-31,2022-04-20,-0.7595451980275891,4.0
Beauty | price_contribution | CUUR0000SEGB02,2024-09-30,Two months,2024-10-01,2022-06-30,2022-07-29,0.6338255218670819,6.0
Beauty | price_contribution | CUUR0000SEGB02,2024-09-30,Two months,2024-10-01,2022-09-30,2022-10-19,3.970323328016079,7.0
Beauty | price_contribution | CUUR0000SEGB02,2024-09-30,Two months,2024-10-01,2022-12-31,2023-01-19,5.055970500253992,9.0
Beauty | price_contribution | CUUR0000SEGB02,2024-09-30,Two months,2024-10-01,2023-03-31,2023-04-21,4.891768434790711,8.0
Beauty | price_contribution | CUUR0000SEGB02,2024-09-30,Two months,2024-10-01,2023-06-30,2023-07-28,5.2129322350291885,8.0
Beauty | price_contribution | CUUR0000SEGB02,2024-09-30,Two months,2024-10-01,2023-09-30,2023-10-18,3.4916634214587683,7.0
Beauty | price_contribution | CUUR0000SEGB02,2024-09-30,Two months,2024-10-01,2023-12-31,2024-01-23,2.5297096725668045,4.0
Beauty | price_contribution | CUUR0000SEGB02,2024-09-30,Two months,2024-10-01,2024-03-31,2024-04-19,1.4458208241569626,4.0
Beauty | price_contribution | CUUR0000SEGB02,2024-09-30,Two months,2024-10-01,2024-06-30,2024-07-30,0.4560551842614391,3.0
Beauty | price_contribution | CUUR0000SEGB02,2024-09-30,Pre-earnings,2024-10-17,2021-03-31,2021-04-20,-0.41477337637689793,2.0
Beauty | price_contribution | CUUR0000SEGB02,2024-09-30,Pre-earnings,2024-10-17,2021-06-30,2021-07-30,-0.43530780492421206,4.0
Beauty | price_contribution | CUUR0000SEGB02,2024-09-30,Pre-earnings,2024-10-17,2021-09-30,2021-10-19,-0.5009614505874005,2.0
Beauty | price_contribution | CUUR0000SEGB02,2024-09-30,Pre-earnings,2024-10-17,2021-12-31,2022-01-19,-0.7911991921891626,2.0
Beauty | price_contribution | CUUR0000SEGB02,2024-09-30,Pre-earnings,2024-10-17,2022-03-31,2022-04-20,-0.7595451980275891,4.0
Beauty | price_contribution | CUUR0000SEGB02,2024-09-30,Pre-earnings,2024-10-17,2022-06-30,2022-07-29,0.6338255218670819,6.0
Beauty | price_contribution | CUUR0000SEGB02,2024-09-30,Pre-earnings,2024-10-17,2022-09-30,2022-10-19,3.970323328016079,7.0
Beauty | price_contribution | CUUR0000SEGB02,2024-09-30,Pre-earnings,2024-10-17,2022-12-31,2023-01-19,5.055970500253992,9.0
Beauty | price_contribution | CUUR0000SEGB02,2024-09-30,Pre-earnings,2024-10-17,2023-03-31,2023-04-21,4.891768434790711,8.0
Beauty | price_contribution | CUUR0000SEGB02,2024-09-30,Pre-earnings,2024-10-17,2023-06-30,2023-07-28,5.2129322350291885,8.0
Beauty | price_contribution | CUUR0000SEGB02,2024-09-30,Pre-earnings,2024-10-17,2023-09-30,2023-10-18,3.4916634214587683,7.0
Beauty | price_contribution | CUUR0000SEGB02,2024-09-30,Pre-earnings,2024-10-17,2023-12-31,2024-01-23,2.5297096725668045,4.0
Beauty | price_contribution | CUUR0000SEGB02,2024-09-30,Pre-earnings,2024-10-17,2024-03-31,2024-04-19,1.4458208241569626,4.0
Beauty | price_contribution | CUUR0000SEGB02,2024-09-30,Pre-earnings,2024-10-17,2024-06-30,2024-07-30,0.4560551842614391,3.0
Beauty | price_contribution | CUUR0000SEGB02,2024-12-31,Origin,2024-10-01,2021-03-31,2021-04-20,-0.41477337637689793,2.0
Beauty | price_contribution | CUUR0000SEGB02,2024-12-31,Origin,2024-10-01,2021-06-30,2021-07-30,-0.43530780492421206,4.0
Beauty | price_contribution | CUUR0000SEGB02,2024-12-31,Origin,2024-10-01,2021-09-30,2021-10-19,-0.5009614505874005,2.0
Beauty | price_contribution | CUUR0000SEGB02,2024-12-31,Origin,2024-10-01,2021-12-31,2022-01-19,-0.7911991921891626,2.0
Beauty | price_contribution | CUUR0000SEGB02,2024-12-31,Origin,2024-10-01,2022-03-31,2022-04-20,-0.7595451980275891,4.0
Beauty | price_contribution | CUUR0000SEGB02,2024-12-31,Origin,2024-10-01,2022-06-30,2022-07-29,0.6338255218670819,6.0
Beauty | price_contribution | CUUR0000SEGB02,2024-12-31,Origin,2024-10-01,2022-09-30,2022-10-19,3.970323328016079,7.0
Beauty | price_contribution | CUUR0000SEGB02,2024-12-31,Origin,2024-10-01,2022-12-31,2023-01-19,5.055970500253992,9.0
Beauty | price_contribution | CUUR0000SEGB02,2024-12-31,Origin,2024-10-01,2023-03-31,2023-04-21,4.891768434790711,8.0
Beauty | price_contribution | CUUR0000SEGB02,2024-12-31,Origin,2024-10-01,2023-06-30,2023-07-28,5.2129322350291885,8.0
Beauty | price_contribution | CUUR0000SEGB02,2024-12-31,Origin,2024-10-01,2023-09-30,2023-10-18,3.4916634214587683,7.0
Beauty | price_contribution | CUUR0000SEGB02,2024-12-31,Origin,2024-10-01,2023-12-31,2024-01-23,2.5297096725668045,4.0
Beauty | price_contribution | CUUR0000SEGB02,2024-12-31,Origin,2024-10-01,2024-03-31,2024-04-19,1.4458208241569626,4.0
Beauty | price_contribution | CUUR0000SEGB02,2024-12-31,Origin,2024-10-01,2024-06-30,2024-07-30,0.4560551842614391,3.0
Beauty | price_contribution | CUUR0000SEGB02,2024-12-31,Two months,2025-01-01,2021-03-31,2021-04-20,-0.41477337637689793,2.0
Beauty | price_contribution | CUUR0000SEGB02,2024-12-31,Two months,2025-01-01,2021-06-30,2021-07-30,-0.43530780492421206,4.0
Beauty | price_contribution | CUUR0000SEGB02,2024-12-31,Two months,2025-01-01,2021-09-30,2021-10-19,-0.5009614505874005,2.0
Beauty | price_contribution | CUUR0000SEGB02,2024-12-31,Two months,2025-01-01,2021-12-31,2022-01-19,-0.7911991921891626,2.0
Beauty | price_contribution | CUUR0000SEGB02,2024-12-31,Two months,2025-01-01,2022-03-31,2022-04-20,-0.7595451980275891,4.0
Beauty | price_contribution | CUUR0000SEGB02,2024-12-31,Two months,2025-01-01,2022-06-30,2022-07-29,0.6338255218670819,6.0
Beauty | price_contribution | CUUR0000SEGB02,2024-12-31,Two months,2025-01-01,2022-09-30,2022-10-19,3.970323328016079,7.0
Beauty | price_contribution | CUUR0000SEGB02,2024-12-31,Two months,2025-01-01,2022-12-31,2023-01-19,5.055970500253992,9.0
Beauty | price_contribution | CUUR0000SEGB02,2024-12-31,Two months,2025-01-01,2023-03-31,2023-04-21,4.891768434790711,8.0
Beauty | price_contribution | CUUR0000SEGB02,2024-12-31,Two months,2025-01-01,2023-06-30,2023-07-28,5.2129322350291885,8.0
Beauty | price_contribution | CUUR0000SEGB02,2024-12-31,Two months,2025-01-01,2023-09-30,2023-10-18,3.4916634214587683,7.0
Beauty | price_contribution | CUUR0000SEGB02,2024-12-31,Two months,2025-01-01,2023-12-31,2024-01-23,2.5297096725668045,4.0
Beauty | price_contribution | CUUR0000SEGB02,2024-12-31,Two months,2025-01-01,2024-03-31,2024-04-19,1.4458208241569626,4.0
Beauty | price_contribution | CUUR0000SEGB02,2024-12-31,Two months,2025-01-01,2024-06-30,2024-07-30,0.4560551842614391,3.0
Beauty | price_contribution | CUUR0000SEGB02,2024-12-31,Two months,2025-01-01,2024-09-30,2024-10-18,-0.3714085127806688,1.0
Beauty | price_contribution | CUUR0000SEGB02,2024-12-31,Pre-earnings,2025-01-21,2021-03-31,2021-04-20,-0.41477337637689793,2.0
Beauty | price_contribution | CUUR0000SEGB02,2024-12-31,Pre-earnings,2025-01-21,2021-06-30,2021-07-30,-0.43530780492421206,4.0
Beauty | price_contribution | CUUR0000SEGB02,2024-12-31,Pre-earnings,2025-01-21,2021-09-30,2021-10-19,-0.5009614505874005,2.0
Beauty | price_contribution | CUUR0000SEGB02,2024-12-31,Pre-earnings,2025-01-21,2021-12-31,2022-01-19,-0.7911991921891626,2.0
Beauty | price_contribution | CUUR0000SEGB02,2024-12-31,Pre-earnings,2025-01-21,2022-03-31,2022-04-20,-0.7595451980275891,4.0
Beauty | price_contribution | CUUR0000SEGB02,2024-12-31,Pre-earnings,2025-01-21,2022-06-30,2022-07-29,0.6338255218670819,6.0
Beauty | price_contribution | CUUR0000SEGB02,2024-12-31,Pre-earnings,2025-01-21,2022-09-30,2022-10-19,3.970323328016079,7.0
Beauty | price_contribution | CUUR0000SEGB02,2024-12-31,Pre-earnings,2025-01-21,2022-12-31,2023-01-19,5.055970500253992,9.0
Beauty | price_contribution | CUUR0000SEGB02,2024-12-31,Pre-earnings,2025-01-21,2023-03-31,2023-04-21,4.891768434790711,8.0
Beauty | price_contribution | CUUR0000SEGB02,2024-12-31,Pre-earnings,2025-01-21,2023-06-30,2023-07-28,5.2129322350291885,8.0
Beauty | price_contribution | CUUR0000SEGB02,2024-12-31,Pre-earnings,2025-01-21,2023-09-30,2023-10-18,3.4916634214587683,7.0
Beauty | price_contribution | CUUR0000SEGB02,2024-12-31,Pre-earnings,2025-01-21,2023-12-31,2024-01-23,2.5297096725668045,4.0
Beauty | price_contribution | CUUR0000SEGB02,2024-12-31,Pre-earnings,2025-01-21,2024-03-31,2024-04-19,1.4458208241569626,4.0
Beauty | price_contribution | CUUR0000SEGB02,2024-12-31,Pre-earnings,2025-01-21,2024-06-30,2024-07-30,0.4560551842614391,3.0
Beauty | price_contribution | CUUR0000SEGB02,2024-12-31,Pre-earnings,2025-01-21,2024-09-30,2024-10-18,-0.3714085127806688,1.0
Beauty | price_contribution | CUUR0000SEGB02,2025-03-31,Origin,2025-01-01,2021-03-31,2021-04-20,-0.41477337637689793,2.0
Beauty | price_contribution | CUUR0000SEGB02,2025-03-31,Origin,2025-01-01,2021-06-30,2021-07-30,-0.43530780492421206,4.0
Beauty | price_contribution | CUUR0000SEGB02,2025-03-31,Origin,2025-01-01,2021-09-30,2021-10-19,-0.5009614505874005,2.0
Beauty | price_contribution | CUUR0000SEGB02,2025-03-31,Origin,2025-01-01,2021-12-31,2022-01-19,-0.7911991921891626,2.0
Beauty | price_contribution | CUUR0000SEGB02,2025-03-31,Origin,2025-01-01,2022-03-31,2022-04-20,-0.7595451980275891,4.0
Beauty | price_contribution | CUUR0000SEGB02,2025-03-31,Origin,2025-01-01,2022-06-30,2022-07-29,0.6338255218670819,6.0
Beauty | price_contribution | CUUR0000SEGB02,2025-03-31,Origin,2025-01-01,2022-09-30,2022-10-19,3.970323328016079,7.0
Beauty | price_contribution | CUUR0000SEGB02,2025-03-31,Origin,2025-01-01,2022-12-31,2023-01-19,5.055970500253992,9.0
Beauty | price_contribution | CUUR0000SEGB02,2025-03-31,Origin,2025-01-01,2023-03-31,2023-04-21,4.891768434790711,8.0
Beauty | price_contribution | CUUR0000SEGB02,2025-03-31,Origin,2025-01-01,2023-06-30,2023-07-28,5.2129322350291885,8.0
Beauty | price_contribution | CUUR0000SEGB02,2025-03-31,Origin,2025-01-01,2023-09-30,2023-10-18,3.4916634214587683,7.0
Beauty | price_contribution | CUUR0000SEGB02,2025-03-31,Origin,2025-01-01,2023-12-31,2024-01-23,2.5297096725668045,4.0
Beauty | price_contribution | CUUR0000SEGB02,2025-03-31,Origin,2025-01-01,2024-03-31,2024-04-19,1.4458208241569626,4.0
Beauty | price_contribution | CUUR0000SEGB02,2025-03-31,Origin,2025-01-01,2024-06-30,2024-07-30,0.4560551842614391,3.0
Beauty | price_contribution | CUUR0000SEGB02,2025-03-31,Origin,2025-01-01,2024-09-30,2024-10-18,-0.3714085127806688,1.0
Beauty | price_contribution | CUUR0000SEGB02,2025-03-31,Two months,2025-04-01,2021-03-31,2021-04-20,-0.41477337637689793,2.0
Beauty | price_contribution | CUUR0000SEGB02,2025-03-31,Two months,2025-04-01,2021-06-30,2021-07-30,-0.43530780492421206,4.0
Beauty | price_contribution | CUUR0000SEGB02,2025-03-31,Two months,2025-04-01,2021-09-30,2021-10-19,-0.5009614505874005,2.0
Beauty | price_contribution | CUUR0000SEGB02,2025-03-31,Two months,2025-04-01,2021-12-31,2022-01-19,-0.7911991921891626,2.0
Beauty | price_contribution | CUUR0000SEGB02,2025-03-31,Two months,2025-04-01,2022-03-31,2022-04-20,-0.7595451980275891,4.0
Beauty | price_contribution | CUUR0000SEGB02,2025-03-31,Two months,2025-04-01,2022-06-30,2022-07-29,0.6338255218670819,6.0
Beauty | price_contribution | CUUR0000SEGB02,2025-03-31,Two months,2025-04-01,2022-09-30,2022-10-19,3.970323328016079,7.0
Beauty | price_contribution | CUUR0000SEGB02,2025-03-31,Two months,2025-04-01,2022-12-31,2023-01-19,5.055970500253992,9.0
Beauty | price_contribution | CUUR0000SEGB02,2025-03-31,Two months,2025-04-01,2023-03-31,2023-04-21,4.891768434790711,8.0
Beauty | price_contribution | CUUR0000SEGB02,2025-03-31,Two months,2025-04-01,2023-06-30,2023-07-28,5.2129322350291885,8.0
Beauty | price_contribution | CUUR0000SEGB02,2025-03-31,Two months,2025-04-01,2023-09-30,2023-10-18,3.4916634214587683,7.0
Beauty | price_contribution | CUUR0000SEGB02,2025-03-31,Two months,2025-04-01,2023-12-31,2024-01-23,2.5297096725668045,4.0
Beauty | price_contribution | CUUR0000SEGB02,2025-03-31,Two months,2025-04-01,2024-03-31,2024-04-19,1.4458208241569626,4.0
Beauty | price_contribution | CUUR0000SEGB02,2025-03-31,Two months,2025-04-01,2024-06-30,2024-07-30,0.4560551842614391,3.0
Beauty | price_contribution | CUUR0000SEGB02,2025-03-31,Two months,2025-04-01,2024-09-30,2024-10-18,-0.3714085127806688,1.0
Beauty | price_contribution | CUUR0000SEGB02,2025-03-31,Two months,2025-04-01,2024-12-31,2025-01-22,-0.5082703089794416,2.0
Beauty | price_contribution | CUUR0000SEGB02,2025-03-31,Pre-earnings,2025-04-23,2021-03-31,2021-04-20,-0.41477337637689793,2.0
Beauty | price_contribution | CUUR0000SEGB02,2025-03-31,Pre-earnings,2025-04-23,2021-06-30,2021-07-30,-0.43530780492421206,4.0
Beauty | price_contribution | CUUR0000SEGB02,2025-03-31,Pre-earnings,2025-04-23,2021-09-30,2021-10-19,-0.5009614505874005,2.0
Beauty | price_contribution | CUUR0000SEGB02,2025-03-31,Pre-earnings,2025-04-23,2021-12-31,2022-01-19,-0.7911991921891626,2.0
Beauty | price_contribution | CUUR0000SEGB02,2025-03-31,Pre-earnings,2025-04-23,2022-03-31,2022-04-20,-0.7595451980275891,4.0
Beauty | price_contribution | CUUR0000SEGB02,2025-03-31,Pre-earnings,2025-04-23,2022-06-30,2022-07-29,0.6338255218670819,6.0
Beauty | price_contribution | CUUR0000SEGB02,2025-03-31,Pre-earnings,2025-04-23,2022-09-30,2022-10-19,3.970323328016079,7.0
Beauty | price_contribution | CUUR0000SEGB02,2025-03-31,Pre-earnings,2025-04-23,2022-12-31,2023-01-19,5.055970500253992,9.0
Beauty | price_contribution | CUUR0000SEGB02,2025-03-31,Pre-earnings,2025-04-23,2023-03-31,2023-04-21,4.891768434790711,8.0
Beauty | price_contribution | CUUR0000SEGB02,2025-03-31,Pre-earnings,2025-04-23,2023-06-30,2023-07-28,5.2129322350291885,8.0
Beauty | price_contribution | CUUR0000SEGB02,2025-03-31,Pre-earnings,2025-04-23,2023-09-30,2023-10-18,3.4916634214587683,7.0
Beauty | price_contribution | CUUR0000SEGB02,2025-03-31,Pre-earnings,2025-04-23,2023-12-31,2024-01-23,2.5297096725668045,4.0
Beauty | price_contribution | CUUR0000SEGB02,2025-03-31,Pre-earnings,2025-04-23,2024-03-31,2024-04-19,1.4458208241569626,4.0
Beauty | price_contribution | CUUR0000SEGB02,2025-03-31,Pre-earnings,2025-04-23,2024-06-30,2024-07-30,0.4560551842614391,3.0
Beauty | price_contribution | CUUR0000SEGB02,2025-03-31,Pre-earnings,2025-04-23,2024-09-30,2024-10-18,-0.3714085127806688,1.0
Beauty | price_contribution | CUUR0000SEGB02,2025-03-31,Pre-earnings,2025-04-23,2024-12-31,2025-01-22,-0.5082703089794416,2.0
Beauty | price_contribution | CUUR0000SEGB02,2025-06-30,Origin,2025-04-01,2021-03-31,2021-04-20,-0.41477337637689793,2.0
Beauty | price_contribution | CUUR0000SEGB02,2025-06-30,Origin,2025-04-01,2021-06-30,2021-07-30,-0.43530780492421206,4.0
Beauty | price_contribution | CUUR0000SEGB02,2025-06-30,Origin,2025-04-01,2021-09-30,2021-10-19,-0.5009614505874005,2.0
Beauty | price_contribution | CUUR0000SEGB02,2025-06-30,Origin,2025-04-01,2021-12-31,2022-01-19,-0.7911991921891626,2.0
Beauty | price_contribution | CUUR0000SEGB02,2025-06-30,Origin,2025-04-01,2022-03-31,2022-04-20,-0.7595451980275891,4.0
Beauty | price_contribution | CUUR0000SEGB02,2025-06-30,Origin,2025-04-01,2022-06-30,2022-07-29,0.6338255218670819,6.0
Beauty | price_contribution | CUUR0000SEGB02,2025-06-30,Origin,2025-04-01,2022-09-30,2022-10-19,3.970323328016079,7.0
Beauty | price_contribution | CUUR0000SEGB02,2025-06-30,Origin,2025-04-01,2022-12-31,2023-01-19,5.055970500253992,9.0
Beauty | price_contribution | CUUR0000SEGB02,2025-06-30,Origin,2025-04-01,2023-03-31,2023-04-21,4.891768434790711,8.0
Beauty | price_contribution | CUUR0000SEGB02,2025-06-30,Origin,2025-04-01,2023-06-30,2023-07-28,5.2129322350291885,8.0
Beauty | price_contribution | CUUR0000SEGB02,2025-06-30,Origin,2025-04-01,2023-09-30,2023-10-18,3.4916634214587683,7.0
Beauty | price_contribution | CUUR0000SEGB02,2025-06-30,Origin,2025-04-01,2023-12-31,2024-01-23,2.5297096725668045,4.0
Beauty | price_contribution | CUUR0000SEGB02,2025-06-30,Origin,2025-04-01,2024-03-31,2024-04-19,1.4458208241569626,4.0
Beauty | price_contribution | CUUR0000SEGB02,2025-06-30,Origin,2025-04-01,2024-06-30,2024-07-30,0.4560551842614391,3.0
Beauty | price_contribution | CUUR0000SEGB02,2025-06-30,Origin,2025-04-01,2024-09-30,2024-10-18,-0.3714085127806688,1.0
Beauty | price_contribution | CUUR0000SEGB02,2025-06-30,Origin,2025-04-01,2024-12-31,2025-01-22,-0.5082703089794416,2.0
Beauty | price_contribution | CUUR0000SEGB02,2025-06-30,Two months,2025-07-01,2021-03-31,2021-04-20,-0.41477337637689793,2.0
Beauty | price_contribution | CUUR0000SEGB02,2025-06-30,Two months,2025-07-01,2021-06-30,2021-07-30,-0.43530780492421206,4.0
Beauty | price_contribution | CUUR0000SEGB02,2025-06-30,Two months,2025-07-01,2021-09-30,2021-10-19,-0.5009614505874005,2.0
Beauty | price_contribution | CUUR0000SEGB02,2025-06-30,Two months,2025-07-01,2021-12-31,2022-01-19,-0.7911991921891626,2.0
Beauty | price_contribution | CUUR0000SEGB02,2025-06-30,Two months,2025-07-01,2022-03-31,2022-04-20,-0.7595451980275891,4.0
Beauty | price_contribution | CUUR0000SEGB02,2025-06-30,Two months,2025-07-01,2022-06-30,2022-07-29,0.6338255218670819,6.0
Beauty | price_contribution | CUUR0000SEGB02,2025-06-30,Two months,2025-07-01,2022-09-30,2022-10-19,3.970323328016079,7.0
Beauty | price_contribution | CUUR0000SEGB02,2025-06-30,Two months,2025-07-01,2022-12-31,2023-01-19,5.055970500253992,9.0
Beauty | price_contribution | CUUR0000SEGB02,2025-06-30,Two months,2025-07-01,2023-03-31,2023-04-21,4.891768434790711,8.0
Beauty | price_contribution | CUUR0000SEGB02,2025-06-30,Two months,2025-07-01,2023-06-30,2023-07-28,5.2129322350291885,8.0
Beauty | price_contribution | CUUR0000SEGB02,2025-06-30,Two months,2025-07-01,2023-09-30,2023-10-18,3.4916634214587683,7.0
Beauty | price_contribution | CUUR0000SEGB02,2025-06-30,Two months,2025-07-01,2023-12-31,2024-01-23,2.5297096725668045,4.0
Beauty | price_contribution | CUUR0000SEGB02,2025-06-30,Two months,2025-07-01,2024-03-31,2024-04-19,1.4458208241569626,4.0
Beauty | price_contribution | CUUR0000SEGB02,2025-06-30,Two months,2025-07-01,2024-06-30,2024-07-30,0.4560551842614391,3.0
Beauty | price_contribution | CUUR0000SEGB02,2025-06-30,Two months,2025-07-01,2024-09-30,2024-10-18,-0.3714085127806688,1.0
Beauty | price_contribution | CUUR0000SEGB02,2025-06-30,Two months,2025-07-01,2024-12-31,2025-01-22,-0.5082703089794416,2.0
Beauty | price_contribution | CUUR0000SEGB02,2025-06-30,Two months,2025-07-01,2025-03-31,2025-04-24,-0.42034549280647315,3.0
Beauty | price_contribution | CUUR0000SEGB02,2025-06-30,Pre-earnings,2025-07-28,2021-03-31,2021-04-20,-0.41477337637689793,2.0
Beauty | price_contribution | CUUR0000SEGB02,2025-06-30,Pre-earnings,2025-07-28,2021-06-30,2021-07-30,-0.43530780492421206,4.0
Beauty | price_contribution | CUUR0000SEGB02,2025-06-30,Pre-earnings,2025-07-28,2021-09-30,2021-10-19,-0.5009614505874005,2.0
Beauty | price_contribution | CUUR0000SEGB02,2025-06-30,Pre-earnings,2025-07-28,2021-12-31,2022-01-19,-0.7911991921891626,2.0
Beauty | price_contribution | CUUR0000SEGB02,2025-06-30,Pre-earnings,2025-07-28,2022-03-31,2022-04-20,-0.7595451980275891,4.0
Beauty | price_contribution | CUUR0000SEGB02,2025-06-30,Pre-earnings,2025-07-28,2022-06-30,2022-07-29,0.6338255218670819,6.0
Beauty | price_contribution | CUUR0000SEGB02,2025-06-30,Pre-earnings,2025-07-28,2022-09-30,2022-10-19,3.970323328016079,7.0
Beauty | price_contribution | CUUR0000SEGB02,2025-06-30,Pre-earnings,2025-07-28,2022-12-31,2023-01-19,5.055970500253992,9.0
Beauty | price_contribution | CUUR0000SEGB02,2025-06-30,Pre-earnings,2025-07-28,2023-03-31,2023-04-21,4.891768434790711,8.0
Beauty | price_contribution | CUUR0000SEGB02,2025-06-30,Pre-earnings,2025-07-28,2023-06-30,2023-07-28,5.2129322350291885,8.0
Beauty | price_contribution | CUUR0000SEGB02,2025-06-30,Pre-earnings,2025-07-28,2023-09-30,2023-10-18,3.4916634214587683,7.0
Beauty | price_contribution | CUUR0000SEGB02,2025-06-30,Pre-earnings,2025-07-28,2023-12-31,2024-01-23,2.5297096725668045,4.0
Beauty | price_contribution | CUUR0000SEGB02,2025-06-30,Pre-earnings,2025-07-28,2024-03-31,2024-04-19,1.4458208241569626,4.0
Beauty | price_contribution | CUUR0000SEGB02,2025-06-30,Pre-earnings,2025-07-28,2024-06-30,2024-07-30,0.4560551842614391,3.0
Beauty | price_contribution | CUUR0000SEGB02,2025-06-30,Pre-earnings,2025-07-28,2024-09-30,2024-10-18,-0.3714085127806688,1.0
Beauty | price_contribution | CUUR0000SEGB02,2025-06-30,Pre-earnings,2025-07-28,2024-12-31,2025-01-22,-0.5082703089794416,2.0
Beauty | price_contribution | CUUR0000SEGB02,2025-06-30,Pre-earnings,2025-07-28,2025-03-31,2025-04-24,-0.42034549280647315,3.0
Beauty | price_contribution | CUUR0000SEGB02,2025-09-30,Origin,2025-07-01,2021-03-31,2021-04-20,-0.41477337637689793,2.0
Beauty | price_contribution | CUUR0000SEGB02,2025-09-30,Origin,2025-07-01,2021-06-30,2021-07-30,-0.43530780492421206,4.0
Beauty | price_contribution | CUUR0000SEGB02,2025-09-30,Origin,2025-07-01,2021-09-30,2021-10-19,-0.5009614505874005,2.0
Beauty | price_contribution | CUUR0000SEGB02,2025-09-30,Origin,2025-07-01,2021-12-31,2022-01-19,-0.7911991921891626,2.0
Beauty | price_contribution | CUUR0000SEGB02,2025-09-30,Origin,2025-07-01,2022-03-31,2022-04-20,-0.7595451980275891,4.0
Beauty | price_contribution | CUUR0000SEGB02,2025-09-30,Origin,2025-07-01,2022-06-30,2022-07-29,0.6338255218670819,6.0
Beauty | price_contribution | CUUR0000SEGB02,2025-09-30,Origin,2025-07-01,2022-09-30,2022-10-19,3.970323328016079,7.0
Beauty | price_contribution | CUUR0000SEGB02,2025-09-30,Origin,2025-07-01,2022-12-31,2023-01-19,5.055970500253992,9.0
Beauty | price_contribution | CUUR0000SEGB02,2025-09-30,Origin,2025-07-01,2023-03-31,2023-04-21,4.891768434790711,8.0
Beauty | price_contribution | CUUR0000SEGB02,2025-09-30,Origin,2025-07-01,2023-06-30,2023-07-28,5.2129322350291885,8.0
Beauty | price_contribution | CUUR0000SEGB02,2025-09-30,Origin,2025-07-01,2023-09-30,2023-10-18,3.4916634214587683,7.0
Beauty | price_contribution | CUUR0000SEGB02,2025-09-30,Origin,2025-07-01,2023-12-31,2024-01-23,2.5297096725668045,4.0
Beauty | price_contribution | CUUR0000SEGB02,2025-09-30,Origin,2025-07-01,2024-03-31,2024-04-19,1.4458208241569626,4.0
Beauty | price_contribution | CUUR0000SEGB02,2025-09-30,Origin,2025-07-01,2024-06-30,2024-07-30,0.4560551842614391,3.0
Beauty | price_contribution | CUUR0000SEGB02,2025-09-30,Origin,2025-07-01,2024-09-30,2024-10-18,-0.3714085127806688,1.0
Beauty | price_contribution | CUUR0000SEGB02,2025-09-30,Origin,2025-07-01,2024-12-31,2025-01-22,-0.5082703089794416,2.0
Beauty | price_contribution | CUUR0000SEGB02,2025-09-30,Origin,2025-07-01,2025-03-31,2025-04-24,-0.42034549280647315,3.0
Beauty | price_contribution | CUUR0000SEGB02,2025-09-30,Two months,2025-10-01,2021-03-31,2021-04-20,-0.41477337637689793,2.0
Beauty | price_contribution | CUUR0000SEGB02,2025-09-30,Two months,2025-10-01,2021-06-30,2021-07-30,-0.43530780492421206,4.0
Beauty | price_contribution | CUUR0000SEGB02,2025-09-30,Two months,2025-10-01,2021-09-30,2021-10-19,-0.5009614505874005,2.0
Beauty | price_contribution | CUUR0000SEGB02,2025-09-30,Two months,2025-10-01,2021-12-31,2022-01-19,-0.7911991921891626,2.0
Beauty | price_contribution | CUUR0000SEGB02,2025-09-30,Two months,2025-10-01,2022-03-31,2022-04-20,-0.7595451980275891,4.0
Beauty | price_contribution | CUUR0000SEGB02,2025-09-30,Two months,2025-10-01,2022-06-30,2022-07-29,0.6338255218670819,6.0
Beauty | price_contribution | CUUR0000SEGB02,2025-09-30,Two months,2025-10-01,2022-09-30,2022-10-19,3.970323328016079,7.0
Beauty | price_contribution | CUUR0000SEGB02,2025-09-30,Two months,2025-10-01,2022-12-31,2023-01-19,5.055970500253992,9.0
Beauty | price_contribution | CUUR0000SEGB02,2025-09-30,Two months,2025-10-01,2023-03-31,2023-04-21,4.891768434790711,8.0
Beauty | price_contribution | CUUR0000SEGB02,2025-09-30,Two months,2025-10-01,2023-06-30,2023-07-28,5.2129322350291885,8.0
Beauty | price_contribution | CUUR0000SEGB02,2025-09-30,Two months,2025-10-01,2023-09-30,2023-10-18,3.4916634214587683,7.0
Beauty | price_contribution | CUUR0000SEGB02,2025-09-30,Two months,2025-10-01,2023-12-31,2024-01-23,2.5297096725668045,4.0
Beauty | price_contribution | CUUR0000SEGB02,2025-09-30,Two months,2025-10-01,2024-03-31,2024-04-19,1.4458208241569626,4.0
Beauty | price_contribution | CUUR0000SEGB02,2025-09-30,Two months,2025-10-01,2024-06-30,2024-07-30,0.4560551842614391,3.0
Beauty | price_contribution | CUUR0000SEGB02,2025-09-30,Two months,2025-10-01,2024-09-30,2024-10-18,-0.3714085127806688,1.0
Beauty | price_contribution | CUUR0000SEGB02,2025-09-30,Two months,2025-10-01,2024-12-31,2025-01-22,-0.5082703089794416,2.0
Beauty | price_contribution | CUUR0000SEGB02,2025-09-30,Two months,2025-10-01,2025-03-31,2025-04-24,-0.42034549280647315,3.0
Beauty | price_contribution | CUUR0000SEGB02,2025-09-30,Two months,2025-10-01,2025-06-30,2025-07-29,0.06623166364128075,1.0
Beauty | price_contribution | CUUR0000SEGB02,2025-09-30,Pre-earnings,2025-10-23,2021-03-31,2021-04-20,-0.41477337637689793,2.0
Beauty | price_contribution | CUUR0000SEGB02,2025-09-30,Pre-earnings,2025-10-23,2021-06-30,2021-07-30,-0.43530780492421206,4.0
Beauty | price_contribution | CUUR0000SEGB02,2025-09-30,Pre-earnings,2025-10-23,2021-09-30,2021-10-19,-0.5009614505874005,2.0
Beauty | price_contribution | CUUR0000SEGB02,2025-09-30,Pre-earnings,2025-10-23,2021-12-31,2022-01-19,-0.7911991921891626,2.0
Beauty | price_contribution | CUUR0000SEGB02,2025-09-30,Pre-earnings,2025-10-23,2022-03-31,2022-04-20,-0.7595451980275891,4.0
Beauty | price_contribution | CUUR0000SEGB02,2025-09-30,Pre-earnings,2025-10-23,2022-06-30,2022-07-29,0.6338255218670819,6.0
Beauty | price_contribution | CUUR0000SEGB02,2025-09-30,Pre-earnings,2025-10-23,2022-09-30,2022-10-19,3.970323328016079,7.0
Beauty | price_contribution | CUUR0000SEGB02,2025-09-30,Pre-earnings,2025-10-23,2022-12-31,2023-01-19,5.055970500253992,9.0
Beauty | price_contribution | CUUR0000SEGB02,2025-09-30,Pre-earnings,2025-10-23,2023-03-31,2023-04-21,4.891768434790711,8.0
Beauty | price_contribution | CUUR0000SEGB02,2025-09-30,Pre-earnings,2025-10-23,2023-06-30,2023-07-28,5.2129322350291885,8.0
Beauty | price_contribution | CUUR0000SEGB02,2025-09-30,Pre-earnings,2025-10-23,2023-09-30,2023-10-18,3.4916634214587683,7.0
Beauty | price_contribution | CUUR0000SEGB02,2025-09-30,Pre-earnings,2025-10-23,2023-12-31,2024-01-23,2.5297096725668045,4.0
Beauty | price_contribution | CUUR0000SEGB02,2025-09-30,Pre-earnings,2025-10-23,2024-03-31,2024-04-19,1.4458208241569626,4.0
Beauty | price_contribution | CUUR0000SEGB02,2025-09-30,Pre-earnings,2025-10-23,2024-06-30,2024-07-30,0.4560551842614391,3.0
Beauty | price_contribution | CUUR0000SEGB02,2025-09-30,Pre-earnings,2025-10-23,2024-09-30,2024-10-18,-0.3714085127806688,1.0
Beauty | price_contribution | CUUR0000SEGB02,2025-09-30,Pre-earnings,2025-10-23,2024-12-31,2025-01-22,-0.5082703089794416,2.0
Beauty | price_contribution | CUUR0000SEGB02,2025-09-30,Pre-earnings,2025-10-23,2025-03-31,2025-04-24,-0.42034549280647315,3.0
Beauty | price_contribution | CUUR0000SEGB02,2025-09-30,Pre-earnings,2025-10-23,2025-06-30,2025-07-29,0.06623166364128075,1.0
Beauty | price_contribution | CUUR0000SEGB02,2025-12-31,Origin,2025-10-01,2021-03-31,2021-04-20,-0.41477337637689793,2.0
Beauty | price_contribution | CUUR0000SEGB02,2025-12-31,Origin,2025-10-01,2021-06-30,2021-07-30,-0.43530780492421206,4.0
Beauty | price_contribution | CUUR0000SEGB02,2025-12-31,Origin,2025-10-01,2021-09-30,2021-10-19,-0.5009614505874005,2.0
Beauty | price_contribution | CUUR0000SEGB02,2025-12-31,Origin,2025-10-01,2021-12-31,2022-01-19,-0.7911991921891626,2.0
Beauty | price_contribution | CUUR0000SEGB02,2025-12-31,Origin,2025-10-01,2022-03-31,2022-04-20,-0.7595451980275891,4.0
Beauty | price_contribution | CUUR0000SEGB02,2025-12-31,Origin,2025-10-01,2022-06-30,2022-07-29,0.6338255218670819,6.0
Beauty | price_contribution | CUUR0000SEGB02,2025-12-31,Origin,2025-10-01,2022-09-30,2022-10-19,3.970323328016079,7.0
Beauty | price_contribution | CUUR0000SEGB02,2025-12-31,Origin,2025-10-01,2022-12-31,2023-01-19,5.055970500253992,9.0
Beauty | price_contribution | CUUR0000SEGB02,2025-12-31,Origin,2025-10-01,2023-03-31,2023-04-21,4.891768434790711,8.0
Beauty | price_contribution | CUUR0000SEGB02,2025-12-31,Origin,2025-10-01,2023-06-30,2023-07-28,5.2129322350291885,8.0
Beauty | price_contribution | CUUR0000SEGB02,2025-12-31,Origin,2025-10-01,2023-09-30,2023-10-18,3.4916634214587683,7.0
Beauty | price_contribution | CUUR0000SEGB02,2025-12-31,Origin,2025-10-01,2023-12-31,2024-01-23,2.5297096725668045,4.0
Beauty | price_contribution | CUUR0000SEGB02,2025-12-31,Origin,2025-10-01,2024-03-31,2024-04-19,1.4458208241569626,4.0
Beauty | price_contribution | CUUR0000SEGB02,2025-12-31,Origin,2025-10-01,2024-06-30,2024-07-30,0.4560551842614391,3.0
Beauty | price_contribution | CUUR0000SEGB02,2025-12-31,Origin,2025-10-01,2024-09-30,2024-10-18,-0.3714085127806688,1.0
Beauty | price_contribution | CUUR0000SEGB02,2025-12-31,Origin,2025-10-01,2024-12-31,2025-01-22,-0.5082703089794416,2.0
Beauty | price_contribution | CUUR0000SEGB02,2025-12-31,Origin,2025-10-01,2025-03-31,2025-04-24,-0.42034549280647315,3.0
Beauty | price_contribution | CUUR0000SEGB02,2025-12-31,Origin,2025-10-01,2025-06-30,2025-07-29,0.06623166364128075,1.0
Beauty | price_contribution | CUUR0000SEGB02,2026-03-31,Pre-earnings,2026-04-23,2021-03-31,2021-04-20,-0.41477337637689793,2.0
Beauty | price_contribution | CUUR0000SEGB02,2026-03-31,Pre-earnings,2026-04-23,2021-06-30,2021-07-30,-0.43530780492421206,4.0
Beauty | price_contribution | CUUR0000SEGB02,2026-03-31,Pre-earnings,2026-04-23,2021-09-30,2021-10-19,-0.5009614505874005,2.0
Beauty | price_contribution | CUUR0000SEGB02,2026-03-31,Pre-earnings,2026-04-23,2021-12-31,2022-01-19,-0.7911991921891626,2.0
Beauty | price_contribution | CUUR0000SEGB02,2026-03-31,Pre-earnings,2026-04-23,2022-03-31,2022-04-20,-0.7595451980275891,4.0
Beauty | price_contribution | CUUR0000SEGB02,2026-03-31,Pre-earnings,2026-04-23,2022-06-30,2022-07-29,0.6338255218670819,6.0
Beauty | price_contribution | CUUR0000SEGB02,2026-03-31,Pre-earnings,2026-04-23,2022-09-30,2022-10-19,3.970323328016079,7.0
Beauty | price_contribution | CUUR0000SEGB02,2026-03-31,Pre-earnings,2026-04-23,2022-12-31,2023-01-19,5.055970500253992,9.0
Beauty | price_contribution | CUUR0000SEGB02,2026-03-31,Pre-earnings,2026-04-23,2023-03-31,2023-04-21,4.891768434790711,8.0
Beauty | price_contribution | CUUR0000SEGB02,2026-03-31,Pre-earnings,2026-04-23,2023-06-30,2023-07-28,5.2129322350291885,8.0
Beauty | price_contribution | CUUR0000SEGB02,2026-03-31,Pre-earnings,2026-04-23,2023-09-30,2023-10-18,3.4916634214587683,7.0
Beauty | price_contribution | CUUR0000SEGB02,2026-03-31,Pre-earnings,2026-04-23,2023-12-31,2024-01-23,2.5297096725668045,4.0
Beauty | price_contribution | CUUR0000SEGB02,2026-03-31,Pre-earnings,2026-04-23,2024-03-31,2024-04-19,1.4458208241569626,4.0
Beauty | price_contribution | CUUR0000SEGB02,2026-03-31,Pre-earnings,2026-04-23,2024-06-30,2024-07-30,0.4560551842614391,3.0
Beauty | price_contribution | CUUR0000SEGB02,2026-03-31,Pre-earnings,2026-04-23,2024-09-30,2024-10-18,-0.3714085127806688,1.0
Beauty | price_contribution | CUUR0000SEGB02,2026-03-31,Pre-earnings,2026-04-23,2024-12-31,2025-01-22,-0.5082703089794416,2.0
Beauty | price_contribution | CUUR0000SEGB02,2026-03-31,Pre-earnings,2026-04-23,2025-03-31,2025-04-24,-0.42034549280647315,3.0
Beauty | price_contribution | CUUR0000SEGB02,2026-03-31,Pre-earnings,2026-04-23,2025-06-30,2025-07-29,0.06623166364128075,1.0
Beauty | price_contribution | CUUR0000SEGB02,2026-03-31,Pre-earnings,2026-04-23,2025-09-30,2025-10-24,0.44640749502971033,2.0
"Baby, Feminine & Family Care | organic_volume_growth | PCENDC96",2024-09-30,Origin,2024-07-01,2021-03-31,2021-04-20,6.422656508777735,-4.0
"Baby, Feminine & Family Care | organic_volume_growth | PCENDC96",2024-09-30,Origin,2024-07-01,2021-06-30,2021-07-30,13.907186483246758,-3.0
"Baby, Feminine & Family Care | organic_volume_growth | PCENDC96",2024-09-30,Origin,2024-07-01,2021-09-30,2021-10-19,6.796251227530847,1.0
"Baby, Feminine & Family Care | organic_volume_growth | PCENDC96",2024-09-30,Origin,2024-07-01,2021-12-31,2022-01-19,7.003262521387055,1.0
"Baby, Feminine & Family Care | organic_volume_growth | PCENDC96",2024-09-30,Origin,2024-07-01,2022-03-31,2022-04-20,3.7505057736001657,2.0
"Baby, Feminine & Family Care | organic_volume_growth | PCENDC96",2024-09-30,Origin,2024-07-01,2022-06-30,2022-07-29,0.22450063641921147,0.0
"Baby, Feminine & Family Care | organic_volume_growth | PCENDC96",2024-09-30,Origin,2024-07-01,2022-09-30,2022-10-19,-0.4597655195850203,-3.0
"Baby, Feminine & Family Care | organic_volume_growth | PCENDC96",2024-09-30,Origin,2024-07-01,2022-12-31,2023-01-19,-0.9713076900157769,-6.0
"Baby, Feminine & Family Care | organic_volume_growth | PCENDC96",2024-09-30,Origin,2024-07-01,2023-03-31,2023-04-21,-0.16799664006719173,-4.0
"Baby, Feminine & Family Care | organic_volume_growth | PCENDC96",2024-09-30,Origin,2024-07-01,2023-06-30,2023-07-28,0.06199938000619465,0.0
"Baby, Feminine & Family Care | organic_volume_growth | PCENDC96",2024-09-30,Origin,2024-07-01,2023-09-30,2023-10-18,1.4338645058288524,-3.0
"Baby, Feminine & Family Care | organic_volume_growth | PCENDC96",2024-09-30,Origin,2024-07-01,2023-12-31,2024-01-23,2.0298663136464334,-2.0
"Baby, Feminine & Family Care | organic_volume_growth | PCENDC96",2024-09-30,Origin,2024-07-01,2024-03-31,2024-04-19,1.6317086363363043,-3.0
Beauty | organic_volume_growth | PCENDC96,2024-09-30,Origin,2024-07-01,2021-03-31,2021-04-20,6.422656508777735,2.0
Beauty | organic_volume_growth | PCENDC96,2024-09-30,Origin,2024-07-01,2021-06-30,2021-07-30,13.907186483246758,1.0
Beauty | organic_volume_growth | PCENDC96,2024-09-30,Origin,2024-07-01,2021-09-30,2021-10-19,6.796251227530847,0.0
Beauty | organic_volume_growth | PCENDC96,2024-09-30,Origin,2024-07-01,2021-12-31,2022-01-19,7.003262521387055,1.0
Beauty | organic_volume_growth | PCENDC96,2024-09-30,Origin,2024-07-01,2022-03-31,2022-04-20,3.7505057736001657,-1.0
Beauty | organic_volume_growth | PCENDC96,2024-09-30,Origin,2024-07-01,2022-06-30,2022-07-29,0.22450063641921147,-2.0
Beauty | organic_volume_growth | PCENDC96,2024-09-30,Origin,2024-07-01,2022-09-30,2022-10-19,-0.4597655195850203,-1.0
Beauty | organic_volume_growth | PCENDC96,2024-09-30,Origin,2024-07-01,2022-12-31,2023-01-19,-0.9713076900157769,-4.0
Beauty | organic_volume_growth | PCENDC96,2024-09-30,Origin,2024-07-01,2023-03-31,2023-04-21,-0.16799664006719173,0.0
Beauty | organic_volume_growth | PCENDC96,2024-09-30,Origin,2024-07-01,2023-06-30,2023-07-28,0.06199938000619465,-1.0
Beauty | organic_volume_growth | PCENDC96,2024-09-30,Origin,2024-07-01,2023-09-30,2023-10-18,1.4338645058288524,0.0
Beauty | organic_volume_growth | PCENDC96,2024-09-30,Origin,2024-07-01,2023-12-31,2024-01-23,2.0298663136464334,-1.0
Beauty | organic_volume_growth | PCENDC96,2024-09-30,Origin,2024-07-01,2024-03-31,2024-04-19,1.6317086363363043,1.0
Fabric & Home Care | organic_volume_growth | PCENDC96,2024-09-30,Origin,2024-07-01,2022-06-30,2022-07-29,0.22450063641921147,-1.0
Fabric & Home Care | organic_volume_growth | PCENDC96,2024-09-30,Origin,2024-07-01,2022-09-30,2022-10-19,-0.4597655195850203,-4.0
Fabric & Home Care | organic_volume_growth | PCENDC96,2024-09-30,Origin,2024-07-01,2022-12-31,2023-01-19,-0.9713076900157769,-7.0
Fabric & Home Care | organic_volume_growth | PCENDC96,2024-09-30,Origin,2024-07-01,2023-03-31,2023-04-21,-0.16799664006719173,-5.0
Fabric & Home Care | organic_volume_growth | PCENDC96,2024-09-30,Origin,2024-07-01,2023-06-30,2023-07-28,0.06199938000619465,-2.0
Fabric & Home Care | organic_volume_growth | PCENDC96,2024-09-30,Origin,2024-07-01,2023-09-30,2023-10-18,1.4338645058288524,0.0
Fabric & Home Care | organic_volume_growth | PCENDC96,2024-09-30,Origin,2024-07-01,2023-12-31,2024-01-23,2.0298663136464334,1.0
Fabric & Home Care | organic_volume_growth | PCENDC96,2024-09-30,Origin,2024-07-01,2024-03-31,2024-04-19,1.6317086363363043,1.0
"Baby, Feminine & Family Care | organic_volume_growth | PCENDC96",2024-09-30,One month,2024-08-30,2022-03-31,2022-04-20,3.7505057736001657,2.0
"Baby, Feminine & Family Care | organic_volume_growth | PCENDC96",2024-09-30,One month,2024-08-30,2022-06-30,2022-07-29,0.22450063641921147,0.0
"Baby, Feminine & Family Care | organic_volume_growth | PCENDC96",2024-09-30,One month,2024-08-30,2022-09-30,2022-10-19,-0.4597655195850203,-3.0
"Baby, Feminine & Family Care | organic_volume_growth | PCENDC96",2024-09-30,One month,2024-08-30,2022-12-31,2023-01-19,-0.9713076900157769,-6.0
"Baby, Feminine & Family Care | organic_volume_growth | PCENDC96",2024-09-30,One month,2024-08-30,2023-03-31,2023-04-21,-0.16799664006719173,-4.0
"Baby, Feminine & Family Care | organic_volume_growth | PCENDC96",2024-09-30,One month,2024-08-30,2023-06-30,2023-07-28,0.06199938000619465,0.0
"Baby, Feminine & Family Care | organic_volume_growth | PCENDC96",2024-09-30,One month,2024-08-30,2023-09-30,2023-10-18,1.4338645058288524,-3.0
"Baby, Feminine & Family Care | organic_volume_growth | PCENDC96",2024-09-30,One month,2024-08-30,2023-12-31,2024-01-23,2.0298663136464334,-2.0
"Baby, Feminine & Family Care | organic_volume_growth | PCENDC96",2024-09-30,One month,2024-08-30,2024-03-31,2024-04-19,1.6317086363363043,-3.0
"Baby, Feminine & Family Care | organic_volume_growth | PCENDC96",2024-09-30,One month,2024-08-30,2024-06-30,2024-07-30,1.8988037536352254,-1.0
Beauty | organic_volume_growth | PCENDC96,2024-09-30,One month,2024-08-30,2022-03-31,2022-04-20,3.7505057736001657,-1.0
Beauty | organic_volume_growth | PCENDC96,2024-09-30,One month,2024-08-30,2022-06-30,2022-07-29,0.22450063641921147,-2.0
Beauty | organic_volume_growth | PCENDC96,2024-09-30,One month,2024-08-30,2022-09-30,2022-10-19,-0.4597655195850203,-1.0
Beauty | organic_volume_growth | PCENDC96,2024-09-30,One month,2024-08-30,2022-12-31,2023-01-19,-0.9713076900157769,-4.0
Beauty | organic_volume_growth | PCENDC96,2024-09-30,One month,2024-08-30,2023-03-31,2023-04-21,-0.16799664006719173,0.0
Beauty | organic_volume_growth | PCENDC96,2024-09-30,One month,2024-08-30,2023-06-30,2023-07-28,0.06199938000619465,-1.0
Beauty | organic_volume_growth | PCENDC96,2024-09-30,One month,2024-08-30,2023-09-30,2023-10-18,1.4338645058288524,0.0
Beauty | organic_volume_growth | PCENDC96,2024-09-30,One month,2024-08-30,2023-12-31,2024-01-23,2.0298663136464334,-1.0
Beauty | organic_volume_growth | PCENDC96,2024-09-30,One month,2024-08-30,2024-03-31,2024-04-19,1.6317086363363043,1.0
Beauty | organic_volume_growth | PCENDC96,2024-09-30,One month,2024-08-30,2024-06-30,2024-07-30,1.8988037536352254,1.0
Fabric & Home Care | organic_volume_growth | PCENDC96,2024-09-30,One month,2024-08-30,2022-09-30,2022-10-19,-0.4597655195850203,-4.0
Fabric & Home Care | organic_volume_growth | PCENDC96,2024-09-30,One month,2024-08-30,2022-12-31,2023-01-19,-0.9713076900157769,-7.0
Fabric & Home Care | organic_volume_growth | PCENDC96,2024-09-30,One month,2024-08-30,2023-03-31,2023-04-21,-0.16799664006719173,-5.0
Fabric & Home Care | organic_volume_growth | PCENDC96,2024-09-30,One month,2024-08-30,2023-06-30,2023-07-28,0.06199938000619465,-2.0
Fabric & Home Care | organic_volume_growth | PCENDC96,2024-09-30,One month,2024-08-30,2023-09-30,2023-10-18,1.4338645058288524,0.0
Fabric & Home Care | organic_volume_growth | PCENDC96,2024-09-30,One month,2024-08-30,2023-12-31,2024-01-23,2.0298663136464334,1.0
Fabric & Home Care | organic_volume_growth | PCENDC96,2024-09-30,One month,2024-08-30,2024-03-31,2024-04-19,1.6317086363363043,1.0
Fabric & Home Care | organic_volume_growth | PCENDC96,2024-09-30,One month,2024-08-30,2024-06-30,2024-07-30,1.8988037536352254,3.0
"Baby, Feminine & Family Care | organic_volume_growth | PCENDC96",2024-09-30,Two months,2024-09-27,2022-03-31,2022-04-20,3.404808853741881,2.0
"Baby, Feminine & Family Care | organic_volume_growth | PCENDC96",2024-09-30,Two months,2024-09-27,2022-06-30,2022-07-29,-0.26864270520209343,0.0
"Baby, Feminine & Family Care | organic_volume_growth | PCENDC96",2024-09-30,Two months,2024-09-27,2022-09-30,2022-10-19,-0.9788074712643757,-3.0
"Baby, Feminine & Family Care | organic_volume_growth | PCENDC96",2024-09-30,Two months,2024-09-27,2022-12-31,2023-01-19,-1.5609194946349714,-6.0
"Baby, Feminine & Family Care | organic_volume_growth | PCENDC96",2024-09-30,Two months,2024-09-27,2023-03-31,2023-04-21,-0.28354349497309306,-4.0
"Baby, Feminine & Family Care | organic_volume_growth | PCENDC96",2024-09-30,Two months,2024-09-27,2023-06-30,2023-07-28,-0.07710486261315319,0.0
"Baby, Feminine & Family Care | organic_volume_growth | PCENDC96",2024-09-30,Two months,2024-09-27,2023-09-30,2023-10-18,1.3149542033191297,-3.0
"Baby, Feminine & Family Care | organic_volume_growth | PCENDC96",2024-09-30,Two months,2024-09-27,2023-12-31,2024-01-23,2.203215667311409,-2.0
"Baby, Feminine & Family Care | organic_volume_growth | PCENDC96",2024-09-30,Two months,2024-09-27,2024-03-31,2024-04-19,1.360673628563136,-3.0
"Baby, Feminine & Family Care | organic_volume_growth | PCENDC96",2024-09-30,Two months,2024-09-27,2024-06-30,2024-07-30,1.8739916021125014,-1.0
Beauty | organic_volume_growth | PCENDC96,2024-09-30,Two months,2024-09-27,2022-03-31,2022-04-20,3.404808853741881,-1.0
Beauty | organic_volume_growth | PCENDC96,2024-09-30,Two months,2024-09-27,2022-06-30,2022-07-29,-0.26864270520209343,-2.0
Beauty | organic_volume_growth | PCENDC96,2024-09-30,Two months,2024-09-27,2022-09-30,2022-10-19,-0.9788074712643757,-1.0
Beauty | organic_volume_growth | PCENDC96,2024-09-30,Two months,2024-09-27,2022-12-31,2023-01-19,-1.5609194946349714,-4.0
Beauty | organic_volume_growth | PCENDC96,2024-09-30,Two months,2024-09-27,2023-03-31,2023-04-21,-0.28354349497309306,0.0
Beauty | organic_volume_growth | PCENDC96,2024-09-30,Two months,2024-09-27,2023-06-30,2023-07-28,-0.07710486261315319,-1.0
Beauty | organic_volume_growth | PCENDC96,2024-09-30,Two months,2024-09-27,2023-09-30,2023-10-18,1.3149542033191297,0.0
Beauty | organic_volume_growth | PCENDC96,2024-09-30,Two months,2024-09-27,2023-12-31,2024-01-23,2.203215667311409,-1.0
Beauty | organic_volume_growth | PCENDC96,2024-09-30,Two months,2024-09-27,2024-03-31,2024-04-19,1.360673628563136,1.0
Beauty | organic_volume_growth | PCENDC96,2024-09-30,Two months,2024-09-27,2024-06-30,2024-07-30,1.8739916021125014,1.0
Fabric & Home Care | organic_volume_growth | PCENDC96,2024-09-30,Two months,2024-09-27,2022-09-30,2022-10-19,-0.9788074712643757,-4.0
Fabric & Home Care | organic_volume_growth | PCENDC96,2024-09-30,Two months,2024-09-27,2022-12-31,2023-01-19,-1.5609194946349714,-7.0
Fabric & Home Care | organic_volume_growth | PCENDC96,2024-09-30,Two months,2024-09-27,2023-03-31,2023-04-21,-0.28354349497309306,-5.0
Fabric & Home Care | organic_volume_growth | PCENDC96,2024-09-30,Two months,2024-09-27,2023-06-30,2023-07-28,-0.07710486261315319,-2.0
Fabric & Home Care | organic_volume_growth | PCENDC96,2024-09-30,Two months,2024-09-27,2023-09-30,2023-10-18,1.3149542033191297,0.0
Fabric & Home Care | organic_volume_growth | PCENDC96,2024-09-30,Two months,2024-09-27,2023-12-31,2024-01-23,2.203215667311409,1.0
Fabric & Home Care | organic_volume_growth | PCENDC96,2024-09-30,Two months,2024-09-27,2024-03-31,2024-04-19,1.360673628563136,1.0
Fabric & Home Care | organic_volume_growth | PCENDC96,2024-09-30,Two months,2024-09-27,2024-06-30,2024-07-30,1.8739916021125014,3.0
"Baby, Feminine & Family Care | organic_volume_growth | PCENDC96",2024-09-30,Pre-earnings,2024-10-17,2021-03-31,2021-04-20,6.809059633027537,-4.0
"Baby, Feminine & Family Care | organic_volume_growth | PCENDC96",2024-09-30,Pre-earnings,2024-10-17,2021-06-30,2021-07-30,14.154610850804294,-3.0
"Baby, Feminine & Family Care | organic_volume_growth | PCENDC96",2024-09-30,Pre-earnings,2024-10-17,2021-09-30,2021-10-19,6.792826774925675,1.0
"Baby, Feminine & Family Care | organic_volume_growth | PCENDC96",2024-09-30,Pre-earnings,2024-10-17,2021-12-31,2022-01-19,6.843683446529414,1.0
"Baby, Feminine & Family Care | organic_volume_growth | PCENDC96",2024-09-30,Pre-earnings,2024-10-17,2022-03-31,2022-04-20,3.404808853741881,2.0
"Baby, Feminine & Family Care | organic_volume_growth | PCENDC96",2024-09-30,Pre-earnings,2024-10-17,2022-06-30,2022-07-29,-0.26864270520209343,0.0
"Baby, Feminine & Family Care | organic_volume_growth | PCENDC96",2024-09-30,Pre-earnings,2024-10-17,2022-09-30,2022-10-19,-0.9788074712643757,-3.0
"Baby, Feminine & Family Care | organic_volume_growth | PCENDC96",2024-09-30,Pre-earnings,2024-10-17,2022-12-31,2023-01-19,-1.5609194946349714,-6.0
"Baby, Feminine & Family Care | organic_volume_growth | PCENDC96",2024-09-30,Pre-earnings,2024-10-17,2023-03-31,2023-04-21,-0.28354349497309306,-4.0
"Baby, Feminine & Family Care | organic_volume_growth | PCENDC96",2024-09-30,Pre-earnings,2024-10-17,2023-06-30,2023-07-28,-0.07710486261315319,0.0
"Baby, Feminine & Family Care | organic_volume_growth | PCENDC96",2024-09-30,Pre-earnings,2024-10-17,2023-09-30,2023-10-18,1.3149542033191297,-3.0
"Baby, Feminine & Family Care | organic_volume_growth | PCENDC96",2024-09-30,Pre-earnings,2024-10-17,2023-12-31,2024-01-23,2.203215667311409,-2.0
"Baby, Feminine & Family Care | organic_volume_growth | PCENDC96",2024-09-30,Pre-earnings,2024-10-17,2024-03-31,2024-04-19,1.360673628563136,-3.0
"Baby, Feminine & Family Care | organic_volume_growth | PCENDC96",2024-09-30,Pre-earnings,2024-10-17,2024-06-30,2024-07-30,1.8739916021125014,-1.0
Beauty | organic_volume_growth | PCENDC96,2024-09-30,Pre-earnings,2024-10-17,2021-03-31,2021-04-20,6.809059633027537,2.0
Beauty | organic_volume_growth | PCENDC96,2024-09-30,Pre-earnings,2024-10-17,2021-06-30,2021-07-30,14.154610850804294,1.0
Beauty | organic_volume_growth | PCENDC96,2024-09-30,Pre-earnings,2024-10-17,2021-09-30,2021-10-19,6.792826774925675,0.0
Beauty | organic_volume_growth | PCENDC96,2024-09-30,Pre-earnings,2024-10-17,2021-12-31,2022-01-19,6.843683446529414,1.0
Beauty | organic_volume_growth | PCENDC96,2024-09-30,Pre-earnings,2024-10-17,2022-03-31,2022-04-20,3.404808853741881,-1.0
Beauty | organic_volume_growth | PCENDC96,2024-09-30,Pre-earnings,2024-10-17,2022-06-30,2022-07-29,-0.26864270520209343,-2.0
Beauty | organic_volume_growth | PCENDC96,2024-09-30,Pre-earnings,2024-10-17,2022-09-30,2022-10-19,-0.9788074712643757,-1.0
Beauty | organic_volume_growth | PCENDC96,2024-09-30,Pre-earnings,2024-10-17,2022-12-31,2023-01-19,-1.5609194946349714,-4.0
Beauty | organic_volume_growth | PCENDC96,2024-09-30,Pre-earnings,2024-10-17,2023-03-31,2023-04-21,-0.28354349497309306,0.0
Beauty | organic_volume_growth | PCENDC96,2024-09-30,Pre-earnings,2024-10-17,2023-06-30,2023-07-28,-0.07710486261315319,-1.0
Beauty | organic_volume_growth | PCENDC96,2024-09-30,Pre-earnings,2024-10-17,2023-09-30,2023-10-18,1.3149542033191297,0.0
Beauty | organic_volume_growth | PCENDC96,2024-09-30,Pre-earnings,2024-10-17,2023-12-31,2024-01-23,2.203215667311409,-1.0
Beauty | organic_volume_growth | PCENDC96,2024-09-30,Pre-earnings,2024-10-17,2024-03-31,2024-04-19,1.360673628563136,1.0
Beauty | organic_volume_growth | PCENDC96,2024-09-30,Pre-earnings,2024-10-17,2024-06-30,2024-07-30,1.8739916021125014,1.0
Fabric & Home Care | organic_volume_growth | PCENDC96,2024-09-30,Pre-earnings,2024-10-17,2022-09-30,2022-10-19,-0.9788074712643757,-4.0
Fabric & Home Care | organic_volume_growth | PCENDC96,2024-09-30,Pre-earnings,2024-10-17,2022-12-31,2023-01-19,-1.5609194946349714,-7.0
Fabric & Home Care | organic_volume_growth | PCENDC96,2024-09-30,Pre-earnings,2024-10-17,2023-03-31,2023-04-21,-0.28354349497309306,-5.0
Fabric & Home Care | organic_volume_growth | PCENDC96,2024-09-30,Pre-earnings,2024-10-17,2023-06-30,2023-07-28,-0.07710486261315319,-2.0
Fabric & Home Care | organic_volume_growth | PCENDC96,2024-09-30,Pre-earnings,2024-10-17,2023-09-30,2023-10-18,1.3149542033191297,0.0
Fabric & Home Care | organic_volume_growth | PCENDC96,2024-09-30,Pre-earnings,2024-10-17,2023-12-31,2024-01-23,2.203215667311409,1.0
Fabric & Home Care | organic_volume_growth | PCENDC96,2024-09-30,Pre-earnings,2024-10-17,2024-03-31,2024-04-19,1.360673628563136,1.0
Fabric & Home Care | organic_volume_growth | PCENDC96,2024-09-30,Pre-earnings,2024-10-17,2024-06-30,2024-07-30,1.8739916021125014,3.0
"Baby, Feminine & Family Care | organic_volume_growth | PCENDC96",2024-12-31,Origin,2024-10-01,2021-03-31,2021-04-20,6.809059633027537,-4.0
"Baby, Feminine & Family Care | organic_volume_growth | PCENDC96",2024-12-31,Origin,2024-10-01,2021-06-30,2021-07-30,14.154610850804294,-3.0
"Baby, Feminine & Family Care | organic_volume_growth | PCENDC96",2024-12-31,Origin,2024-10-01,2021-09-30,2021-10-19,6.792826774925675,1.0
"Baby, Feminine & Family Care | organic_volume_growth | PCENDC96",2024-12-31,Origin,2024-10-01,2021-12-31,2022-01-19,6.843683446529414,1.0
"Baby, Feminine & Family Care | organic_volume_growth | PCENDC96",2024-12-31,Origin,2024-10-01,2022-03-31,2022-04-20,3.404808853741881,2.0
"Baby, Feminine & Family Care | organic_volume_growth | PCENDC96",2024-12-31,Origin,2024-10-01,2022-06-30,2022-07-29,-0.26864270520209343,0.0
"Baby, Feminine & Family Care | organic_volume_growth | PCENDC96",2024-12-31,Origin,2024-10-01,2022-09-30,2022-10-19,-0.9788074712643757,-3.0
"Baby, Feminine & Family Care | organic_volume_growth | PCENDC96",2024-12-31,Origin,2024-10-01,2022-12-31,2023-01-19,-1.5609194946349714,-6.0
"Baby, Feminine & Family Care | organic_volume_growth | PCENDC96",2024-12-31,Origin,2024-10-01,2023-03-31,2023-04-21,-0.28354349497309306,-4.0
"Baby, Feminine & Family Care | organic_volume_growth | PCENDC96",2024-12-31,Origin,2024-10-01,2023-06-30,2023-07-28,-0.07710486261315319,0.0
"Baby, Feminine & Family Care | organic_volume_growth | PCENDC96",2024-12-31,Origin,2024-10-01,2023-09-30,2023-10-18,1.3149542033191297,-3.0
"Baby, Feminine & Family Care | organic_volume_growth | PCENDC96",2024-12-31,Origin,2024-10-01,2023-12-31,2024-01-23,2.203215667311409,-2.0
"Baby, Feminine & Family Care | organic_volume_growth | PCENDC96",2024-12-31,Origin,2024-10-01,2024-03-31,2024-04-19,1.360673628563136,-3.0
"Baby, Feminine & Family Care | organic_volume_growth | PCENDC96",2024-12-31,Origin,2024-10-01,2024-06-30,2024-07-30,1.8739916021125014,-1.0
Beauty | organic_volume_growth | PCENDC96,2024-12-31,Origin,2024-10-01,2021-03-31,2021-04-20,6.809059633027537,2.0
Beauty | organic_volume_growth | PCENDC96,2024-12-31,Origin,2024-10-01,2021-06-30,2021-07-30,14.154610850804294,1.0
Beauty | organic_volume_growth | PCENDC96,2024-12-31,Origin,2024-10-01,2021-09-30,2021-10-19,6.792826774925675,0.0
Beauty | organic_volume_growth | PCENDC96,2024-12-31,Origin,2024-10-01,2021-12-31,2022-01-19,6.843683446529414,1.0
Beauty | organic_volume_growth | PCENDC96,2024-12-31,Origin,2024-10-01,2022-03-31,2022-04-20,3.404808853741881,-1.0
Beauty | organic_volume_growth | PCENDC96,2024-12-31,Origin,2024-10-01,2022-06-30,2022-07-29,-0.26864270520209343,-2.0
Beauty | organic_volume_growth | PCENDC96,2024-12-31,Origin,2024-10-01,2022-09-30,2022-10-19,-0.9788074712643757,-1.0
Beauty | organic_volume_growth | PCENDC96,2024-12-31,Origin,2024-10-01,2022-12-31,2023-01-19,-1.5609194946349714,-4.0
Beauty | organic_volume_growth | PCENDC96,2024-12-31,Origin,2024-10-01,2023-03-31,2023-04-21,-0.28354349497309306,0.0
Beauty | organic_volume_growth | PCENDC96,2024-12-31,Origin,2024-10-01,2023-06-30,2023-07-28,-0.07710486261315319,-1.0
Beauty | organic_volume_growth | PCENDC96,2024-12-31,Origin,2024-10-01,2023-09-30,2023-10-18,1.3149542033191297,0.0
Beauty | organic_volume_growth | PCENDC96,2024-12-31,Origin,2024-10-01,2023-12-31,2024-01-23,2.203215667311409,-1.0
Beauty | organic_volume_growth | PCENDC96,2024-12-31,Origin,2024-10-01,2024-03-31,2024-04-19,1.360673628563136,1.0
Beauty | organic_volume_growth | PCENDC96,2024-12-31,Origin,2024-10-01,2024-06-30,2024-07-30,1.8739916021125014,1.0
Fabric & Home Care | organic_volume_growth | PCENDC96,2024-12-31,Origin,2024-10-01,2022-09-30,2022-10-19,-0.9788074712643757,-4.0
Fabric & Home Care | organic_volume_growth | PCENDC96,2024-12-31,Origin,2024-10-01,2022-12-31,2023-01-19,-1.5609194946349714,-7.0
Fabric & Home Care | organic_volume_growth | PCENDC96,2024-12-31,Origin,2024-10-01,2023-03-31,2023-04-21,-0.28354349497309306,-5.0
Fabric & Home Care | organic_volume_growth | PCENDC96,2024-12-31,Origin,2024-10-01,2023-06-30,2023-07-28,-0.07710486261315319,-2.0
Fabric & Home Care | organic_volume_growth | PCENDC96,2024-12-31,Origin,2024-10-01,2023-09-30,2023-10-18,1.3149542033191297,0.0
Fabric & Home Care | organic_volume_growth | PCENDC96,2024-12-31,Origin,2024-10-01,2023-12-31,2024-01-23,2.203215667311409,1.0
Fabric & Home Care | organic_volume_growth | PCENDC96,2024-12-31,Origin,2024-10-01,2024-03-31,2024-04-19,1.360673628563136,1.0
Fabric & Home Care | organic_volume_growth | PCENDC96,2024-12-31,Origin,2024-10-01,2024-06-30,2024-07-30,1.8739916021125014,3.0
"Baby, Feminine & Family Care | organic_volume_growth | PCENDC96",2024-12-31,One month,2024-11-27,2022-03-31,2022-04-20,3.404808853741881,2.0
"Baby, Feminine & Family Care | organic_volume_growth | PCENDC96",2024-12-31,One month,2024-11-27,2022-06-30,2022-07-29,-0.26864270520209343,0.0
"Baby, Feminine & Family Care | organic_volume_growth | PCENDC96",2024-12-31,One month,2024-11-27,2022-09-30,2022-10-19,-0.9788074712643757,-3.0
"Baby, Feminine & Family Care | organic_volume_growth | PCENDC96",2024-12-31,One month,2024-11-27,2022-12-31,2023-01-19,-1.5609194946349714,-6.0
"Baby, Feminine & Family Care | organic_volume_growth | PCENDC96",2024-12-31,One month,2024-11-27,2023-03-31,2023-04-21,-0.28354349497309306,-4.0
"Baby, Feminine & Family Care | organic_volume_growth | PCENDC96",2024-12-31,One month,2024-11-27,2023-06-30,2023-07-28,-0.07710486261315319,0.0
"Baby, Feminine & Family Care | organic_volume_growth | PCENDC96",2024-12-31,One month,2024-11-27,2023-09-30,2023-10-18,1.3149542033191297,-3.0
"Baby, Feminine & Family Care | organic_volume_growth | PCENDC96",2024-12-31,One month,2024-11-27,2023-12-31,2024-01-23,2.203215667311409,-2.0
"Baby, Feminine & Family Care | organic_volume_growth | PCENDC96",2024-12-31,One month,2024-11-27,2024-03-31,2024-04-19,1.360673628563136,-3.0
"Baby, Feminine & Family Care | organic_volume_growth | PCENDC96",2024-12-31,One month,2024-11-27,2024-06-30,2024-07-30,1.8739916021125014,-1.0
"Baby, Feminine & Family Care | organic_volume_growth | PCENDC96",2024-12-31,One month,2024-11-27,2024-09-30,2024-10-18,2.234753550543034,-1.0
Beauty | organic_volume_growth | PCENDC96,2024-12-31,One month,2024-11-27,2022-03-31,2022-04-20,3.404808853741881,-1.0
Beauty | organic_volume_growth | PCENDC96,2024-12-31,One month,2024-11-27,2022-06-30,2022-07-29,-0.26864270520209343,-2.0
Beauty | organic_volume_growth | PCENDC96,2024-12-31,One month,2024-11-27,2022-09-30,2022-10-19,-0.9788074712643757,-1.0
Beauty | organic_volume_growth | PCENDC96,2024-12-31,One month,2024-11-27,2022-12-31,2023-01-19,-1.5609194946349714,-4.0
Beauty | organic_volume_growth | PCENDC96,2024-12-31,One month,2024-11-27,2023-03-31,2023-04-21,-0.28354349497309306,0.0
Beauty | organic_volume_growth | PCENDC96,2024-12-31,One month,2024-11-27,2023-06-30,2023-07-28,-0.07710486261315319,-1.0
Beauty | organic_volume_growth | PCENDC96,2024-12-31,One month,2024-11-27,2023-09-30,2023-10-18,1.3149542033191297,0.0
Beauty | organic_volume_growth | PCENDC96,2024-12-31,One month,2024-11-27,2023-12-31,2024-01-23,2.203215667311409,-1.0
Beauty | organic_volume_growth | PCENDC96,2024-12-31,One month,2024-11-27,2024-03-31,2024-04-19,1.360673628563136,1.0
Beauty | organic_volume_growth | PCENDC96,2024-12-31,One month,2024-11-27,2024-06-30,2024-07-30,1.8739916021125014,1.0
Beauty | organic_volume_growth | PCENDC96,2024-12-31,One month,2024-11-27,2024-09-30,2024-10-18,2.234753550543034,0.0
Fabric & Home Care | organic_volume_growth | PCENDC96,2024-12-31,One month,2024-11-27,2022-12-31,2023-01-19,-1.5609194946349714,-7.0
Fabric & Home Care | organic_volume_growth | PCENDC96,2024-12-31,One month,2024-11-27,2023-03-31,2023-04-21,-0.28354349497309306,-5.0
Fabric & Home Care | organic_volume_growth | PCENDC96,2024-12-31,One month,2024-11-27,2023-06-30,2023-07-28,-0.07710486261315319,-2.0
Fabric & Home Care | organic_volume_growth | PCENDC96,2024-12-31,One month,2024-11-27,2023-09-30,2023-10-18,1.3149542033191297,0.0
Fabric & Home Care | organic_volume_growth | PCENDC96,2024-12-31,One month,2024-11-27,2023-12-31,2024-01-23,2.203215667311409,1.0
Fabric & Home Care | organic_volume_growth | PCENDC96,2024-12-31,One month,2024-11-27,2024-03-31,2024-04-19,1.360673628563136,1.0
Fabric & Home Care | organic_volume_growth | PCENDC96,2024-12-31,One month,2024-11-27,2024-06-30,2024-07-30,1.8739916021125014,3.0
Fabric & Home Care | organic_volume_growth | PCENDC96,2024-12-31,One month,2024-11-27,2024-09-30,2024-10-18,2.234753550543034,1.0
"Baby, Feminine & Family Care | organic_volume_growth | PCENDC96",2024-12-31,Two months,2024-12-20,2022-03-31,2022-04-20,3.404808853741881,2.0
"Baby, Feminine & Family Care | organic_volume_growth | PCENDC96",2024-12-31,Two months,2024-12-20,2022-06-30,2022-07-29,-0.26864270520209343,0.0
"Baby, Feminine & Family Care | organic_volume_growth | PCENDC96",2024-12-31,Two months,2024-12-20,2022-09-30,2022-10-19,-0.9788074712643757,-3.0
"Baby, Feminine & Family Care | organic_volume_growth | PCENDC96",2024-12-31,Two months,2024-12-20,2022-12-31,2023-01-19,-1.5609194946349714,-6.0
"Baby, Feminine & Family Care | organic_volume_growth | PCENDC96",2024-12-31,Two months,2024-12-20,2023-03-31,2023-04-21,-0.28354349497309306,-4.0
"Baby, Feminine & Family Care | organic_volume_growth | PCENDC96",2024-12-31,Two months,2024-12-20,2023-06-30,2023-07-28,-0.07710486261315319,0.0
"Baby, Feminine & Family Care | organic_volume_growth | PCENDC96",2024-12-31,Two months,2024-12-20,2023-09-30,2023-10-18,1.3149542033191297,-3.0
"Baby, Feminine & Family Care | organic_volume_growth | PCENDC96",2024-12-31,Two months,2024-12-20,2023-12-31,2024-01-23,2.203215667311409,-2.0
"Baby, Feminine & Family Care | organic_volume_growth | PCENDC96",2024-12-31,Two months,2024-12-20,2024-03-31,2024-04-19,1.360673628563136,-3.0
"Baby, Feminine & Family Care | organic_volume_growth | PCENDC96",2024-12-31,Two months,2024-12-20,2024-06-30,2024-07-30,1.8739916021125014,-1.0
"Baby, Feminine & Family Care | organic_volume_growth | PCENDC96",2024-12-31,Two months,2024-12-20,2024-09-30,2024-10-18,2.247682698810527,-1.0
Beauty | organic_volume_growth | PCENDC96,2024-12-31,Two months,2024-12-20,2022-03-31,2022-04-20,3.404808853741881,-1.0
Beauty | organic_volume_growth | PCENDC96,2024-12-31,Two months,2024-12-20,2022-06-30,2022-07-29,-0.26864270520209343,-2.0
Beauty | organic_volume_growth | PCENDC96,2024-12-31,Two months,2024-12-20,2022-09-30,2022-10-19,-0.9788074712643757,-1.0
Beauty | organic_volume_growth | PCENDC96,2024-12-31,Two months,2024-12-20,2022-12-31,2023-01-19,-1.5609194946349714,-4.0
Beauty | organic_volume_growth | PCENDC96,2024-12-31,Two months,2024-12-20,2023-03-31,2023-04-21,-0.28354349497309306,0.0
Beauty | organic_volume_growth | PCENDC96,2024-12-31,Two months,2024-12-20,2023-06-30,2023-07-28,-0.07710486261315319,-1.0
Beauty | organic_volume_growth | PCENDC96,2024-12-31,Two months,2024-12-20,2023-09-30,2023-10-18,1.3149542033191297,0.0
Beauty | organic_volume_growth | PCENDC96,2024-12-31,Two months,2024-12-20,2023-12-31,2024-01-23,2.203215667311409,-1.0
Beauty | organic_volume_growth | PCENDC96,2024-12-31,Two months,2024-12-20,2024-03-31,2024-04-19,1.360673628563136,1.0
Beauty | organic_volume_growth | PCENDC96,2024-12-31,Two months,2024-12-20,2024-06-30,2024-07-30,1.8739916021125014,1.0
Beauty | organic_volume_growth | PCENDC96,2024-12-31,Two months,2024-12-20,2024-09-30,2024-10-18,2.247682698810527,0.0
Fabric & Home Care | organic_volume_growth | PCENDC96,2024-12-31,Two months,2024-12-20,2022-12-31,2023-01-19,-1.5609194946349714,-7.0
Fabric & Home Care | organic_volume_growth | PCENDC96,2024-12-31,Two months,2024-12-20,2023-03-31,2023-04-21,-0.28354349497309306,-5.0
Fabric & Home Care | organic_volume_growth | PCENDC96,2024-12-31,Two months,2024-12-20,2023-06-30,2023-07-28,-0.07710486261315319,-2.0
Fabric & Home Care | organic_volume_growth | PCENDC96,2024-12-31,Two months,2024-12-20,2023-09-30,2023-10-18,1.3149542033191297,0.0
Fabric & Home Care | organic_volume_growth | PCENDC96,2024-12-31,Two months,2024-12-20,2023-12-31,2024-01-23,2.203215667311409,1.0
Fabric & Home Care | organic_volume_growth | PCENDC96,2024-12-31,Two months,2024-12-20,2024-03-31,2024-04-19,1.360673628563136,1.0
Fabric & Home Care | organic_volume_growth | PCENDC96,2024-12-31,Two months,2024-12-20,2024-06-30,2024-07-30,1.8739916021125014,3.0
Fabric & Home Care | organic_volume_growth | PCENDC96,2024-12-31,Two months,2024-12-20,2024-09-30,2024-10-18,2.247682698810527,1.0
"Baby, Feminine & Family Care | organic_volume_growth | PCENDC96",2024-12-31,Pre-earnings,2025-01-21,2021-03-31,2021-04-20,6.809059633027537,-4.0
"Baby, Feminine & Family Care | organic_volume_growth | PCENDC96",2024-12-31,Pre-earnings,2025-01-21,2021-06-30,2021-07-30,14.154610850804294,-3.0
"Baby, Feminine & Family Care | organic_volume_growth | PCENDC96",2024-12-31,Pre-earnings,2025-01-21,2021-09-30,2021-10-19,6.792826774925675,1.0
"Baby, Feminine & Family Care | organic_volume_growth | PCENDC96",2024-12-31,Pre-earnings,2025-01-21,2021-12-31,2022-01-19,6.843683446529414,1.0
"Baby, Feminine & Family Care | organic_volume_growth | PCENDC96",2024-12-31,Pre-earnings,2025-01-21,2022-03-31,2022-04-20,3.404808853741881,2.0
"Baby, Feminine & Family Care | organic_volume_growth | PCENDC96",2024-12-31,Pre-earnings,2025-01-21,2022-06-30,2022-07-29,-0.26864270520209343,0.0
"Baby, Feminine & Family Care | organic_volume_growth | PCENDC96",2024-12-31,Pre-earnings,2025-01-21,2022-09-30,2022-10-19,-0.9788074712643757,-3.0
"Baby, Feminine & Family Care | organic_volume_growth | PCENDC96",2024-12-31,Pre-earnings,2025-01-21,2022-12-31,2023-01-19,-1.5609194946349714,-6.0
"Baby, Feminine & Family Care | organic_volume_growth | PCENDC96",2024-12-31,Pre-earnings,2025-01-21,2023-03-31,2023-04-21,-0.28354349497309306,-4.0
"Baby, Feminine & Family Care | organic_volume_growth | PCENDC96",2024-12-31,Pre-earnings,2025-01-21,2023-06-30,2023-07-28,-0.07710486261315319,0.0
"Baby, Feminine & Family Care | organic_volume_growth | PCENDC96",2024-12-31,Pre-earnings,2025-01-21,2023-09-30,2023-10-18,1.3149542033191297,-3.0
"Baby, Feminine & Family Care | organic_volume_growth | PCENDC96",2024-12-31,Pre-earnings,2025-01-21,2023-12-31,2024-01-23,2.203215667311409,-2.0
"Baby, Feminine & Family Care | organic_volume_growth | PCENDC96",2024-12-31,Pre-earnings,2025-01-21,2024-03-31,2024-04-19,1.360673628563136,-3.0
"Baby, Feminine & Family Care | organic_volume_growth | PCENDC96",2024-12-31,Pre-earnings,2025-01-21,2024-06-30,2024-07-30,1.8739916021125014,-1.0
"Baby, Feminine & Family Care | organic_volume_growth | PCENDC96",2024-12-31,Pre-earnings,2025-01-21,2024-09-30,2024-10-18,2.247682698810527,-1.0
Beauty | organic_volume_growth | PCENDC96,2024-12-31,Pre-earnings,2025-01-21,2021-03-31,2021-04-20,6.809059633027537,2.0
Beauty | organic_volume_growth | PCENDC96,2024-12-31,Pre-earnings,2025-01-21,2021-06-30,2021-07-30,14.154610850804294,1.0
Beauty | organic_volume_growth | PCENDC96,2024-12-31,Pre-earnings,2025-01-21,2021-09-30,2021-10-19,6.792826774925675,0.0
Beauty | organic_volume_growth | PCENDC96,2024-12-31,Pre-earnings,2025-01-21,2021-12-31,2022-01-19,6.843683446529414,1.0
Beauty | organic_volume_growth | PCENDC96,2024-12-31,Pre-earnings,2025-01-21,2022-03-31,2022-04-20,3.404808853741881,-1.0
Beauty | organic_volume_growth | PCENDC96,2024-12-31,Pre-earnings,2025-01-21,2022-06-30,2022-07-29,-0.26864270520209343,-2.0
Beauty | organic_volume_growth | PCENDC96,2024-12-31,Pre-earnings,2025-01-21,2022-09-30,2022-10-19,-0.9788074712643757,-1.0
Beauty | organic_volume_growth | PCENDC96,2024-12-31,Pre-earnings,2025-01-21,2022-12-31,2023-01-19,-1.5609194946349714,-4.0
Beauty | organic_volume_growth | PCENDC96,2024-12-31,Pre-earnings,2025-01-21,2023-03-31,2023-04-21,-0.28354349497309306,0.0
Beauty | organic_volume_growth | PCENDC96,2024-12-31,Pre-earnings,2025-01-21,2023-06-30,2023-07-28,-0.07710486261315319,-1.0
Beauty | organic_volume_growth | PCENDC96,2024-12-31,Pre-earnings,2025-01-21,2023-09-30,2023-10-18,1.3149542033191297,0.0
Beauty | organic_volume_growth | PCENDC96,2024-12-31,Pre-earnings,2025-01-21,2023-12-31,2024-01-23,2.203215667311409,-1.0
Beauty | organic_volume_growth | PCENDC96,2024-12-31,Pre-earnings,2025-01-21,2024-03-31,2024-04-19,1.360673628563136,1.0
Beauty | organic_volume_growth | PCENDC96,2024-12-31,Pre-earnings,2025-01-21,2024-06-30,2024-07-30,1.8739916021125014,1.0
Beauty | organic_volume_growth | PCENDC96,2024-12-31,Pre-earnings,2025-01-21,2024-09-30,2024-10-18,2.247682698810527,0.0
Fabric & Home Care | organic_volume_growth | PCENDC96,2024-12-31,Pre-earnings,2025-01-21,2022-12-31,2023-01-19,-1.5609194946349714,-7.0
Fabric & Home Care | organic_volume_growth | PCENDC96,2024-12-31,Pre-earnings,2025-01-21,2023-03-31,2023-04-21,-0.28354349497309306,-5.0
Fabric & Home Care | organic_volume_growth | PCENDC96,2024-12-31,Pre-earnings,2025-01-21,2023-06-30,2023-07-28,-0.07710486261315319,-2.0
Fabric & Home Care | organic_volume_growth | PCENDC96,2024-12-31,Pre-earnings,2025-01-21,2023-09-30,2023-10-18,1.3149542033191297,0.0
Fabric & Home Care | organic_volume_growth | PCENDC96,2024-12-31,Pre-earnings,2025-01-21,2023-12-31,2024-01-23,2.203215667311409,1.0
Fabric & Home Care | organic_volume_growth | PCENDC96,2024-12-31,Pre-earnings,2025-01-21,2024-03-31,2024-04-19,1.360673628563136,1.0
Fabric & Home Care | organic_volume_growth | PCENDC96,2024-12-31,Pre-earnings,2025-01-21,2024-06-30,2024-07-30,1.8739916021125014,3.0
Fabric & Home Care | organic_volume_growth | PCENDC96,2024-12-31,Pre-earnings,2025-01-21,2024-09-30,2024-10-18,2.247682698810527,1.0
"Baby, Feminine & Family Care | organic_volume_growth | PCENDC96",2025-03-31,Origin,2025-01-01,2021-03-31,2021-04-20,6.809059633027537,-4.0
"Baby, Feminine & Family Care | organic_volume_growth | PCENDC96",2025-03-31,Origin,2025-01-01,2021-06-30,2021-07-30,14.154610850804294,-3.0
"Baby, Feminine & Family Care | organic_volume_growth | PCENDC96",2025-03-31,Origin,2025-01-01,2021-09-30,2021-10-19,6.792826774925675,1.0
"Baby, Feminine & Family Care | organic_volume_growth | PCENDC96",2025-03-31,Origin,2025-01-01,2021-12-31,2022-01-19,6.843683446529414,1.0
"Baby, Feminine & Family Care | organic_volume_growth | PCENDC96",2025-03-31,Origin,2025-01-01,2022-03-31,2022-04-20,3.404808853741881,2.0
"Baby, Feminine & Family Care | organic_volume_growth | PCENDC96",2025-03-31,Origin,2025-01-01,2022-06-30,2022-07-29,-0.26864270520209343,0.0
"Baby, Feminine & Family Care | organic_volume_growth | PCENDC96",2025-03-31,Origin,2025-01-01,2022-09-30,2022-10-19,-0.9788074712643757,-3.0
"Baby, Feminine & Family Care | organic_volume_growth | PCENDC96",2025-03-31,Origin,2025-01-01,2022-12-31,2023-01-19,-1.5609194946349714,-6.0
"Baby, Feminine & Family Care | organic_volume_growth | PCENDC96",2025-03-31,Origin,2025-01-01,2023-03-31,2023-04-21,-0.28354349497309306,-4.0
"Baby, Feminine & Family Care | organic_volume_growth | PCENDC96",2025-03-31,Origin,2025-01-01,2023-06-30,2023-07-28,-0.07710486261315319,0.0
"Baby, Feminine & Family Care | organic_volume_growth | PCENDC96",2025-03-31,Origin,2025-01-01,2023-09-30,2023-10-18,1.3149542033191297,-3.0
"Baby, Feminine & Family Care | organic_volume_growth | PCENDC96",2025-03-31,Origin,2025-01-01,2023-12-31,2024-01-23,2.203215667311409,-2.0
"Baby, Feminine & Family Care | organic_volume_growth | PCENDC96",2025-03-31,Origin,2025-01-01,2024-03-31,2024-04-19,1.360673628563136,-3.0
"Baby, Feminine & Family Care | organic_volume_growth | PCENDC96",2025-03-31,Origin,2025-01-01,2024-06-30,2024-07-30,1.8739916021125014,-1.0
"Baby, Feminine & Family Care | organic_volume_growth | PCENDC96",2025-03-31,Origin,2025-01-01,2024-09-30,2024-10-18,2.247682698810527,-1.0
Beauty | organic_volume_growth | PCENDC96,2025-03-31,Origin,2025-01-01,2021-03-31,2021-04-20,6.809059633027537,2.0
Beauty | organic_volume_growth | PCENDC96,2025-03-31,Origin,2025-01-01,2021-06-30,2021-07-30,14.154610850804294,1.0
Beauty | organic_volume_growth | PCENDC96,2025-03-31,Origin,2025-01-01,2021-09-30,2021-10-19,6.792826774925675,0.0
Beauty | organic_volume_growth | PCENDC96,2025-03-31,Origin,2025-01-01,2021-12-31,2022-01-19,6.843683446529414,1.0
Beauty | organic_volume_growth | PCENDC96,2025-03-31,Origin,2025-01-01,2022-03-31,2022-04-20,3.404808853741881,-1.0
Beauty | organic_volume_growth | PCENDC96,2025-03-31,Origin,2025-01-01,2022-06-30,2022-07-29,-0.26864270520209343,-2.0
Beauty | organic_volume_growth | PCENDC96,2025-03-31,Origin,2025-01-01,2022-09-30,2022-10-19,-0.9788074712643757,-1.0
Beauty | organic_volume_growth | PCENDC96,2025-03-31,Origin,2025-01-01,2022-12-31,2023-01-19,-1.5609194946349714,-4.0
Beauty | organic_volume_growth | PCENDC96,2025-03-31,Origin,2025-01-01,2023-03-31,2023-04-21,-0.28354349497309306,0.0
Beauty | organic_volume_growth | PCENDC96,2025-03-31,Origin,2025-01-01,2023-06-30,2023-07-28,-0.07710486261315319,-1.0
Beauty | organic_volume_growth | PCENDC96,2025-03-31,Origin,2025-01-01,2023-09-30,2023-10-18,1.3149542033191297,0.0
Beauty | organic_volume_growth | PCENDC96,2025-03-31,Origin,2025-01-01,2023-12-31,2024-01-23,2.203215667311409,-1.0
Beauty | organic_volume_growth | PCENDC96,2025-03-31,Origin,2025-01-01,2024-03-31,2024-04-19,1.360673628563136,1.0
Beauty | organic_volume_growth | PCENDC96,2025-03-31,Origin,2025-01-01,2024-06-30,2024-07-30,1.8739916021125014,1.0
Beauty | organic_volume_growth | PCENDC96,2025-03-31,Origin,2025-01-01,2024-09-30,2024-10-18,2.247682698810527,0.0
Fabric & Home Care | organic_volume_growth | PCENDC96,2025-03-31,Origin,2025-01-01,2022-12-31,2023-01-19,-1.5609194946349714,-7.0
Fabric & Home Care | organic_volume_growth | PCENDC96,2025-03-31,Origin,2025-01-01,2023-03-31,2023-04-21,-0.28354349497309306,-5.0
Fabric & Home Care | organic_volume_growth | PCENDC96,2025-03-31,Origin,2025-01-01,2023-06-30,2023-07-28,-0.07710486261315319,-2.0
Fabric & Home Care | organic_volume_growth | PCENDC96,2025-03-31,Origin,2025-01-01,2023-09-30,2023-10-18,1.3149542033191297,0.0
Fabric & Home Care | organic_volume_growth | PCENDC96,2025-03-31,Origin,2025-01-01,2023-12-31,2024-01-23,2.203215667311409,1.0
Fabric & Home Care | organic_volume_growth | PCENDC96,2025-03-31,Origin,2025-01-01,2024-03-31,2024-04-19,1.360673628563136,1.0
Fabric & Home Care | organic_volume_growth | PCENDC96,2025-03-31,Origin,2025-01-01,2024-06-30,2024-07-30,1.8739916021125014,3.0
Fabric & Home Care | organic_volume_growth | PCENDC96,2025-03-31,Origin,2025-01-01,2024-09-30,2024-10-18,2.247682698810527,1.0
"Baby, Feminine & Family Care | organic_volume_growth | PCENDC96",2025-03-31,One month,2025-02-28,2022-03-31,2022-04-20,3.404808853741881,2.0
"Baby, Feminine & Family Care | organic_volume_growth | PCENDC96",2025-03-31,One month,2025-02-28,2022-06-30,2022-07-29,-0.26864270520209343,0.0
"Baby, Feminine & Family Care | organic_volume_growth | PCENDC96",2025-03-31,One month,2025-02-28,2022-09-30,2022-10-19,-0.9788074712643757,-3.0
"Baby, Feminine & Family Care | organic_volume_growth | PCENDC96",2025-03-31,One month,2025-02-28,2022-12-31,2023-01-19,-1.5609194946349714,-6.0
"Baby, Feminine & Family Care | organic_volume_growth | PCENDC96",2025-03-31,One month,2025-02-28,2023-03-31,2023-04-21,-0.28354349497309306,-4.0
"Baby, Feminine & Family Care | organic_volume_growth | PCENDC96",2025-03-31,One month,2025-02-28,2023-06-30,2023-07-28,-0.07710486261315319,0.0
"Baby, Feminine & Family Care | organic_volume_growth | PCENDC96",2025-03-31,One month,2025-02-28,2023-09-30,2023-10-18,1.3149542033191297,-3.0
"Baby, Feminine & Family Care | organic_volume_growth | PCENDC96",2025-03-31,One month,2025-02-28,2023-12-31,2024-01-23,2.203215667311409,-2.0
"Baby, Feminine & Family Care | organic_volume_growth | PCENDC96",2025-03-31,One month,2025-02-28,2024-03-31,2024-04-19,1.360673628563136,-3.0
"Baby, Feminine & Family Care | organic_volume_growth | PCENDC96",2025-03-31,One month,2025-02-28,2024-06-30,2024-07-30,1.8739916021125014,-1.0
"Baby, Feminine & Family Care | organic_volume_growth | PCENDC96",2025-03-31,One month,2025-02-28,2024-09-30,2024-10-18,2.247682698810527,-1.0
"Baby, Feminine & Family Care | organic_volume_growth | PCENDC96",2025-03-31,One month,2025-02-28,2024-12-31,2025-01-22,2.085735971059921,4.0
Beauty | organic_volume_growth | PCENDC96,2025-03-31,One month,2025-02-28,2022-03-31,2022-04-20,3.404808853741881,-1.0
Beauty | organic_volume_growth | PCENDC96,2025-03-31,One month,2025-02-28,2022-06-30,2022-07-29,-0.26864270520209343,-2.0
Beauty | organic_volume_growth | PCENDC96,2025-03-31,One month,2025-02-28,2022-09-30,2022-10-19,-0.9788074712643757,-1.0
Beauty | organic_volume_growth | PCENDC96,2025-03-31,One month,2025-02-28,2022-12-31,2023-01-19,-1.5609194946349714,-4.0
Beauty | organic_volume_growth | PCENDC96,2025-03-31,One month,2025-02-28,2023-03-31,2023-04-21,-0.28354349497309306,0.0
Beauty | organic_volume_growth | PCENDC96,2025-03-31,One month,2025-02-28,2023-06-30,2023-07-28,-0.07710486261315319,-1.0
Beauty | organic_volume_growth | PCENDC96,2025-03-31,One month,2025-02-28,2023-09-30,2023-10-18,1.3149542033191297,0.0
Beauty | organic_volume_growth | PCENDC96,2025-03-31,One month,2025-02-28,2023-12-31,2024-01-23,2.203215667311409,-1.0
Beauty | organic_volume_growth | PCENDC96,2025-03-31,One month,2025-02-28,2024-03-31,2024-04-19,1.360673628563136,1.0
Beauty | organic_volume_growth | PCENDC96,2025-03-31,One month,2025-02-28,2024-06-30,2024-07-30,1.8739916021125014,1.0
Beauty | organic_volume_growth | PCENDC96,2025-03-31,One month,2025-02-28,2024-09-30,2024-10-18,2.247682698810527,0.0
Beauty | organic_volume_growth | PCENDC96,2025-03-31,One month,2025-02-28,2024-12-31,2025-01-22,2.085735971059921,0.0
Fabric & Home Care | organic_volume_growth | PCENDC96,2025-03-31,One month,2025-02-28,2023-03-31,2023-04-21,-0.28354349497309306,-5.0
Fabric & Home Care | organic_volume_growth | PCENDC96,2025-03-31,One month,2025-02-28,2023-06-30,2023-07-28,-0.07710486261315319,-2.0
Fabric & Home Care | organic_volume_growth | PCENDC96,2025-03-31,One month,2025-02-28,2023-09-30,2023-10-18,1.3149542033191297,0.0
Fabric & Home Care | organic_volume_growth | PCENDC96,2025-03-31,One month,2025-02-28,2023-12-31,2024-01-23,2.203215667311409,1.0
Fabric & Home Care | organic_volume_growth | PCENDC96,2025-03-31,One month,2025-02-28,2024-03-31,2024-04-19,1.360673628563136,1.0
Fabric & Home Care | organic_volume_growth | PCENDC96,2025-03-31,One month,2025-02-28,2024-06-30,2024-07-30,1.8739916021125014,3.0
Fabric & Home Care | organic_volume_growth | PCENDC96,2025-03-31,One month,2025-02-28,2024-09-30,2024-10-18,2.247682698810527,1.0
Fabric & Home Care | organic_volume_growth | PCENDC96,2025-03-31,One month,2025-02-28,2024-12-31,2025-01-22,2.085735971059921,2.0
"Baby, Feminine & Family Care | organic_volume_growth | PCENDC96",2025-03-31,Two months,2025-03-28,2022-03-31,2022-04-20,3.404808853741881,2.0
"Baby, Feminine & Family Care | organic_volume_growth | PCENDC96",2025-03-31,Two months,2025-03-28,2022-06-30,2022-07-29,-0.26864270520209343,0.0
"Baby, Feminine & Family Care | organic_volume_growth | PCENDC96",2025-03-31,Two months,2025-03-28,2022-09-30,2022-10-19,-0.9788074712643757,-3.0
"Baby, Feminine & Family Care | organic_volume_growth | PCENDC96",2025-03-31,Two months,2025-03-28,2022-12-31,2023-01-19,-1.5609194946349714,-6.0
"Baby, Feminine & Family Care | organic_volume_growth | PCENDC96",2025-03-31,Two months,2025-03-28,2023-03-31,2023-04-21,-0.28354349497309306,-4.0
"Baby, Feminine & Family Care | organic_volume_growth | PCENDC96",2025-03-31,Two months,2025-03-28,2023-06-30,2023-07-28,-0.07710486261315319,0.0
"Baby, Feminine & Family Care | organic_volume_growth | PCENDC96",2025-03-31,Two months,2025-03-28,2023-09-30,2023-10-18,1.3149542033191297,-3.0
"Baby, Feminine & Family Care | organic_volume_growth | PCENDC96",2025-03-31,Two months,2025-03-28,2023-12-31,2024-01-23,2.203215667311409,-2.0
"Baby, Feminine & Family Care | organic_volume_growth | PCENDC96",2025-03-31,Two months,2025-03-28,2024-03-31,2024-04-19,1.360673628563136,-3.0
"Baby, Feminine & Family Care | organic_volume_growth | PCENDC96",2025-03-31,Two months,2025-03-28,2024-06-30,2024-07-30,1.8739916021125014,-1.0
"Baby, Feminine & Family Care | organic_volume_growth | PCENDC96",2025-03-31,Two months,2025-03-28,2024-09-30,2024-10-18,2.247682698810527,-1.0
"Baby, Feminine & Family Care | organic_volume_growth | PCENDC96",2025-03-31,Two months,2025-03-28,2024-12-31,2025-01-22,2.1103784092813216,4.0
Beauty | organic_volume_growth | PCENDC96,2025-03-31,Two months,2025-03-28,2022-03-31,2022-04-20,3.404808853741881,-1.0
Beauty | organic_volume_growth | PCENDC96,2025-03-31,Two months,2025-03-28,2022-06-30,2022-07-29,-0.26864270520209343,-2.0
Beauty | organic_volume_growth | PCENDC96,2025-03-31,Two months,2025-03-28,2022-09-30,2022-10-19,-0.9788074712643757,-1.0
Beauty | organic_volume_growth | PCENDC96,2025-03-31,Two months,2025-03-28,2022-12-31,2023-01-19,-1.5609194946349714,-4.0
Beauty | organic_volume_growth | PCENDC96,2025-03-31,Two months,2025-03-28,2023-03-31,2023-04-21,-0.28354349497309306,0.0
Beauty | organic_volume_growth | PCENDC96,2025-03-31,Two months,2025-03-28,2023-06-30,2023-07-28,-0.07710486261315319,-1.0
Beauty | organic_volume_growth | PCENDC96,2025-03-31,Two months,2025-03-28,2023-09-30,2023-10-18,1.3149542033191297,0.0
Beauty | organic_volume_growth | PCENDC96,2025-03-31,Two months,2025-03-28,2023-12-31,2024-01-23,2.203215667311409,-1.0
Beauty | organic_volume_growth | PCENDC96,2025-03-31,Two months,2025-03-28,2024-03-31,2024-04-19,1.360673628563136,1.0
Beauty | organic_volume_growth | PCENDC96,2025-03-31,Two months,2025-03-28,2024-06-30,2024-07-30,1.8739916021125014,1.0
Beauty | organic_volume_growth | PCENDC96,2025-03-31,Two months,2025-03-28,2024-09-30,2024-10-18,2.247682698810527,0.0
Beauty | organic_volume_growth | PCENDC96,2025-03-31,Two months,2025-03-28,2024-12-31,2025-01-22,2.1103784092813216,0.0
Fabric & Home Care | organic_volume_growth | PCENDC96,2025-03-31,Two months,2025-03-28,2023-03-31,2023-04-21,-0.28354349497309306,-5.0
Fabric & Home Care | organic_volume_growth | PCENDC96,2025-03-31,Two months,2025-03-28,2023-06-30,2023-07-28,-0.07710486261315319,-2.0
Fabric & Home Care | organic_volume_growth | PCENDC96,2025-03-31,Two months,2025-03-28,2023-09-30,2023-10-18,1.3149542033191297,0.0
Fabric & Home Care | organic_volume_growth | PCENDC96,2025-03-31,Two months,2025-03-28,2023-12-31,2024-01-23,2.203215667311409,1.0
Fabric & Home Care | organic_volume_growth | PCENDC96,2025-03-31,Two months,2025-03-28,2024-03-31,2024-04-19,1.360673628563136,1.0
Fabric & Home Care | organic_volume_growth | PCENDC96,2025-03-31,Two months,2025-03-28,2024-06-30,2024-07-30,1.8739916021125014,3.0
Fabric & Home Care | organic_volume_growth | PCENDC96,2025-03-31,Two months,2025-03-28,2024-09-30,2024-10-18,2.247682698810527,1.0
Fabric & Home Care | organic_volume_growth | PCENDC96,2025-03-31,Two months,2025-03-28,2024-12-31,2025-01-22,2.1103784092813216,2.0
"Baby, Feminine & Family Care | organic_volume_growth | PCENDC96",2025-03-31,Pre-earnings,2025-04-23,2021-03-31,2021-04-20,6.809059633027537,-4.0
"Baby, Feminine & Family Care | organic_volume_growth | PCENDC96",2025-03-31,Pre-earnings,2025-04-23,2021-06-30,2021-07-30,14.154610850804294,-3.0
"Baby, Feminine & Family Care | organic_volume_growth | PCENDC96",2025-03-31,Pre-earnings,2025-04-23,2021-09-30,2021-10-19,6.792826774925675,1.0
"Baby, Feminine & Family Care | organic_volume_growth | PCENDC96",2025-03-31,Pre-earnings,2025-04-23,2021-12-31,2022-01-19,6.843683446529414,1.0
"Baby, Feminine & Family Care | organic_volume_growth | PCENDC96",2025-03-31,Pre-earnings,2025-04-23,2022-03-31,2022-04-20,3.404808853741881,2.0
"Baby, Feminine & Family Care | organic_volume_growth | PCENDC96",2025-03-31,Pre-earnings,2025-04-23,2022-06-30,2022-07-29,-0.26864270520209343,0.0
"Baby, Feminine & Family Care | organic_volume_growth | PCENDC96",2025-03-31,Pre-earnings,2025-04-23,2022-09-30,2022-10-19,-0.9788074712643757,-3.0
"Baby, Feminine & Family Care | organic_volume_growth | PCENDC96",2025-03-31,Pre-earnings,2025-04-23,2022-12-31,2023-01-19,-1.5609194946349714,-6.0
"Baby, Feminine & Family Care | organic_volume_growth | PCENDC96",2025-03-31,Pre-earnings,2025-04-23,2023-03-31,2023-04-21,-0.28354349497309306,-4.0
"Baby, Feminine & Family Care | organic_volume_growth | PCENDC96",2025-03-31,Pre-earnings,2025-04-23,2023-06-30,2023-07-28,-0.07710486261315319,0.0
"Baby, Feminine & Family Care | organic_volume_growth | PCENDC96",2025-03-31,Pre-earnings,2025-04-23,2023-09-30,2023-10-18,1.3149542033191297,-3.0
"Baby, Feminine & Family Care | organic_volume_growth | PCENDC96",2025-03-31,Pre-earnings,2025-04-23,2023-12-31,2024-01-23,2.203215667311409,-2.0
"Baby, Feminine & Family Care | organic_volume_growth | PCENDC96",2025-03-31,Pre-earnings,2025-04-23,2024-03-31,2024-04-19,1.360673628563136,-3.0
"Baby, Feminine & Family Care | organic_volume_growth | PCENDC96",2025-03-31,Pre-earnings,2025-04-23,2024-06-30,2024-07-30,1.8739916021125014,-1.0
"Baby, Feminine & Family Care | organic_volume_growth | PCENDC96",2025-03-31,Pre-earnings,2025-04-23,2024-09-30,2024-10-18,2.247682698810527,-1.0
"Baby, Feminine & Family Care | organic_volume_growth | PCENDC96",2025-03-31,Pre-earnings,2025-04-23,2024-12-31,2025-01-22,2.1103784092813216,4.0
Beauty | organic_volume_growth | PCENDC96,2025-03-31,Pre-earnings,2025-04-23,2021-03-31,2021-04-20,6.809059633027537,2.0
Beauty | organic_volume_growth | PCENDC96,2025-03-31,Pre-earnings,2025-04-23,2021-06-30,2021-07-30,14.154610850804294,1.0
Beauty | organic_volume_growth | PCENDC96,2025-03-31,Pre-earnings,2025-04-23,2021-09-30,2021-10-19,6.792826774925675,0.0
Beauty | organic_volume_growth | PCENDC96,2025-03-31,Pre-earnings,2025-04-23,2021-12-31,2022-01-19,6.843683446529414,1.0
Beauty | organic_volume_growth | PCENDC96,2025-03-31,Pre-earnings,2025-04-23,2022-03-31,2022-04-20,3.404808853741881,-1.0
Beauty | organic_volume_growth | PCENDC96,2025-03-31,Pre-earnings,2025-04-23,2022-06-30,2022-07-29,-0.26864270520209343,-2.0
Beauty | organic_volume_growth | PCENDC96,2025-03-31,Pre-earnings,2025-04-23,2022-09-30,2022-10-19,-0.9788074712643757,-1.0
Beauty | organic_volume_growth | PCENDC96,2025-03-31,Pre-earnings,2025-04-23,2022-12-31,2023-01-19,-1.5609194946349714,-4.0
Beauty | organic_volume_growth | PCENDC96,2025-03-31,Pre-earnings,2025-04-23,2023-03-31,2023-04-21,-0.28354349497309306,0.0
Beauty | organic_volume_growth | PCENDC96,2025-03-31,Pre-earnings,2025-04-23,2023-06-30,2023-07-28,-0.07710486261315319,-1.0
Beauty | organic_volume_growth | PCENDC96,2025-03-31,Pre-earnings,2025-04-23,2023-09-30,2023-10-18,1.3149542033191297,0.0
Beauty | organic_volume_growth | PCENDC96,2025-03-31,Pre-earnings,2025-04-23,2023-12-31,2024-01-23,2.203215667311409,-1.0
Beauty | organic_volume_growth | PCENDC96,2025-03-31,Pre-earnings,2025-04-23,2024-03-31,2024-04-19,1.360673628563136,1.0
Beauty | organic_volume_growth | PCENDC96,2025-03-31,Pre-earnings,2025-04-23,2024-06-30,2024-07-30,1.8739916021125014,1.0
Beauty | organic_volume_growth | PCENDC96,2025-03-31,Pre-earnings,2025-04-23,2024-09-30,2024-10-18,2.247682698810527,0.0
Beauty | organic_volume_growth | PCENDC96,2025-03-31,Pre-earnings,2025-04-23,2024-12-31,2025-01-22,2.1103784092813216,0.0
Fabric & Home Care | organic_volume_growth | PCENDC96,2025-03-31,Pre-earnings,2025-04-23,2023-03-31,2023-04-21,-0.28354349497309306,-5.0
Fabric & Home Care | organic_volume_growth | PCENDC96,2025-03-31,Pre-earnings,2025-04-23,2023-06-30,2023-07-28,-0.07710486261315319,-2.0
Fabric & Home Care | organic_volume_growth | PCENDC96,2025-03-31,Pre-earnings,2025-04-23,2023-09-30,2023-10-18,1.3149542033191297,0.0
Fabric & Home Care | organic_volume_growth | PCENDC96,2025-03-31,Pre-earnings,2025-04-23,2023-12-31,2024-01-23,2.203215667311409,1.0
Fabric & Home Care | organic_volume_growth | PCENDC96,2025-03-31,Pre-earnings,2025-04-23,2024-03-31,2024-04-19,1.360673628563136,1.0
Fabric & Home Care | organic_volume_growth | PCENDC96,2025-03-31,Pre-earnings,2025-04-23,2024-06-30,2024-07-30,1.8739916021125014,3.0
Fabric & Home Care | organic_volume_growth | PCENDC96,2025-03-31,Pre-earnings,2025-04-23,2024-09-30,2024-10-18,2.247682698810527,1.0
Fabric & Home Care | organic_volume_growth | PCENDC96,2025-03-31,Pre-earnings,2025-04-23,2024-12-31,2025-01-22,2.1103784092813216,2.0
"Baby, Feminine & Family Care | organic_volume_growth | PCENDC96",2025-06-30,Origin,2025-04-01,2021-03-31,2021-04-20,6.809059633027537,-4.0
"Baby, Feminine & Family Care | organic_volume_growth | PCENDC96",2025-06-30,Origin,2025-04-01,2021-06-30,2021-07-30,14.154610850804294,-3.0
"Baby, Feminine & Family Care | organic_volume_growth | PCENDC96",2025-06-30,Origin,2025-04-01,2021-09-30,2021-10-19,6.792826774925675,1.0
"Baby, Feminine & Family Care | organic_volume_growth | PCENDC96",2025-06-30,Origin,2025-04-01,2021-12-31,2022-01-19,6.843683446529414,1.0
"Baby, Feminine & Family Care | organic_volume_growth | PCENDC96",2025-06-30,Origin,2025-04-01,2022-03-31,2022-04-20,3.404808853741881,2.0
"Baby, Feminine & Family Care | organic_volume_growth | PCENDC96",2025-06-30,Origin,2025-04-01,2022-06-30,2022-07-29,-0.26864270520209343,0.0
"Baby, Feminine & Family Care | organic_volume_growth | PCENDC96",2025-06-30,Origin,2025-04-01,2022-09-30,2022-10-19,-0.9788074712643757,-3.0
"Baby, Feminine & Family Care | organic_volume_growth | PCENDC96",2025-06-30,Origin,2025-04-01,2022-12-31,2023-01-19,-1.5609194946349714,-6.0
"Baby, Feminine & Family Care | organic_volume_growth | PCENDC96",2025-06-30,Origin,2025-04-01,2023-03-31,2023-04-21,-0.28354349497309306,-4.0
"Baby, Feminine & Family Care | organic_volume_growth | PCENDC96",2025-06-30,Origin,2025-04-01,2023-06-30,2023-07-28,-0.07710486261315319,0.0
"Baby, Feminine & Family Care | organic_volume_growth | PCENDC96",2025-06-30,Origin,2025-04-01,2023-09-30,2023-10-18,1.3149542033191297,-3.0
"Baby, Feminine & Family Care | organic_volume_growth | PCENDC96",2025-06-30,Origin,2025-04-01,2023-12-31,2024-01-23,2.203215667311409,-2.0
"Baby, Feminine & Family Care | organic_volume_growth | PCENDC96",2025-06-30,Origin,2025-04-01,2024-03-31,2024-04-19,1.360673628563136,-3.0
"Baby, Feminine & Family Care | organic_volume_growth | PCENDC96",2025-06-30,Origin,2025-04-01,2024-06-30,2024-07-30,1.8739916021125014,-1.0
"Baby, Feminine & Family Care | organic_volume_growth | PCENDC96",2025-06-30,Origin,2025-04-01,2024-09-30,2024-10-18,2.247682698810527,-1.0
"Baby, Feminine & Family Care | organic_volume_growth | PCENDC96",2025-06-30,Origin,2025-04-01,2024-12-31,2025-01-22,2.1103784092813216,4.0
Beauty | organic_volume_growth | PCENDC96,2025-06-30,Origin,2025-04-01,2021-03-31,2021-04-20,6.809059633027537,2.0
Beauty | organic_volume_growth | PCENDC96,2025-06-30,Origin,2025-04-01,2021-06-30,2021-07-30,14.154610850804294,1.0
Beauty | organic_volume_growth | PCENDC96,2025-06-30,Origin,2025-04-01,2021-09-30,2021-10-19,6.792826774925675,0.0
Beauty | organic_volume_growth | PCENDC96,2025-06-30,Origin,2025-04-01,2021-12-31,2022-01-19,6.843683446529414,1.0
Beauty | organic_volume_growth | PCENDC96,2025-06-30,Origin,2025-04-01,2022-03-31,2022-04-20,3.404808853741881,-1.0
Beauty | organic_volume_growth | PCENDC96,2025-06-30,Origin,2025-04-01,2022-06-30,2022-07-29,-0.26864270520209343,-2.0
Beauty | organic_volume_growth | PCENDC96,2025-06-30,Origin,2025-04-01,2022-09-30,2022-10-19,-0.9788074712643757,-1.0
Beauty | organic_volume_growth | PCENDC96,2025-06-30,Origin,2025-04-01,2022-12-31,2023-01-19,-1.5609194946349714,-4.0
Beauty | organic_volume_growth | PCENDC96,2025-06-30,Origin,2025-04-01,2023-03-31,2023-04-21,-0.28354349497309306,0.0
Beauty | organic_volume_growth | PCENDC96,2025-06-30,Origin,2025-04-01,2023-06-30,2023-07-28,-0.07710486261315319,-1.0
Beauty | organic_volume_growth | PCENDC96,2025-06-30,Origin,2025-04-01,2023-09-30,2023-10-18,1.3149542033191297,0.0
Beauty | organic_volume_growth | PCENDC96,2025-06-30,Origin,2025-04-01,2023-12-31,2024-01-23,2.203215667311409,-1.0
Beauty | organic_volume_growth | PCENDC96,2025-06-30,Origin,2025-04-01,2024-03-31,2024-04-19,1.360673628563136,1.0
Beauty | organic_volume_growth | PCENDC96,2025-06-30,Origin,2025-04-01,2024-06-30,2024-07-30,1.8739916021125014,1.0
Beauty | organic_volume_growth | PCENDC96,2025-06-30,Origin,2025-04-01,2024-09-30,2024-10-18,2.247682698810527,0.0
Beauty | organic_volume_growth | PCENDC96,2025-06-30,Origin,2025-04-01,2024-12-31,2025-01-22,2.1103784092813216,0.0
Fabric & Home Care | organic_volume_growth | PCENDC96,2025-06-30,Origin,2025-04-01,2023-03-31,2023-04-21,-0.28354349497309306,-5.0
Fabric & Home Care | organic_volume_growth | PCENDC96,2025-06-30,Origin,2025-04-01,2023-06-30,2023-07-28,-0.07710486261315319,-2.0
Fabric & Home Care | organic_volume_growth | PCENDC96,2025-06-30,Origin,2025-04-01,2023-09-30,2023-10-18,1.3149542033191297,0.0
Fabric & Home Care | organic_volume_growth | PCENDC96,2025-06-30,Origin,2025-04-01,2023-12-31,2024-01-23,2.203215667311409,1.0
Fabric & Home Care | organic_volume_growth | PCENDC96,2025-06-30,Origin,2025-04-01,2024-03-31,2024-04-19,1.360673628563136,1.0
Fabric & Home Care | organic_volume_growth | PCENDC96,2025-06-30,Origin,2025-04-01,2024-06-30,2024-07-30,1.8739916021125014,3.0
Fabric & Home Care | organic_volume_growth | PCENDC96,2025-06-30,Origin,2025-04-01,2024-09-30,2024-10-18,2.247682698810527,1.0
Fabric & Home Care | organic_volume_growth | PCENDC96,2025-06-30,Origin,2025-04-01,2024-12-31,2025-01-22,2.1103784092813216,2.0
"Baby, Feminine & Family Care | organic_volume_growth | PCENDC96",2025-06-30,One month,2025-05-30,2022-03-31,2022-04-20,3.404808853741881,2.0
"Baby, Feminine & Family Care | organic_volume_growth | PCENDC96",2025-06-30,One month,2025-05-30,2022-06-30,2022-07-29,-0.26864270520209343,0.0
"Baby, Feminine & Family Care | organic_volume_growth | PCENDC96",2025-06-30,One month,2025-05-30,2022-09-30,2022-10-19,-0.9788074712643757,-3.0
"Baby, Feminine & Family Care | organic_volume_growth | PCENDC96",2025-06-30,One month,2025-05-30,2022-12-31,2023-01-19,-1.5609194946349714,-6.0
"Baby, Feminine & Family Care | organic_volume_growth | PCENDC96",2025-06-30,One month,2025-05-30,2023-03-31,2023-04-21,-0.28354349497309306,-4.0
"Baby, Feminine & Family Care | organic_volume_growth | PCENDC96",2025-06-30,One month,2025-05-30,2023-06-30,2023-07-28,-0.07710486261315319,0.0
"Baby, Feminine & Family Care | organic_volume_growth | PCENDC96",2025-06-30,One month,2025-05-30,2023-09-30,2023-10-18,1.3149542033191297,-3.0
"Baby, Feminine & Family Care | organic_volume_growth | PCENDC96",2025-06-30,One month,2025-05-30,2023-12-31,2024-01-23,2.203215667311409,-2.0
"Baby, Feminine & Family Care | organic_volume_growth | PCENDC96",2025-06-30,One month,2025-05-30,2024-03-31,2024-04-19,1.360673628563136,-3.0
"Baby, Feminine & Family Care | organic_volume_growth | PCENDC96",2025-06-30,One month,2025-05-30,2024-06-30,2024-07-30,1.8739916021125014,-1.0
"Baby, Feminine & Family Care | organic_volume_growth | PCENDC96",2025-06-30,One month,2025-05-30,2024-09-30,2024-10-18,2.247682698810527,-1.0
"Baby, Feminine & Family Care | organic_volume_growth | PCENDC96",2025-06-30,One month,2025-05-30,2024-12-31,2025-01-22,2.1103784092813216,4.0
"Baby, Feminine & Family Care | organic_volume_growth | PCENDC96",2025-06-30,One month,2025-05-30,2025-03-31,2025-04-24,2.886325022719194,-2.0
Beauty | organic_volume_growth | PCENDC96,2025-06-30,One month,2025-05-30,2022-03-31,2022-04-20,3.404808853741881,-1.0
Beauty | organic_volume_growth | PCENDC96,2025-06-30,One month,2025-05-30,2022-06-30,2022-07-29,-0.26864270520209343,-2.0
Beauty | organic_volume_growth | PCENDC96,2025-06-30,One month,2025-05-30,2022-09-30,2022-10-19,-0.9788074712643757,-1.0
Beauty | organic_volume_growth | PCENDC96,2025-06-30,One month,2025-05-30,2022-12-31,2023-01-19,-1.5609194946349714,-4.0
Beauty | organic_volume_growth | PCENDC96,2025-06-30,One month,2025-05-30,2023-03-31,2023-04-21,-0.28354349497309306,0.0
Beauty | organic_volume_growth | PCENDC96,2025-06-30,One month,2025-05-30,2023-06-30,2023-07-28,-0.07710486261315319,-1.0
Beauty | organic_volume_growth | PCENDC96,2025-06-30,One month,2025-05-30,2023-09-30,2023-10-18,1.3149542033191297,0.0
Beauty | organic_volume_growth | PCENDC96,2025-06-30,One month,2025-05-30,2023-12-31,2024-01-23,2.203215667311409,-1.0
Beauty | organic_volume_growth | PCENDC96,2025-06-30,One month,2025-05-30,2024-03-31,2024-04-19,1.360673628563136,1.0
Beauty | organic_volume_growth | PCENDC96,2025-06-30,One month,2025-05-30,2024-06-30,2024-07-30,1.8739916021125014,1.0
Beauty | organic_volume_growth | PCENDC96,2025-06-30,One month,2025-05-30,2024-09-30,2024-10-18,2.247682698810527,0.0
Beauty | organic_volume_growth | PCENDC96,2025-06-30,One month,2025-05-30,2024-12-31,2025-01-22,2.1103784092813216,0.0
Beauty | organic_volume_growth | PCENDC96,2025-06-30,One month,2025-05-30,2025-03-31,2025-04-24,2.886325022719194,1.0
Fabric & Home Care | organic_volume_growth | PCENDC96,2025-06-30,One month,2025-05-30,2023-06-30,2023-07-28,-0.07710486261315319,-2.0
Fabric & Home Care | organic_volume_growth | PCENDC96,2025-06-30,One month,2025-05-30,2023-09-30,2023-10-18,1.3149542033191297,0.0
Fabric & Home Care | organic_volume_growth | PCENDC96,2025-06-30,One month,2025-05-30,2023-12-31,2024-01-23,2.203215667311409,1.0
Fabric & Home Care | organic_volume_growth | PCENDC96,2025-06-30,One month,2025-05-30,2024-03-31,2024-04-19,1.360673628563136,1.0
Fabric & Home Care | organic_volume_growth | PCENDC96,2025-06-30,One month,2025-05-30,2024-06-30,2024-07-30,1.8739916021125014,3.0
Fabric & Home Care | organic_volume_growth | PCENDC96,2025-06-30,One month,2025-05-30,2024-09-30,2024-10-18,2.247682698810527,1.0
Fabric & Home Care | organic_volume_growth | PCENDC96,2025-06-30,One month,2025-05-30,2024-12-31,2025-01-22,2.1103784092813216,2.0
Fabric & Home Care | organic_volume_growth | PCENDC96,2025-06-30,One month,2025-05-30,2025-03-31,2025-04-24,2.886325022719194,0.0
"Baby, Feminine & Family Care | organic_volume_growth | PCENDC96",2025-06-30,Two months,2025-06-27,2022-03-31,2022-04-20,3.404808853741881,2.0
"Baby, Feminine & Family Care | organic_volume_growth | PCENDC96",2025-06-30,Two months,2025-06-27,2022-06-30,2022-07-29,-0.26864270520209343,0.0
"Baby, Feminine & Family Care | organic_volume_growth | PCENDC96",2025-06-30,Two months,2025-06-27,2022-09-30,2022-10-19,-0.9788074712643757,-3.0
"Baby, Feminine & Family Care | organic_volume_growth | PCENDC96",2025-06-30,Two months,2025-06-27,2022-12-31,2023-01-19,-1.5609194946349714,-6.0
"Baby, Feminine & Family Care | organic_volume_growth | PCENDC96",2025-06-30,Two months,2025-06-27,2023-03-31,2023-04-21,-0.28354349497309306,-4.0
"Baby, Feminine & Family Care | organic_volume_growth | PCENDC96",2025-06-30,Two months,2025-06-27,2023-06-30,2023-07-28,-0.07710486261315319,0.0
"Baby, Feminine & Family Care | organic_volume_growth | PCENDC96",2025-06-30,Two months,2025-06-27,2023-09-30,2023-10-18,1.3149542033191297,-3.0
"Baby, Feminine & Family Care | organic_volume_growth | PCENDC96",2025-06-30,Two months,2025-06-27,2023-12-31,2024-01-23,2.203215667311409,-2.0
"Baby, Feminine & Family Care | organic_volume_growth | PCENDC96",2025-06-30,Two months,2025-06-27,2024-03-31,2024-04-19,1.360673628563136,-3.0
"Baby, Feminine & Family Care | organic_volume_growth | PCENDC96",2025-06-30,Two months,2025-06-27,2024-06-30,2024-07-30,1.8739916021125014,-1.0
"Baby, Feminine & Family Care | organic_volume_growth | PCENDC96",2025-06-30,Two months,2025-06-27,2024-09-30,2024-10-18,2.247682698810527,-1.0
"Baby, Feminine & Family Care | organic_volume_growth | PCENDC96",2025-06-30,Two months,2025-06-27,2024-12-31,2025-01-22,2.1103784092813216,4.0
"Baby, Feminine & Family Care | organic_volume_growth | PCENDC96",2025-06-30,Two months,2025-06-27,2025-03-31,2025-04-24,2.869532577344036,-2.0
Beauty | organic_volume_growth | PCENDC96,2025-06-30,Two months,2025-06-27,2022-03-31,2022-04-20,3.404808853741881,-1.0
Beauty | organic_volume_growth | PCENDC96,2025-06-30,Two months,2025-06-27,2022-06-30,2022-07-29,-0.26864270520209343,-2.0
Beauty | organic_volume_growth | PCENDC96,2025-06-30,Two months,2025-06-27,2022-09-30,2022-10-19,-0.9788074712643757,-1.0
Beauty | organic_volume_growth | PCENDC96,2025-06-30,Two months,2025-06-27,2022-12-31,2023-01-19,-1.5609194946349714,-4.0
Beauty | organic_volume_growth | PCENDC96,2025-06-30,Two months,2025-06-27,2023-03-31,2023-04-21,-0.28354349497309306,0.0
Beauty | organic_volume_growth | PCENDC96,2025-06-30,Two months,2025-06-27,2023-06-30,2023-07-28,-0.07710486261315319,-1.0
Beauty | organic_volume_growth | PCENDC96,2025-06-30,Two months,2025-06-27,2023-09-30,2023-10-18,1.3149542033191297,0.0
Beauty | organic_volume_growth | PCENDC96,2025-06-30,Two months,2025-06-27,2023-12-31,2024-01-23,2.203215667311409,-1.0
Beauty | organic_volume_growth | PCENDC96,2025-06-30,Two months,2025-06-27,2024-03-31,2024-04-19,1.360673628563136,1.0
Beauty | organic_volume_growth | PCENDC96,2025-06-30,Two months,2025-06-27,2024-06-30,2024-07-30,1.8739916021125014,1.0
Beauty | organic_volume_growth | PCENDC96,2025-06-30,Two months,2025-06-27,2024-09-30,2024-10-18,2.247682698810527,0.0
Beauty | organic_volume_growth | PCENDC96,2025-06-30,Two months,2025-06-27,2024-12-31,2025-01-22,2.1103784092813216,0.0
Beauty | organic_volume_growth | PCENDC96,2025-06-30,Two months,2025-06-27,2025-03-31,2025-04-24,2.869532577344036,1.0
Fabric & Home Care | organic_volume_growth | PCENDC96,2025-06-30,Two months,2025-06-27,2023-06-30,2023-07-28,-0.07710486261315319,-2.0
Fabric & Home Care | organic_volume_growth | PCENDC96,2025-06-30,Two months,2025-06-27,2023-09-30,2023-10-18,1.3149542033191297,0.0
Fabric & Home Care | organic_volume_growth | PCENDC96,2025-06-30,Two months,2025-06-27,2023-12-31,2024-01-23,2.203215667311409,1.0
Fabric & Home Care | organic_volume_growth | PCENDC96,2025-06-30,Two months,2025-06-27,2024-03-31,2024-04-19,1.360673628563136,1.0
Fabric & Home Care | organic_volume_growth | PCENDC96,2025-06-30,Two months,2025-06-27,2024-06-30,2024-07-30,1.8739916021125014,3.0
Fabric & Home Care | organic_volume_growth | PCENDC96,2025-06-30,Two months,2025-06-27,2024-09-30,2024-10-18,2.247682698810527,1.0
Fabric & Home Care | organic_volume_growth | PCENDC96,2025-06-30,Two months,2025-06-27,2024-12-31,2025-01-22,2.1103784092813216,2.0
Fabric & Home Care | organic_volume_growth | PCENDC96,2025-06-30,Two months,2025-06-27,2025-03-31,2025-04-24,2.869532577344036,0.0
"Baby, Feminine & Family Care | organic_volume_growth | PCENDC96",2025-06-30,Pre-earnings,2025-07-28,2021-03-31,2021-04-20,6.809059633027537,-4.0
"Baby, Feminine & Family Care | organic_volume_growth | PCENDC96",2025-06-30,Pre-earnings,2025-07-28,2021-06-30,2021-07-30,14.154610850804294,-3.0
"Baby, Feminine & Family Care | organic_volume_growth | PCENDC96",2025-06-30,Pre-earnings,2025-07-28,2021-09-30,2021-10-19,6.792826774925675,1.0
"Baby, Feminine & Family Care | organic_volume_growth | PCENDC96",2025-06-30,Pre-earnings,2025-07-28,2021-12-31,2022-01-19,6.843683446529414,1.0
"Baby, Feminine & Family Care | organic_volume_growth | PCENDC96",2025-06-30,Pre-earnings,2025-07-28,2022-03-31,2022-04-20,3.404808853741881,2.0
"Baby, Feminine & Family Care | organic_volume_growth | PCENDC96",2025-06-30,Pre-earnings,2025-07-28,2022-06-30,2022-07-29,-0.26864270520209343,0.0
"Baby, Feminine & Family Care | organic_volume_growth | PCENDC96",2025-06-30,Pre-earnings,2025-07-28,2022-09-30,2022-10-19,-0.9788074712643757,-3.0
"Baby, Feminine & Family Care | organic_volume_growth | PCENDC96",2025-06-30,Pre-earnings,2025-07-28,2022-12-31,2023-01-19,-1.5609194946349714,-6.0
"Baby, Feminine & Family Care | organic_volume_growth | PCENDC96",2025-06-30,Pre-earnings,2025-07-28,2023-03-31,2023-04-21,-0.28354349497309306,-4.0
"Baby, Feminine & Family Care | organic_volume_growth | PCENDC96",2025-06-30,Pre-earnings,2025-07-28,2023-06-30,2023-07-28,-0.07710486261315319,0.0
"Baby, Feminine & Family Care | organic_volume_growth | PCENDC96",2025-06-30,Pre-earnings,2025-07-28,2023-09-30,2023-10-18,1.3149542033191297,-3.0
"Baby, Feminine & Family Care | organic_volume_growth | PCENDC96",2025-06-30,Pre-earnings,2025-07-28,2023-12-31,2024-01-23,2.203215667311409,-2.0
"Baby, Feminine & Family Care | organic_volume_growth | PCENDC96",2025-06-30,Pre-earnings,2025-07-28,2024-03-31,2024-04-19,1.360673628563136,-3.0
"Baby, Feminine & Family Care | organic_volume_growth | PCENDC96",2025-06-30,Pre-earnings,2025-07-28,2024-06-30,2024-07-30,1.8739916021125014,-1.0
"Baby, Feminine & Family Care | organic_volume_growth | PCENDC96",2025-06-30,Pre-earnings,2025-07-28,2024-09-30,2024-10-18,2.247682698810527,-1.0
"Baby, Feminine & Family Care | organic_volume_growth | PCENDC96",2025-06-30,Pre-earnings,2025-07-28,2024-12-31,2025-01-22,2.1103784092813216,4.0
"Baby, Feminine & Family Care | organic_volume_growth | PCENDC96",2025-06-30,Pre-earnings,2025-07-28,2025-03-31,2025-04-24,2.869532577344036,-2.0
Beauty | organic_volume_growth | PCENDC96,2025-06-30,Pre-earnings,2025-07-28,2021-03-31,2021-04-20,6.809059633027537,2.0
Beauty | organic_volume_growth | PCENDC96,2025-06-30,Pre-earnings,2025-07-28,2021-06-30,2021-07-30,14.154610850804294,1.0
Beauty | organic_volume_growth | PCENDC96,2025-06-30,Pre-earnings,2025-07-28,2021-09-30,2021-10-19,6.792826774925675,0.0
Beauty | organic_volume_growth | PCENDC96,2025-06-30,Pre-earnings,2025-07-28,2021-12-31,2022-01-19,6.843683446529414,1.0
Beauty | organic_volume_growth | PCENDC96,2025-06-30,Pre-earnings,2025-07-28,2022-03-31,2022-04-20,3.404808853741881,-1.0
Beauty | organic_volume_growth | PCENDC96,2025-06-30,Pre-earnings,2025-07-28,2022-06-30,2022-07-29,-0.26864270520209343,-2.0
Beauty | organic_volume_growth | PCENDC96,2025-06-30,Pre-earnings,2025-07-28,2022-09-30,2022-10-19,-0.9788074712643757,-1.0
Beauty | organic_volume_growth | PCENDC96,2025-06-30,Pre-earnings,2025-07-28,2022-12-31,2023-01-19,-1.5609194946349714,-4.0
Beauty | organic_volume_growth | PCENDC96,2025-06-30,Pre-earnings,2025-07-28,2023-03-31,2023-04-21,-0.28354349497309306,0.0
Beauty | organic_volume_growth | PCENDC96,2025-06-30,Pre-earnings,2025-07-28,2023-06-30,2023-07-28,-0.07710486261315319,-1.0
Beauty | organic_volume_growth | PCENDC96,2025-06-30,Pre-earnings,2025-07-28,2023-09-30,2023-10-18,1.3149542033191297,0.0
Beauty | organic_volume_growth | PCENDC96,2025-06-30,Pre-earnings,2025-07-28,2023-12-31,2024-01-23,2.203215667311409,-1.0
Beauty | organic_volume_growth | PCENDC96,2025-06-30,Pre-earnings,2025-07-28,2024-03-31,2024-04-19,1.360673628563136,1.0
Beauty | organic_volume_growth | PCENDC96,2025-06-30,Pre-earnings,2025-07-28,2024-06-30,2024-07-30,1.8739916021125014,1.0
Beauty | organic_volume_growth | PCENDC96,2025-06-30,Pre-earnings,2025-07-28,2024-09-30,2024-10-18,2.247682698810527,0.0
Beauty | organic_volume_growth | PCENDC96,2025-06-30,Pre-earnings,2025-07-28,2024-12-31,2025-01-22,2.1103784092813216,0.0
Beauty | organic_volume_growth | PCENDC96,2025-06-30,Pre-earnings,2025-07-28,2025-03-31,2025-04-24,2.869532577344036,1.0
Fabric & Home Care | organic_volume_growth | PCENDC96,2025-06-30,Pre-earnings,2025-07-28,2023-06-30,2023-07-28,-0.07710486261315319,-2.0
Fabric & Home Care | organic_volume_growth | PCENDC96,2025-06-30,Pre-earnings,2025-07-28,2023-09-30,2023-10-18,1.3149542033191297,0.0
Fabric & Home Care | organic_volume_growth | PCENDC96,2025-06-30,Pre-earnings,2025-07-28,2023-12-31,2024-01-23,2.203215667311409,1.0
Fabric & Home Care | organic_volume_growth | PCENDC96,2025-06-30,Pre-earnings,2025-07-28,2024-03-31,2024-04-19,1.360673628563136,1.0
Fabric & Home Care | organic_volume_growth | PCENDC96,2025-06-30,Pre-earnings,2025-07-28,2024-06-30,2024-07-30,1.8739916021125014,3.0
Fabric & Home Care | organic_volume_growth | PCENDC96,2025-06-30,Pre-earnings,2025-07-28,2024-09-30,2024-10-18,2.247682698810527,1.0
Fabric & Home Care | organic_volume_growth | PCENDC96,2025-06-30,Pre-earnings,2025-07-28,2024-12-31,2025-01-22,2.1103784092813216,2.0
Fabric & Home Care | organic_volume_growth | PCENDC96,2025-06-30,Pre-earnings,2025-07-28,2025-03-31,2025-04-24,2.869532577344036,0.0
"Baby, Feminine & Family Care | organic_volume_growth | PCENDC96",2025-09-30,Origin,2025-07-01,2021-03-31,2021-04-20,6.809059633027537,-4.0
"Baby, Feminine & Family Care | organic_volume_growth | PCENDC96",2025-09-30,Origin,2025-07-01,2021-06-30,2021-07-30,14.154610850804294,-3.0
"Baby, Feminine & Family Care | organic_volume_growth | PCENDC96",2025-09-30,Origin,2025-07-01,2021-09-30,2021-10-19,6.792826774925675,1.0
"Baby, Feminine & Family Care | organic_volume_growth | PCENDC96",2025-09-30,Origin,2025-07-01,2021-12-31,2022-01-19,6.843683446529414,1.0
"Baby, Feminine & Family Care | organic_volume_growth | PCENDC96",2025-09-30,Origin,2025-07-01,2022-03-31,2022-04-20,3.404808853741881,2.0
"Baby, Feminine & Family Care | organic_volume_growth | PCENDC96",2025-09-30,Origin,2025-07-01,2022-06-30,2022-07-29,-0.26864270520209343,0.0
"Baby, Feminine & Family Care | organic_volume_growth | PCENDC96",2025-09-30,Origin,2025-07-01,2022-09-30,2022-10-19,-0.9788074712643757,-3.0
"Baby, Feminine & Family Care | organic_volume_growth | PCENDC96",2025-09-30,Origin,2025-07-01,2022-12-31,2023-01-19,-1.5609194946349714,-6.0
"Baby, Feminine & Family Care | organic_volume_growth | PCENDC96",2025-09-30,Origin,2025-07-01,2023-03-31,2023-04-21,-0.28354349497309306,-4.0
"Baby, Feminine & Family Care | organic_volume_growth | PCENDC96",2025-09-30,Origin,2025-07-01,2023-06-30,2023-07-28,-0.07710486261315319,0.0
"Baby, Feminine & Family Care | organic_volume_growth | PCENDC96",2025-09-30,Origin,2025-07-01,2023-09-30,2023-10-18,1.3149542033191297,-3.0
"Baby, Feminine & Family Care | organic_volume_growth | PCENDC96",2025-09-30,Origin,2025-07-01,2023-12-31,2024-01-23,2.203215667311409,-2.0
"Baby, Feminine & Family Care | organic_volume_growth | PCENDC96",2025-09-30,Origin,2025-07-01,2024-03-31,2024-04-19,1.360673628563136,-3.0
"Baby, Feminine & Family Care | organic_volume_growth | PCENDC96",2025-09-30,Origin,2025-07-01,2024-06-30,2024-07-30,1.8739916021125014,-1.0
"Baby, Feminine & Family Care | organic_volume_growth | PCENDC96",2025-09-30,Origin,2025-07-01,2024-09-30,2024-10-18,2.247682698810527,-1.0
"Baby, Feminine & Family Care | organic_volume_growth | PCENDC96",2025-09-30,Origin,2025-07-01,2024-12-31,2025-01-22,2.1103784092813216,4.0
"Baby, Feminine & Family Care | organic_volume_growth | PCENDC96",2025-09-30,Origin,2025-07-01,2025-03-31,2025-04-24,2.869532577344036,-2.0
Beauty | organic_volume_growth | PCENDC96,2025-09-30,Origin,2025-07-01,2021-03-31,2021-04-20,6.809059633027537,2.0
Beauty | organic_volume_growth | PCENDC96,2025-09-30,Origin,2025-07-01,2021-06-30,2021-07-30,14.154610850804294,1.0
Beauty | organic_volume_growth | PCENDC96,2025-09-30,Origin,2025-07-01,2021-09-30,2021-10-19,6.792826774925675,0.0
Beauty | organic_volume_growth | PCENDC96,2025-09-30,Origin,2025-07-01,2021-12-31,2022-01-19,6.843683446529414,1.0
Beauty | organic_volume_growth | PCENDC96,2025-09-30,Origin,2025-07-01,2022-03-31,2022-04-20,3.404808853741881,-1.0
Beauty | organic_volume_growth | PCENDC96,2025-09-30,Origin,2025-07-01,2022-06-30,2022-07-29,-0.26864270520209343,-2.0
Beauty | organic_volume_growth | PCENDC96,2025-09-30,Origin,2025-07-01,2022-09-30,2022-10-19,-0.9788074712643757,-1.0
Beauty | organic_volume_growth | PCENDC96,2025-09-30,Origin,2025-07-01,2022-12-31,2023-01-19,-1.5609194946349714,-4.0
Beauty | organic_volume_growth | PCENDC96,2025-09-30,Origin,2025-07-01,2023-03-31,2023-04-21,-0.28354349497309306,0.0
Beauty | organic_volume_growth | PCENDC96,2025-09-30,Origin,2025-07-01,2023-06-30,2023-07-28,-0.07710486261315319,-1.0
Beauty | organic_volume_growth | PCENDC96,2025-09-30,Origin,2025-07-01,2023-09-30,2023-10-18,1.3149542033191297,0.0
Beauty | organic_volume_growth | PCENDC96,2025-09-30,Origin,2025-07-01,2023-12-31,2024-01-23,2.203215667311409,-1.0
Beauty | organic_volume_growth | PCENDC96,2025-09-30,Origin,2025-07-01,2024-03-31,2024-04-19,1.360673628563136,1.0
Beauty | organic_volume_growth | PCENDC96,2025-09-30,Origin,2025-07-01,2024-06-30,2024-07-30,1.8739916021125014,1.0
Beauty | organic_volume_growth | PCENDC96,2025-09-30,Origin,2025-07-01,2024-09-30,2024-10-18,2.247682698810527,0.0
Beauty | organic_volume_growth | PCENDC96,2025-09-30,Origin,2025-07-01,2024-12-31,2025-01-22,2.1103784092813216,0.0
Beauty | organic_volume_growth | PCENDC96,2025-09-30,Origin,2025-07-01,2025-03-31,2025-04-24,2.869532577344036,1.0
Fabric & Home Care | organic_volume_growth | PCENDC96,2025-09-30,Origin,2025-07-01,2023-06-30,2023-07-28,-0.07710486261315319,-2.0
Fabric & Home Care | organic_volume_growth | PCENDC96,2025-09-30,Origin,2025-07-01,2023-09-30,2023-10-18,1.3149542033191297,0.0
Fabric & Home Care | organic_volume_growth | PCENDC96,2025-09-30,Origin,2025-07-01,2023-12-31,2024-01-23,2.203215667311409,1.0
Fabric & Home Care | organic_volume_growth | PCENDC96,2025-09-30,Origin,2025-07-01,2024-03-31,2024-04-19,1.360673628563136,1.0
Fabric & Home Care | organic_volume_growth | PCENDC96,2025-09-30,Origin,2025-07-01,2024-06-30,2024-07-30,1.8739916021125014,3.0
Fabric & Home Care | organic_volume_growth | PCENDC96,2025-09-30,Origin,2025-07-01,2024-09-30,2024-10-18,2.247682698810527,1.0
Fabric & Home Care | organic_volume_growth | PCENDC96,2025-09-30,Origin,2025-07-01,2024-12-31,2025-01-22,2.1103784092813216,2.0
Fabric & Home Care | organic_volume_growth | PCENDC96,2025-09-30,Origin,2025-07-01,2025-03-31,2025-04-24,2.869532577344036,0.0
"Baby, Feminine & Family Care | organic_volume_growth | PCENDC96",2025-09-30,One month,2025-08-29,2022-03-31,2022-04-20,3.404808853741881,2.0
"Baby, Feminine & Family Care | organic_volume_growth | PCENDC96",2025-09-30,One month,2025-08-29,2022-06-30,2022-07-29,-0.26864270520209343,0.0
"Baby, Feminine & Family Care | organic_volume_growth | PCENDC96",2025-09-30,One month,2025-08-29,2022-09-30,2022-10-19,-0.9788074712643757,-3.0
"Baby, Feminine & Family Care | organic_volume_growth | PCENDC96",2025-09-30,One month,2025-08-29,2022-12-31,2023-01-19,-1.5609194946349714,-6.0
"Baby, Feminine & Family Care | organic_volume_growth | PCENDC96",2025-09-30,One month,2025-08-29,2023-03-31,2023-04-21,-0.28354349497309306,-4.0
"Baby, Feminine & Family Care | organic_volume_growth | PCENDC96",2025-09-30,One month,2025-08-29,2023-06-30,2023-07-28,-0.07710486261315319,0.0
"Baby, Feminine & Family Care | organic_volume_growth | PCENDC96",2025-09-30,One month,2025-08-29,2023-09-30,2023-10-18,1.3149542033191297,-3.0
"Baby, Feminine & Family Care | organic_volume_growth | PCENDC96",2025-09-30,One month,2025-08-29,2023-12-31,2024-01-23,2.203215667311409,-2.0
"Baby, Feminine & Family Care | organic_volume_growth | PCENDC96",2025-09-30,One month,2025-08-29,2024-03-31,2024-04-19,1.360673628563136,-3.0
"Baby, Feminine & Family Care | organic_volume_growth | PCENDC96",2025-09-30,One month,2025-08-29,2024-06-30,2024-07-30,1.8739916021125014,-1.0
"Baby, Feminine & Family Care | organic_volume_growth | PCENDC96",2025-09-30,One month,2025-08-29,2024-09-30,2024-10-18,2.247682698810527,-1.0
"Baby, Feminine & Family Care | organic_volume_growth | PCENDC96",2025-09-30,One month,2025-08-29,2024-12-31,2025-01-22,2.1103784092813216,4.0
"Baby, Feminine & Family Care | organic_volume_growth | PCENDC96",2025-09-30,One month,2025-08-29,2025-03-31,2025-04-24,2.869532577344036,-2.0
"Baby, Feminine & Family Care | organic_volume_growth | PCENDC96",2025-09-30,One month,2025-08-29,2025-06-30,2025-07-29,3.01897557472679,0.0
Beauty | organic_volume_growth | PCENDC96,2025-09-30,One month,2025-08-29,2022-03-31,2022-04-20,3.404808853741881,-1.0
Beauty | organic_volume_growth | PCENDC96,2025-09-30,One month,2025-08-29,2022-06-30,2022-07-29,-0.26864270520209343,-2.0
Beauty | organic_volume_growth | PCENDC96,2025-09-30,One month,2025-08-29,2022-09-30,2022-10-19,-0.9788074712643757,-1.0
Beauty | organic_volume_growth | PCENDC96,2025-09-30,One month,2025-08-29,2022-12-31,2023-01-19,-1.5609194946349714,-4.0
Beauty | organic_volume_growth | PCENDC96,2025-09-30,One month,2025-08-29,2023-03-31,2023-04-21,-0.28354349497309306,0.0
Beauty | organic_volume_growth | PCENDC96,2025-09-30,One month,2025-08-29,2023-06-30,2023-07-28,-0.07710486261315319,-1.0
Beauty | organic_volume_growth | PCENDC96,2025-09-30,One month,2025-08-29,2023-09-30,2023-10-18,1.3149542033191297,0.0
Beauty | organic_volume_growth | PCENDC96,2025-09-30,One month,2025-08-29,2023-12-31,2024-01-23,2.203215667311409,-1.0
Beauty | organic_volume_growth | PCENDC96,2025-09-30,One month,2025-08-29,2024-03-31,2024-04-19,1.360673628563136,1.0
Beauty | organic_volume_growth | PCENDC96,2025-09-30,One month,2025-08-29,2024-06-30,2024-07-30,1.8739916021125014,1.0
Beauty | organic_volume_growth | PCENDC96,2025-09-30,One month,2025-08-29,2024-09-30,2024-10-18,2.247682698810527,0.0
Beauty | organic_volume_growth | PCENDC96,2025-09-30,One month,2025-08-29,2024-12-31,2025-01-22,2.1103784092813216,0.0
Beauty | organic_volume_growth | PCENDC96,2025-09-30,One month,2025-08-29,2025-03-31,2025-04-24,2.869532577344036,1.0
Beauty | organic_volume_growth | PCENDC96,2025-09-30,One month,2025-08-29,2025-06-30,2025-07-29,3.01897557472679,1.0
Fabric & Home Care | organic_volume_growth | PCENDC96,2025-09-30,One month,2025-08-29,2023-09-30,2023-10-18,1.3149542033191297,0.0
Fabric & Home Care | organic_volume_growth | PCENDC96,2025-09-30,One month,2025-08-29,2023-12-31,2024-01-23,2.203215667311409,1.0
Fabric & Home Care | organic_volume_growth | PCENDC96,2025-09-30,One month,2025-08-29,2024-03-31,2024-04-19,1.360673628563136,1.0
Fabric & Home Care | organic_volume_growth | PCENDC96,2025-09-30,One month,2025-08-29,2024-06-30,2024-07-30,1.8739916021125014,3.0
Fabric & Home Care | organic_volume_growth | PCENDC96,2025-09-30,One month,2025-08-29,2024-09-30,2024-10-18,2.247682698810527,1.0
Fabric & Home Care | organic_volume_growth | PCENDC96,2025-09-30,One month,2025-08-29,2024-12-31,2025-01-22,2.1103784092813216,2.0
Fabric & Home Care | organic_volume_growth | PCENDC96,2025-09-30,One month,2025-08-29,2025-03-31,2025-04-24,2.869532577344036,0.0
Fabric & Home Care | organic_volume_growth | PCENDC96,2025-09-30,One month,2025-08-29,2025-06-30,2025-07-29,3.01897557472679,0.0
"Baby, Feminine & Family Care | organic_volume_growth | PCENDC96",2025-09-30,Two months,2025-09-26,2022-03-31,2022-04-20,3.598910488105478,2.0
"Baby, Feminine & Family Care | organic_volume_growth | PCENDC96",2025-09-30,Two months,2025-09-26,2022-06-30,2022-07-29,-0.03796621007303713,0.0
"Baby, Feminine & Family Care | organic_volume_growth | PCENDC96",2025-09-30,Two months,2025-09-26,2022-09-30,2022-10-19,-0.9742817539066029,-3.0
"Baby, Feminine & Family Care | organic_volume_growth | PCENDC96",2025-09-30,Two months,2025-09-26,2022-12-31,2023-01-19,-1.708333333333334,-6.0
"Baby, Feminine & Family Care | organic_volume_growth | PCENDC96",2025-09-30,Two months,2025-09-26,2023-03-31,2023-04-21,-0.5138355726167609,-4.0
"Baby, Feminine & Family Care | organic_volume_growth | PCENDC96",2025-09-30,Two months,2025-09-26,2023-06-30,2023-07-28,-0.38380425982749156,0.0
"Baby, Feminine & Family Care | organic_volume_growth | PCENDC96",2025-09-30,Two months,2025-09-26,2023-09-30,2023-10-18,1.1893013232362026,-3.0
"Baby, Feminine & Family Care | organic_volume_growth | PCENDC96",2025-09-30,Two months,2025-09-26,2023-12-31,2024-01-23,2.2255192878338326,-2.0
"Baby, Feminine & Family Care | organic_volume_growth | PCENDC96",2025-09-30,Two months,2025-09-26,2024-03-31,2024-04-19,1.3726160091641626,-3.0
"Baby, Feminine & Family Care | organic_volume_growth | PCENDC96",2025-09-30,Two months,2025-09-26,2024-06-30,2024-07-30,2.2805943792830297,-1.0
"Baby, Feminine & Family Care | organic_volume_growth | PCENDC96",2025-09-30,Two months,2025-09-26,2024-09-30,2024-10-18,2.650199536239972,-1.0
"Baby, Feminine & Family Care | organic_volume_growth | PCENDC96",2025-09-30,Two months,2025-09-26,2024-12-31,2025-01-22,2.787239714463441,4.0
"Baby, Feminine & Family Care | organic_volume_growth | PCENDC96",2025-09-30,Two months,2025-09-26,2025-03-31,2025-04-24,3.749851314380881,-2.0
"Baby, Feminine & Family Care | organic_volume_growth | PCENDC96",2025-09-30,Two months,2025-09-26,2025-06-30,2025-07-29,3.2332744751814912,0.0
Beauty | organic_volume_growth | PCENDC96,2025-09-30,Two months,2025-09-26,2022-03-31,2022-04-20,3.598910488105478,-1.0
Beauty | organic_volume_growth | PCENDC96,2025-09-30,Two months,2025-09-26,2022-06-30,2022-07-29,-0.03796621007303713,-2.0
Beauty | organic_volume_growth | PCENDC96,2025-09-30,Two months,2025-09-26,2022-09-30,2022-10-19,-0.9742817539066029,-1.0
Beauty | organic_volume_growth | PCENDC96,2025-09-30,Two months,2025-09-26,2022-12-31,2023-01-19,-1.708333333333334,-4.0
Beauty | organic_volume_growth | PCENDC96,2025-09-30,Two months,2025-09-26,2023-03-31,2023-04-21,-0.5138355726167609,0.0
Beauty | organic_volume_growth | PCENDC96,2025-09-30,Two months,2025-09-26,2023-06-30,2023-07-28,-0.38380425982749156,-1.0
Beauty | organic_volume_growth | PCENDC96,2025-09-30,Two months,2025-09-26,2023-09-30,2023-10-18,1.1893013232362026,0.0
Beauty | organic_volume_growth | PCENDC96,2025-09-30,Two months,2025-09-26,2023-12-31,2024-01-23,2.2255192878338326,-1.0
Beauty | organic_volume_growth | PCENDC96,2025-09-30,Two months,2025-09-26,2024-03-31,2024-04-19,1.3726160091641626,1.0
Beauty | organic_volume_growth | PCENDC96,2025-09-30,Two months,2025-09-26,2024-06-30,2024-07-30,2.2805943792830297,1.0
Beauty | organic_volume_growth | PCENDC96,2025-09-30,Two months,2025-09-26,2024-09-30,2024-10-18,2.650199536239972,0.0
Beauty | organic_volume_growth | PCENDC96,2025-09-30,Two months,2025-09-26,2024-12-31,2025-01-22,2.787239714463441,0.0
Beauty | organic_volume_growth | PCENDC96,2025-09-30,Two months,2025-09-26,2025-03-31,2025-04-24,3.749851314380881,1.0
Beauty | organic_volume_growth | PCENDC96,2025-09-30,Two months,2025-09-26,2025-06-30,2025-07-29,3.2332744751814912,1.0
Fabric & Home Care | organic_volume_growth | PCENDC96,2025-09-30,Two months,2025-09-26,2023-09-30,2023-10-18,1.1893013232362026,0.0
Fabric & Home Care | organic_volume_growth | PCENDC96,2025-09-30,Two months,2025-09-26,2023-12-31,2024-01-23,2.2255192878338326,1.0
Fabric & Home Care | organic_volume_growth | PCENDC96,2025-09-30,Two months,2025-09-26,2024-03-31,2024-04-19,1.3726160091641626,1.0
Fabric & Home Care | organic_volume_growth | PCENDC96,2025-09-30,Two months,2025-09-26,2024-06-30,2024-07-30,2.2805943792830297,3.0
Fabric & Home Care | organic_volume_growth | PCENDC96,2025-09-30,Two months,2025-09-26,2024-09-30,2024-10-18,2.650199536239972,1.0
Fabric & Home Care | organic_volume_growth | PCENDC96,2025-09-30,Two months,2025-09-26,2024-12-31,2025-01-22,2.787239714463441,2.0
Fabric & Home Care | organic_volume_growth | PCENDC96,2025-09-30,Two months,2025-09-26,2025-03-31,2025-04-24,3.749851314380881,0.0
Fabric & Home Care | organic_volume_growth | PCENDC96,2025-09-30,Two months,2025-09-26,2025-06-30,2025-07-29,3.2332744751814912,0.0
"Baby, Feminine & Family Care | organic_volume_growth | PCENDC96",2025-09-30,Pre-earnings,2025-10-23,2021-03-31,2021-04-20,6.575055187637968,-4.0
"Baby, Feminine & Family Care | organic_volume_growth | PCENDC96",2025-09-30,Pre-earnings,2025-10-23,2021-06-30,2021-07-30,14.016061969584781,-3.0
"Baby, Feminine & Family Care | organic_volume_growth | PCENDC96",2025-09-30,Pre-earnings,2025-10-23,2021-09-30,2021-10-19,7.004214906898576,1.0
"Baby, Feminine & Family Care | organic_volume_growth | PCENDC96",2025-09-30,Pre-earnings,2025-10-23,2021-12-31,2022-01-19,7.099598376506089,1.0
"Baby, Feminine & Family Care | organic_volume_growth | PCENDC96",2025-09-30,Pre-earnings,2025-10-23,2022-03-31,2022-04-20,3.598910488105478,2.0
"Baby, Feminine & Family Care | organic_volume_growth | PCENDC96",2025-09-30,Pre-earnings,2025-10-23,2022-06-30,2022-07-29,-0.03796621007303713,0.0
"Baby, Feminine & Family Care | organic_volume_growth | PCENDC96",2025-09-30,Pre-earnings,2025-10-23,2022-09-30,2022-10-19,-0.9742817539066029,-3.0
"Baby, Feminine & Family Care | organic_volume_growth | PCENDC96",2025-09-30,Pre-earnings,2025-10-23,2022-12-31,2023-01-19,-1.708333333333334,-6.0
"Baby, Feminine & Family Care | organic_volume_growth | PCENDC96",2025-09-30,Pre-earnings,2025-10-23,2023-03-31,2023-04-21,-0.5138355726167609,-4.0
"Baby, Feminine & Family Care | organic_volume_growth | PCENDC96",2025-09-30,Pre-earnings,2025-10-23,2023-06-30,2023-07-28,-0.38380425982749156,0.0
"Baby, Feminine & Family Care | organic_volume_growth | PCENDC96",2025-09-30,Pre-earnings,2025-10-23,2023-09-30,2023-10-18,1.1893013232362026,-3.0
"Baby, Feminine & Family Care | organic_volume_growth | PCENDC96",2025-09-30,Pre-earnings,2025-10-23,2023-12-31,2024-01-23,2.2255192878338326,-2.0
"Baby, Feminine & Family Care | organic_volume_growth | PCENDC96",2025-09-30,Pre-earnings,2025-10-23,2024-03-31,2024-04-19,1.3726160091641626,-3.0
"Baby, Feminine & Family Care | organic_volume_growth | PCENDC96",2025-09-30,Pre-earnings,2025-10-23,2024-06-30,2024-07-30,2.2805943792830297,-1.0
"Baby, Feminine & Family Care | organic_volume_growth | PCENDC96",2025-09-30,Pre-earnings,2025-10-23,2024-09-30,2024-10-18,2.650199536239972,-1.0
"Baby, Feminine & Family Care | organic_volume_growth | PCENDC96",2025-09-30,Pre-earnings,2025-10-23,2024-12-31,2025-01-22,2.787239714463441,4.0
"Baby, Feminine & Family Care | organic_volume_growth | PCENDC96",2025-09-30,Pre-earnings,2025-10-23,2025-03-31,2025-04-24,3.749851314380881,-2.0
"Baby, Feminine & Family Care | organic_volume_growth | PCENDC96",2025-09-30,Pre-earnings,2025-10-23,2025-06-30,2025-07-29,3.2332744751814912,0.0
Beauty | organic_volume_growth | PCENDC96,2025-09-30,Pre-earnings,2025-10-23,2021-03-31,2021-04-20,6.575055187637968,2.0
Beauty | organic_volume_growth | PCENDC96,2025-09-30,Pre-earnings,2025-10-23,2021-06-30,2021-07-30,14.016061969584781,1.0
Beauty | organic_volume_growth | PCENDC96,2025-09-30,Pre-earnings,2025-10-23,2021-09-30,2021-10-19,7.004214906898576,0.0
Beauty | organic_volume_growth | PCENDC96,2025-09-30,Pre-earnings,2025-10-23,2021-12-31,2022-01-19,7.099598376506089,1.0
Beauty | organic_volume_growth | PCENDC96,2025-09-30,Pre-earnings,2025-10-23,2022-03-31,2022-04-20,3.598910488105478,-1.0
Beauty | organic_volume_growth | PCENDC96,2025-09-30,Pre-earnings,2025-10-23,2022-06-30,2022-07-29,-0.03796621007303713,-2.0
Beauty | organic_volume_growth | PCENDC96,2025-09-30,Pre-earnings,2025-10-23,2022-09-30,2022-10-19,-0.9742817539066029,-1.0
Beauty | organic_volume_growth | PCENDC96,2025-09-30,Pre-earnings,2025-10-23,2022-12-31,2023-01-19,-1.708333333333334,-4.0
Beauty | organic_volume_growth | PCENDC96,2025-09-30,Pre-earnings,2025-10-23,2023-03-31,2023-04-21,-0.5138355726167609,0.0
Beauty | organic_volume_growth | PCENDC96,2025-09-30,Pre-earnings,2025-10-23,2023-06-30,2023-07-28,-0.38380425982749156,-1.0
Beauty | organic_volume_growth | PCENDC96,2025-09-30,Pre-earnings,2025-10-23,2023-09-30,2023-10-18,1.1893013232362026,0.0
Beauty | organic_volume_growth | PCENDC96,2025-09-30,Pre-earnings,2025-10-23,2023-12-31,2024-01-23,2.2255192878338326,-1.0
Beauty | organic_volume_growth | PCENDC96,2025-09-30,Pre-earnings,2025-10-23,2024-03-31,2024-04-19,1.3726160091641626,1.0
Beauty | organic_volume_growth | PCENDC96,2025-09-30,Pre-earnings,2025-10-23,2024-06-30,2024-07-30,2.2805943792830297,1.0
Beauty | organic_volume_growth | PCENDC96,2025-09-30,Pre-earnings,2025-10-23,2024-09-30,2024-10-18,2.650199536239972,0.0
Beauty | organic_volume_growth | PCENDC96,2025-09-30,Pre-earnings,2025-10-23,2024-12-31,2025-01-22,2.787239714463441,0.0
Beauty | organic_volume_growth | PCENDC96,2025-09-30,Pre-earnings,2025-10-23,2025-03-31,2025-04-24,3.749851314380881,1.0
Beauty | organic_volume_growth | PCENDC96,2025-09-30,Pre-earnings,2025-10-23,2025-06-30,2025-07-29,3.2332744751814912,1.0
Fabric & Home Care | organic_volume_growth | PCENDC96,2025-09-30,Pre-earnings,2025-10-23,2023-09-30,2023-10-18,1.1893013232362026,0.0
Fabric & Home Care | organic_volume_growth | PCENDC96,2025-09-30,Pre-earnings,2025-10-23,2023-12-31,2024-01-23,2.2255192878338326,1.0
Fabric & Home Care | organic_volume_growth | PCENDC96,2025-09-30,Pre-earnings,2025-10-23,2024-03-31,2024-04-19,1.3726160091641626,1.0
Fabric & Home Care | organic_volume_growth | PCENDC96,2025-09-30,Pre-earnings,2025-10-23,2024-06-30,2024-07-30,2.2805943792830297,3.0
Fabric & Home Care | organic_volume_growth | PCENDC96,2025-09-30,Pre-earnings,2025-10-23,2024-09-30,2024-10-18,2.650199536239972,1.0
Fabric & Home Care | organic_volume_growth | PCENDC96,2025-09-30,Pre-earnings,2025-10-23,2024-12-31,2025-01-22,2.787239714463441,2.0
Fabric & Home Care | organic_volume_growth | PCENDC96,2025-09-30,Pre-earnings,2025-10-23,2025-03-31,2025-04-24,3.749851314380881,0.0
Fabric & Home Care | organic_volume_growth | PCENDC96,2025-09-30,Pre-earnings,2025-10-23,2025-06-30,2025-07-29,3.2332744751814912,0.0
"Baby, Feminine & Family Care | organic_volume_growth | PCENDC96",2025-12-31,Origin,2025-10-01,2021-03-31,2021-04-20,6.575055187637968,-4.0
"Baby, Feminine & Family Care | organic_volume_growth | PCENDC96",2025-12-31,Origin,2025-10-01,2021-06-30,2021-07-30,14.016061969584781,-3.0
"Baby, Feminine & Family Care | organic_volume_growth | PCENDC96",2025-12-31,Origin,2025-10-01,2021-09-30,2021-10-19,7.004214906898576,1.0
"Baby, Feminine & Family Care | organic_volume_growth | PCENDC96",2025-12-31,Origin,2025-10-01,2021-12-31,2022-01-19,7.099598376506089,1.0
"Baby, Feminine & Family Care | organic_volume_growth | PCENDC96",2025-12-31,Origin,2025-10-01,2022-03-31,2022-04-20,3.598910488105478,2.0
"Baby, Feminine & Family Care | organic_volume_growth | PCENDC96",2025-12-31,Origin,2025-10-01,2022-06-30,2022-07-29,-0.03796621007303713,0.0
"Baby, Feminine & Family Care | organic_volume_growth | PCENDC96",2025-12-31,Origin,2025-10-01,2022-09-30,2022-10-19,-0.9742817539066029,-3.0
"Baby, Feminine & Family Care | organic_volume_growth | PCENDC96",2025-12-31,Origin,2025-10-01,2022-12-31,2023-01-19,-1.708333333333334,-6.0
"Baby, Feminine & Family Care | organic_volume_growth | PCENDC96",2025-12-31,Origin,2025-10-01,2023-03-31,2023-04-21,-0.5138355726167609,-4.0
"Baby, Feminine & Family Care | organic_volume_growth | PCENDC96",2025-12-31,Origin,2025-10-01,2023-06-30,2023-07-28,-0.38380425982749156,0.0
"Baby, Feminine & Family Care | organic_volume_growth | PCENDC96",2025-12-31,Origin,2025-10-01,2023-09-30,2023-10-18,1.1893013232362026,-3.0
"Baby, Feminine & Family Care | organic_volume_growth | PCENDC96",2025-12-31,Origin,2025-10-01,2023-12-31,2024-01-23,2.2255192878338326,-2.0
"Baby, Feminine & Family Care | organic_volume_growth | PCENDC96",2025-12-31,Origin,2025-10-01,2024-03-31,2024-04-19,1.3726160091641626,-3.0
"Baby, Feminine & Family Care | organic_volume_growth | PCENDC96",2025-12-31,Origin,2025-10-01,2024-06-30,2024-07-30,2.2805943792830297,-1.0
"Baby, Feminine & Family Care | organic_volume_growth | PCENDC96",2025-12-31,Origin,2025-10-01,2024-09-30,2024-10-18,2.650199536239972,-1.0
"Baby, Feminine & Family Care | organic_volume_growth | PCENDC96",2025-12-31,Origin,2025-10-01,2024-12-31,2025-01-22,2.787239714463441,4.0
"Baby, Feminine & Family Care | organic_volume_growth | PCENDC96",2025-12-31,Origin,2025-10-01,2025-03-31,2025-04-24,3.749851314380881,-2.0
"Baby, Feminine & Family Care | organic_volume_growth | PCENDC96",2025-12-31,Origin,2025-10-01,2025-06-30,2025-07-29,3.2332744751814912,0.0
Beauty | organic_volume_growth | PCENDC96,2025-12-31,Origin,2025-10-01,2021-03-31,2021-04-20,6.575055187637968,2.0
Beauty | organic_volume_growth | PCENDC96,2025-12-31,Origin,2025-10-01,2021-06-30,2021-07-30,14.016061969584781,1.0
Beauty | organic_volume_growth | PCENDC96,2025-12-31,Origin,2025-10-01,2021-09-30,2021-10-19,7.004214906898576,0.0
Beauty | organic_volume_growth | PCENDC96,2025-12-31,Origin,2025-10-01,2021-12-31,2022-01-19,7.099598376506089,1.0
Beauty | organic_volume_growth | PCENDC96,2025-12-31,Origin,2025-10-01,2022-03-31,2022-04-20,3.598910488105478,-1.0
Beauty | organic_volume_growth | PCENDC96,2025-12-31,Origin,2025-10-01,2022-06-30,2022-07-29,-0.03796621007303713,-2.0
Beauty | organic_volume_growth | PCENDC96,2025-12-31,Origin,2025-10-01,2022-09-30,2022-10-19,-0.9742817539066029,-1.0
Beauty | organic_volume_growth | PCENDC96,2025-12-31,Origin,2025-10-01,2022-12-31,2023-01-19,-1.708333333333334,-4.0
Beauty | organic_volume_growth | PCENDC96,2025-12-31,Origin,2025-10-01,2023-03-31,2023-04-21,-0.5138355726167609,0.0
Beauty | organic_volume_growth | PCENDC96,2025-12-31,Origin,2025-10-01,2023-06-30,2023-07-28,-0.38380425982749156,-1.0
Beauty | organic_volume_growth | PCENDC96,2025-12-31,Origin,2025-10-01,2023-09-30,2023-10-18,1.1893013232362026,0.0
Beauty | organic_volume_growth | PCENDC96,2025-12-31,Origin,2025-10-01,2023-12-31,2024-01-23,2.2255192878338326,-1.0
Beauty | organic_volume_growth | PCENDC96,2025-12-31,Origin,2025-10-01,2024-03-31,2024-04-19,1.3726160091641626,1.0
Beauty | organic_volume_growth | PCENDC96,2025-12-31,Origin,2025-10-01,2024-06-30,2024-07-30,2.2805943792830297,1.0
Beauty | organic_volume_growth | PCENDC96,2025-12-31,Origin,2025-10-01,2024-09-30,2024-10-18,2.650199536239972,0.0
Beauty | organic_volume_growth | PCENDC96,2025-12-31,Origin,2025-10-01,2024-12-31,2025-01-22,2.787239714463441,0.0
Beauty | organic_volume_growth | PCENDC96,2025-12-31,Origin,2025-10-01,2025-03-31,2025-04-24,3.749851314380881,1.0
Beauty | organic_volume_growth | PCENDC96,2025-12-31,Origin,2025-10-01,2025-06-30,2025-07-29,3.2332744751814912,1.0
Fabric & Home Care | organic_volume_growth | PCENDC96,2025-12-31,Origin,2025-10-01,2023-09-30,2023-10-18,1.1893013232362026,0.0
Fabric & Home Care | organic_volume_growth | PCENDC96,2025-12-31,Origin,2025-10-01,2023-12-31,2024-01-23,2.2255192878338326,1.0
Fabric & Home Care | organic_volume_growth | PCENDC96,2025-12-31,Origin,2025-10-01,2024-03-31,2024-04-19,1.3726160091641626,1.0
Fabric & Home Care | organic_volume_growth | PCENDC96,2025-12-31,Origin,2025-10-01,2024-06-30,2024-07-30,2.2805943792830297,3.0
Fabric & Home Care | organic_volume_growth | PCENDC96,2025-12-31,Origin,2025-10-01,2024-09-30,2024-10-18,2.650199536239972,1.0
Fabric & Home Care | organic_volume_growth | PCENDC96,2025-12-31,Origin,2025-10-01,2024-12-31,2025-01-22,2.787239714463441,2.0
Fabric & Home Care | organic_volume_growth | PCENDC96,2025-12-31,Origin,2025-10-01,2025-03-31,2025-04-24,3.749851314380881,0.0
Fabric & Home Care | organic_volume_growth | PCENDC96,2025-12-31,Origin,2025-10-01,2025-06-30,2025-07-29,3.2332744751814912,0.0
"Baby, Feminine & Family Care | organic_volume_growth | PCENDC96",2025-12-31,Pre-earnings,2026-01-22,2021-03-31,2021-04-20,6.575055187637968,-4.0
"Baby, Feminine & Family Care | organic_volume_growth | PCENDC96",2025-12-31,Pre-earnings,2026-01-22,2021-06-30,2021-07-30,14.016061969584781,-3.0
"Baby, Feminine & Family Care | organic_volume_growth | PCENDC96",2025-12-31,Pre-earnings,2026-01-22,2021-09-30,2021-10-19,7.004214906898576,1.0
"Baby, Feminine & Family Care | organic_volume_growth | PCENDC96",2025-12-31,Pre-earnings,2026-01-22,2021-12-31,2022-01-19,7.099598376506089,1.0
"Baby, Feminine & Family Care | organic_volume_growth | PCENDC96",2025-12-31,Pre-earnings,2026-01-22,2022-03-31,2022-04-20,3.598910488105478,2.0
"Baby, Feminine & Family Care | organic_volume_growth | PCENDC96",2025-12-31,Pre-earnings,2026-01-22,2022-06-30,2022-07-29,-0.03796621007303713,0.0
"Baby, Feminine & Family Care | organic_volume_growth | PCENDC96",2025-12-31,Pre-earnings,2026-01-22,2022-09-30,2022-10-19,-0.9742817539066029,-3.0
"Baby, Feminine & Family Care | organic_volume_growth | PCENDC96",2025-12-31,Pre-earnings,2026-01-22,2022-12-31,2023-01-19,-1.708333333333334,-6.0
"Baby, Feminine & Family Care | organic_volume_growth | PCENDC96",2025-12-31,Pre-earnings,2026-01-22,2023-03-31,2023-04-21,-0.5138355726167609,-4.0
"Baby, Feminine & Family Care | organic_volume_growth | PCENDC96",2025-12-31,Pre-earnings,2026-01-22,2023-06-30,2023-07-28,-0.38380425982749156,0.0
"Baby, Feminine & Family Care | organic_volume_growth | PCENDC96",2025-12-31,Pre-earnings,2026-01-22,2023-09-30,2023-10-18,1.1893013232362026,-3.0
"Baby, Feminine & Family Care | organic_volume_growth | PCENDC96",2025-12-31,Pre-earnings,2026-01-22,2023-12-31,2024-01-23,2.2255192878338326,-2.0
"Baby, Feminine & Family Care | organic_volume_growth | PCENDC96",2025-12-31,Pre-earnings,2026-01-22,2024-03-31,2024-04-19,1.3726160091641626,-3.0
"Baby, Feminine & Family Care | organic_volume_growth | PCENDC96",2025-12-31,Pre-earnings,2026-01-22,2024-06-30,2024-07-30,2.2805943792830297,-1.0
"Baby, Feminine & Family Care | organic_volume_growth | PCENDC96",2025-12-31,Pre-earnings,2026-01-22,2024-09-30,2024-10-18,2.650199536239972,-1.0
"Baby, Feminine & Family Care | organic_volume_growth | PCENDC96",2025-12-31,Pre-earnings,2026-01-22,2024-12-31,2025-01-22,2.787239714463441,4.0
"Baby, Feminine & Family Care | organic_volume_growth | PCENDC96",2025-12-31,Pre-earnings,2026-01-22,2025-03-31,2025-04-24,3.749851314380881,-2.0
"Baby, Feminine & Family Care | organic_volume_growth | PCENDC96",2025-12-31,Pre-earnings,2026-01-22,2025-06-30,2025-07-29,3.2332744751814912,0.0
"Baby, Feminine & Family Care | organic_volume_growth | PCENDC96",2025-12-31,Pre-earnings,2026-01-22,2025-09-30,2025-10-24,2.996723091540132,0.0
Beauty | organic_volume_growth | PCENDC96,2025-12-31,Pre-earnings,2026-01-22,2021-03-31,2021-04-20,6.575055187637968,2.0
Beauty | organic_volume_growth | PCENDC96,2025-12-31,Pre-earnings,2026-01-22,2021-06-30,2021-07-30,14.016061969584781,1.0
Beauty | organic_volume_growth | PCENDC96,2025-12-31,Pre-earnings,2026-01-22,2021-09-30,2021-10-19,7.004214906898576,0.0
Beauty | organic_volume_growth | PCENDC96,2025-12-31,Pre-earnings,2026-01-22,2021-12-31,2022-01-19,7.099598376506089,1.0
Beauty | organic_volume_growth | PCENDC96,2025-12-31,Pre-earnings,2026-01-22,2022-03-31,2022-04-20,3.598910488105478,-1.0
Beauty | organic_volume_growth | PCENDC96,2025-12-31,Pre-earnings,2026-01-22,2022-06-30,2022-07-29,-0.03796621007303713,-2.0
Beauty | organic_volume_growth | PCENDC96,2025-12-31,Pre-earnings,2026-01-22,2022-09-30,2022-10-19,-0.9742817539066029,-1.0
Beauty | organic_volume_growth | PCENDC96,2025-12-31,Pre-earnings,2026-01-22,2022-12-31,2023-01-19,-1.708333333333334,-4.0
Beauty | organic_volume_growth | PCENDC96,2025-12-31,Pre-earnings,2026-01-22,2023-03-31,2023-04-21,-0.5138355726167609,0.0
Beauty | organic_volume_growth | PCENDC96,2025-12-31,Pre-earnings,2026-01-22,2023-06-30,2023-07-28,-0.38380425982749156,-1.0
Beauty | organic_volume_growth | PCENDC96,2025-12-31,Pre-earnings,2026-01-22,2023-09-30,2023-10-18,1.1893013232362026,0.0
Beauty | organic_volume_growth | PCENDC96,2025-12-31,Pre-earnings,2026-01-22,2023-12-31,2024-01-23,2.2255192878338326,-1.0
Beauty | organic_volume_growth | PCENDC96,2025-12-31,Pre-earnings,2026-01-22,2024-03-31,2024-04-19,1.3726160091641626,1.0
Beauty | organic_volume_growth | PCENDC96,2025-12-31,Pre-earnings,2026-01-22,2024-06-30,2024-07-30,2.2805943792830297,1.0
Beauty | organic_volume_growth | PCENDC96,2025-12-31,Pre-earnings,2026-01-22,2024-09-30,2024-10-18,2.650199536239972,0.0
Beauty | organic_volume_growth | PCENDC96,2025-12-31,Pre-earnings,2026-01-22,2024-12-31,2025-01-22,2.787239714463441,0.0
Beauty | organic_volume_growth | PCENDC96,2025-12-31,Pre-earnings,2026-01-22,2025-03-31,2025-04-24,3.749851314380881,1.0
Beauty | organic_volume_growth | PCENDC96,2025-12-31,Pre-earnings,2026-01-22,2025-06-30,2025-07-29,3.2332744751814912,1.0
Beauty | organic_volume_growth | PCENDC96,2025-12-31,Pre-earnings,2026-01-22,2025-09-30,2025-10-24,2.996723091540132,4.0
Fabric & Home Care | organic_volume_growth | PCENDC96,2025-12-31,Pre-earnings,2026-01-22,2023-12-31,2024-01-23,2.2255192878338326,1.0
Fabric & Home Care | organic_volume_growth | PCENDC96,2025-12-31,Pre-earnings,2026-01-22,2024-03-31,2024-04-19,1.3726160091641626,1.0
Fabric & Home Care | organic_volume_growth | PCENDC96,2025-12-31,Pre-earnings,2026-01-22,2024-06-30,2024-07-30,2.2805943792830297,3.0
Fabric & Home Care | organic_volume_growth | PCENDC96,2025-12-31,Pre-earnings,2026-01-22,2024-09-30,2024-10-18,2.650199536239972,1.0
Fabric & Home Care | organic_volume_growth | PCENDC96,2025-12-31,Pre-earnings,2026-01-22,2024-12-31,2025-01-22,2.787239714463441,2.0
Fabric & Home Care | organic_volume_growth | PCENDC96,2025-12-31,Pre-earnings,2026-01-22,2025-03-31,2025-04-24,3.749851314380881,0.0
Fabric & Home Care | organic_volume_growth | PCENDC96,2025-12-31,Pre-earnings,2026-01-22,2025-06-30,2025-07-29,3.2332744751814912,0.0
Fabric & Home Care | organic_volume_growth | PCENDC96,2025-12-31,Pre-earnings,2026-01-22,2025-09-30,2025-10-24,2.996723091540132,-2.0
"Baby, Feminine & Family Care | organic_volume_growth | PCENDC96",2025-12-31,Two months,2026-01-22,2021-03-31,2021-04-20,6.575055187637968,-4.0
"Baby, Feminine & Family Care | organic_volume_growth | PCENDC96",2025-12-31,Two months,2026-01-22,2021-06-30,2021-07-30,14.016061969584781,-3.0
"Baby, Feminine & Family Care | organic_volume_growth | PCENDC96",2025-12-31,Two months,2026-01-22,2021-09-30,2021-10-19,7.004214906898576,1.0
"Baby, Feminine & Family Care | organic_volume_growth | PCENDC96",2025-12-31,Two months,2026-01-22,2021-12-31,2022-01-19,7.099598376506089,1.0
"Baby, Feminine & Family Care | organic_volume_growth | PCENDC96",2025-12-31,Two months,2026-01-22,2022-03-31,2022-04-20,3.598910488105478,2.0
"Baby, Feminine & Family Care | organic_volume_growth | PCENDC96",2025-12-31,Two months,2026-01-22,2022-06-30,2022-07-29,-0.03796621007303713,0.0
"Baby, Feminine & Family Care | organic_volume_growth | PCENDC96",2025-12-31,Two months,2026-01-22,2022-09-30,2022-10-19,-0.9742817539066029,-3.0
"Baby, Feminine & Family Care | organic_volume_growth | PCENDC96",2025-12-31,Two months,2026-01-22,2022-12-31,2023-01-19,-1.708333333333334,-6.0
"Baby, Feminine & Family Care | organic_volume_growth | PCENDC96",2025-12-31,Two months,2026-01-22,2023-03-31,2023-04-21,-0.5138355726167609,-4.0
"Baby, Feminine & Family Care | organic_volume_growth | PCENDC96",2025-12-31,Two months,2026-01-22,2023-06-30,2023-07-28,-0.38380425982749156,0.0
"Baby, Feminine & Family Care | organic_volume_growth | PCENDC96",2025-12-31,Two months,2026-01-22,2023-09-30,2023-10-18,1.1893013232362026,-3.0
"Baby, Feminine & Family Care | organic_volume_growth | PCENDC96",2025-12-31,Two months,2026-01-22,2023-12-31,2024-01-23,2.2255192878338326,-2.0
"Baby, Feminine & Family Care | organic_volume_growth | PCENDC96",2025-12-31,Two months,2026-01-22,2024-03-31,2024-04-19,1.3726160091641626,-3.0
"Baby, Feminine & Family Care | organic_volume_growth | PCENDC96",2025-12-31,Two months,2026-01-22,2024-06-30,2024-07-30,2.2805943792830297,-1.0
"Baby, Feminine & Family Care | organic_volume_growth | PCENDC96",2025-12-31,Two months,2026-01-22,2024-09-30,2024-10-18,2.650199536239972,-1.0
"Baby, Feminine & Family Care | organic_volume_growth | PCENDC96",2025-12-31,Two months,2026-01-22,2024-12-31,2025-01-22,2.787239714463441,4.0
"Baby, Feminine & Family Care | organic_volume_growth | PCENDC96",2025-12-31,Two months,2026-01-22,2025-03-31,2025-04-24,3.749851314380881,-2.0
"Baby, Feminine & Family Care | organic_volume_growth | PCENDC96",2025-12-31,Two months,2026-01-22,2025-06-30,2025-07-29,3.2332744751814912,0.0
"Baby, Feminine & Family Care | organic_volume_growth | PCENDC96",2025-12-31,Two months,2026-01-22,2025-09-30,2025-10-24,2.996723091540132,0.0
Beauty | organic_volume_growth | PCENDC96,2025-12-31,Two months,2026-01-22,2021-03-31,2021-04-20,6.575055187637968,2.0
Beauty | organic_volume_growth | PCENDC96,2025-12-31,Two months,2026-01-22,2021-06-30,2021-07-30,14.016061969584781,1.0
Beauty | organic_volume_growth | PCENDC96,2025-12-31,Two months,2026-01-22,2021-09-30,2021-10-19,7.004214906898576,0.0
Beauty | organic_volume_growth | PCENDC96,2025-12-31,Two months,2026-01-22,2021-12-31,2022-01-19,7.099598376506089,1.0
Beauty | organic_volume_growth | PCENDC96,2025-12-31,Two months,2026-01-22,2022-03-31,2022-04-20,3.598910488105478,-1.0
Beauty | organic_volume_growth | PCENDC96,2025-12-31,Two months,2026-01-22,2022-06-30,2022-07-29,-0.03796621007303713,-2.0
Beauty | organic_volume_growth | PCENDC96,2025-12-31,Two months,2026-01-22,2022-09-30,2022-10-19,-0.9742817539066029,-1.0
Beauty | organic_volume_growth | PCENDC96,2025-12-31,Two months,2026-01-22,2022-12-31,2023-01-19,-1.708333333333334,-4.0
Beauty | organic_volume_growth | PCENDC96,2025-12-31,Two months,2026-01-22,2023-03-31,2023-04-21,-0.5138355726167609,0.0
Beauty | organic_volume_growth | PCENDC96,2025-12-31,Two months,2026-01-22,2023-06-30,2023-07-28,-0.38380425982749156,-1.0
Beauty | organic_volume_growth | PCENDC96,2025-12-31,Two months,2026-01-22,2023-09-30,2023-10-18,1.1893013232362026,0.0
Beauty | organic_volume_growth | PCENDC96,2025-12-31,Two months,2026-01-22,2023-12-31,2024-01-23,2.2255192878338326,-1.0
Beauty | organic_volume_growth | PCENDC96,2025-12-31,Two months,2026-01-22,2024-03-31,2024-04-19,1.3726160091641626,1.0
Beauty | organic_volume_growth | PCENDC96,2025-12-31,Two months,2026-01-22,2024-06-30,2024-07-30,2.2805943792830297,1.0
Beauty | organic_volume_growth | PCENDC96,2025-12-31,Two months,2026-01-22,2024-09-30,2024-10-18,2.650199536239972,0.0
Beauty | organic_volume_growth | PCENDC96,2025-12-31,Two months,2026-01-22,2024-12-31,2025-01-22,2.787239714463441,0.0
Beauty | organic_volume_growth | PCENDC96,2025-12-31,Two months,2026-01-22,2025-03-31,2025-04-24,3.749851314380881,1.0
Beauty | organic_volume_growth | PCENDC96,2025-12-31,Two months,2026-01-22,2025-06-30,2025-07-29,3.2332744751814912,1.0
Beauty | organic_volume_growth | PCENDC96,2025-12-31,Two months,2026-01-22,2025-09-30,2025-10-24,2.996723091540132,4.0
Fabric & Home Care | organic_volume_growth | PCENDC96,2025-12-31,Two months,2026-01-22,2023-12-31,2024-01-23,2.2255192878338326,1.0
Fabric & Home Care | organic_volume_growth | PCENDC96,2025-12-31,Two months,2026-01-22,2024-03-31,2024-04-19,1.3726160091641626,1.0
Fabric & Home Care | organic_volume_growth | PCENDC96,2025-12-31,Two months,2026-01-22,2024-06-30,2024-07-30,2.2805943792830297,3.0
Fabric & Home Care | organic_volume_growth | PCENDC96,2025-12-31,Two months,2026-01-22,2024-09-30,2024-10-18,2.650199536239972,1.0
Fabric & Home Care | organic_volume_growth | PCENDC96,2025-12-31,Two months,2026-01-22,2024-12-31,2025-01-22,2.787239714463441,2.0
Fabric & Home Care | organic_volume_growth | PCENDC96,2025-12-31,Two months,2026-01-22,2025-03-31,2025-04-24,3.749851314380881,0.0
Fabric & Home Care | organic_volume_growth | PCENDC96,2025-12-31,Two months,2026-01-22,2025-06-30,2025-07-29,3.2332744751814912,0.0
Fabric & Home Care | organic_volume_growth | PCENDC96,2025-12-31,Two months,2026-01-22,2025-09-30,2025-10-24,2.996723091540132,-2.0
"Baby, Feminine & Family Care | organic_volume_growth | PCENDC96",2026-03-31,Origin,2026-01-01,2021-03-31,2021-04-20,6.575055187637968,-4.0
"Baby, Feminine & Family Care | organic_volume_growth | PCENDC96",2026-03-31,Origin,2026-01-01,2021-06-30,2021-07-30,14.016061969584781,-3.0
"Baby, Feminine & Family Care | organic_volume_growth | PCENDC96",2026-03-31,Origin,2026-01-01,2021-09-30,2021-10-19,7.004214906898576,1.0
"Baby, Feminine & Family Care | organic_volume_growth | PCENDC96",2026-03-31,Origin,2026-01-01,2021-12-31,2022-01-19,7.099598376506089,1.0
"Baby, Feminine & Family Care | organic_volume_growth | PCENDC96",2026-03-31,Origin,2026-01-01,2022-03-31,2022-04-20,3.598910488105478,2.0
"Baby, Feminine & Family Care | organic_volume_growth | PCENDC96",2026-03-31,Origin,2026-01-01,2022-06-30,2022-07-29,-0.03796621007303713,0.0
"Baby, Feminine & Family Care | organic_volume_growth | PCENDC96",2026-03-31,Origin,2026-01-01,2022-09-30,2022-10-19,-0.9742817539066029,-3.0
"Baby, Feminine & Family Care | organic_volume_growth | PCENDC96",2026-03-31,Origin,2026-01-01,2022-12-31,2023-01-19,-1.708333333333334,-6.0
"Baby, Feminine & Family Care | organic_volume_growth | PCENDC96",2026-03-31,Origin,2026-01-01,2023-03-31,2023-04-21,-0.5138355726167609,-4.0
"Baby, Feminine & Family Care | organic_volume_growth | PCENDC96",2026-03-31,Origin,2026-01-01,2023-06-30,2023-07-28,-0.38380425982749156,0.0
"Baby, Feminine & Family Care | organic_volume_growth | PCENDC96",2026-03-31,Origin,2026-01-01,2023-09-30,2023-10-18,1.1893013232362026,-3.0
"Baby, Feminine & Family Care | organic_volume_growth | PCENDC96",2026-03-31,Origin,2026-01-01,2023-12-31,2024-01-23,2.2255192878338326,-2.0
"Baby, Feminine & Family Care | organic_volume_growth | PCENDC96",2026-03-31,Origin,2026-01-01,2024-03-31,2024-04-19,1.3726160091641626,-3.0
"Baby, Feminine & Family Care | organic_volume_growth | PCENDC96",2026-03-31,Origin,2026-01-01,2024-06-30,2024-07-30,2.2805943792830297,-1.0
"Baby, Feminine & Family Care | organic_volume_growth | PCENDC96",2026-03-31,Origin,2026-01-01,2024-09-30,2024-10-18,2.650199536239972,-1.0
"Baby, Feminine & Family Care | organic_volume_growth | PCENDC96",2026-03-31,Origin,2026-01-01,2024-12-31,2025-01-22,2.787239714463441,4.0
"Baby, Feminine & Family Care | organic_volume_growth | PCENDC96",2026-03-31,Origin,2026-01-01,2025-03-31,2025-04-24,3.749851314380881,-2.0
"Baby, Feminine & Family Care | organic_volume_growth | PCENDC96",2026-03-31,Origin,2026-01-01,2025-06-30,2025-07-29,3.2332744751814912,0.0
"Baby, Feminine & Family Care | organic_volume_growth | PCENDC96",2026-03-31,Origin,2026-01-01,2025-09-30,2025-10-24,3.0141740833381725,0.0
Beauty | organic_volume_growth | PCENDC96,2026-03-31,Origin,2026-01-01,2021-03-31,2021-04-20,6.575055187637968,2.0
Beauty | organic_volume_growth | PCENDC96,2026-03-31,Origin,2026-01-01,2021-06-30,2021-07-30,14.016061969584781,1.0
Beauty | organic_volume_growth | PCENDC96,2026-03-31,Origin,2026-01-01,2021-09-30,2021-10-19,7.004214906898576,0.0
Beauty | organic_volume_growth | PCENDC96,2026-03-31,Origin,2026-01-01,2021-12-31,2022-01-19,7.099598376506089,1.0
Beauty | organic_volume_growth | PCENDC96,2026-03-31,Origin,2026-01-01,2022-03-31,2022-04-20,3.598910488105478,-1.0
Beauty | organic_volume_growth | PCENDC96,2026-03-31,Origin,2026-01-01,2022-06-30,2022-07-29,-0.03796621007303713,-2.0
Beauty | organic_volume_growth | PCENDC96,2026-03-31,Origin,2026-01-01,2022-09-30,2022-10-19,-0.9742817539066029,-1.0
Beauty | organic_volume_growth | PCENDC96,2026-03-31,Origin,2026-01-01,2022-12-31,2023-01-19,-1.708333333333334,-4.0
Beauty | organic_volume_growth | PCENDC96,2026-03-31,Origin,2026-01-01,2023-03-31,2023-04-21,-0.5138355726167609,0.0
Beauty | organic_volume_growth | PCENDC96,2026-03-31,Origin,2026-01-01,2023-06-30,2023-07-28,-0.38380425982749156,-1.0
Beauty | organic_volume_growth | PCENDC96,2026-03-31,Origin,2026-01-01,2023-09-30,2023-10-18,1.1893013232362026,0.0
Beauty | organic_volume_growth | PCENDC96,2026-03-31,Origin,2026-01-01,2023-12-31,2024-01-23,2.2255192878338326,-1.0
Beauty | organic_volume_growth | PCENDC96,2026-03-31,Origin,2026-01-01,2024-03-31,2024-04-19,1.3726160091641626,1.0
Beauty | organic_volume_growth | PCENDC96,2026-03-31,Origin,2026-01-01,2024-06-30,2024-07-30,2.2805943792830297,1.0
Beauty | organic_volume_growth | PCENDC96,2026-03-31,Origin,2026-01-01,2024-09-30,2024-10-18,2.650199536239972,0.0
Beauty | organic_volume_growth | PCENDC96,2026-03-31,Origin,2026-01-01,2024-12-31,2025-01-22,2.787239714463441,0.0
Beauty | organic_volume_growth | PCENDC96,2026-03-31,Origin,2026-01-01,2025-03-31,2025-04-24,3.749851314380881,1.0
Beauty | organic_volume_growth | PCENDC96,2026-03-31,Origin,2026-01-01,2025-06-30,2025-07-29,3.2332744751814912,1.0
Beauty | organic_volume_growth | PCENDC96,2026-03-31,Origin,2026-01-01,2025-09-30,2025-10-24,3.0141740833381725,4.0
Fabric & Home Care | organic_volume_growth | PCENDC96,2026-03-31,Origin,2026-01-01,2023-12-31,2024-01-23,2.2255192878338326,1.0
Fabric & Home Care | organic_volume_growth | PCENDC96,2026-03-31,Origin,2026-01-01,2024-03-31,2024-04-19,1.3726160091641626,1.0
Fabric & Home Care | organic_volume_growth | PCENDC96,2026-03-31,Origin,2026-01-01,2024-06-30,2024-07-30,2.2805943792830297,3.0
Fabric & Home Care | organic_volume_growth | PCENDC96,2026-03-31,Origin,2026-01-01,2024-09-30,2024-10-18,2.650199536239972,1.0
Fabric & Home Care | organic_volume_growth | PCENDC96,2026-03-31,Origin,2026-01-01,2024-12-31,2025-01-22,2.787239714463441,2.0
Fabric & Home Care | organic_volume_growth | PCENDC96,2026-03-31,Origin,2026-01-01,2025-03-31,2025-04-24,3.749851314380881,0.0
Fabric & Home Care | organic_volume_growth | PCENDC96,2026-03-31,Origin,2026-01-01,2025-06-30,2025-07-29,3.2332744751814912,0.0
Fabric & Home Care | organic_volume_growth | PCENDC96,2026-03-31,Origin,2026-01-01,2025-09-30,2025-10-24,3.0141740833381725,-2.0
"Baby, Feminine & Family Care | organic_volume_growth | PCENDC96",2026-03-31,One month,2026-03-13,2022-03-31,2022-04-20,3.598910488105478,2.0
"Baby, Feminine & Family Care | organic_volume_growth | PCENDC96",2026-03-31,One month,2026-03-13,2022-06-30,2022-07-29,-0.03796621007303713,0.0
"Baby, Feminine & Family Care | organic_volume_growth | PCENDC96",2026-03-31,One month,2026-03-13,2022-09-30,2022-10-19,-0.9742817539066029,-3.0
"Baby, Feminine & Family Care | organic_volume_growth | PCENDC96",2026-03-31,One month,2026-03-13,2022-12-31,2023-01-19,-1.708333333333334,-6.0
"Baby, Feminine & Family Care | organic_volume_growth | PCENDC96",2026-03-31,One month,2026-03-13,2023-03-31,2023-04-21,-0.5138355726167609,-4.0
"Baby, Feminine & Family Care | organic_volume_growth | PCENDC96",2026-03-31,One month,2026-03-13,2023-06-30,2023-07-28,-0.38380425982749156,0.0
"Baby, Feminine & Family Care | organic_volume_growth | PCENDC96",2026-03-31,One month,2026-03-13,2023-09-30,2023-10-18,1.1893013232362026,-3.0
"Baby, Feminine & Family Care | organic_volume_growth | PCENDC96",2026-03-31,One month,2026-03-13,2023-12-31,2024-01-23,2.2255192878338326,-2.0
"Baby, Feminine & Family Care | organic_volume_growth | PCENDC96",2026-03-31,One month,2026-03-13,2024-03-31,2024-04-19,1.3726160091641626,-3.0
"Baby, Feminine & Family Care | organic_volume_growth | PCENDC96",2026-03-31,One month,2026-03-13,2024-06-30,2024-07-30,2.2805943792830297,-1.0
"Baby, Feminine & Family Care | organic_volume_growth | PCENDC96",2026-03-31,One month,2026-03-13,2024-09-30,2024-10-18,2.650199536239972,-1.0
"Baby, Feminine & Family Care | organic_volume_growth | PCENDC96",2026-03-31,One month,2026-03-13,2024-12-31,2025-01-22,2.787239714463441,4.0
"Baby, Feminine & Family Care | organic_volume_growth | PCENDC96",2026-03-31,One month,2026-03-13,2025-03-31,2025-04-24,3.749851314380881,-2.0
"Baby, Feminine & Family Care | organic_volume_growth | PCENDC96",2026-03-31,One month,2026-03-13,2025-06-30,2025-07-29,3.2332744751814912,0.0
"Baby, Feminine & Family Care | organic_volume_growth | PCENDC96",2026-03-31,One month,2026-03-13,2025-09-30,2025-10-24,2.996723091540132,0.0
"Baby, Feminine & Family Care | organic_volume_growth | PCENDC96",2026-03-31,One month,2026-03-13,2025-12-31,2026-01-23,2.188154381111551,-5.0
Beauty | organic_volume_growth | PCENDC96,2026-03-31,One month,2026-03-13,2022-03-31,2022-04-20,3.598910488105478,-1.0
Beauty | organic_volume_growth | PCENDC96,2026-03-31,One month,2026-03-13,2022-06-30,2022-07-29,-0.03796621007303713,-2.0
Beauty | organic_volume_growth | PCENDC96,2026-03-31,One month,2026-03-13,2022-09-30,2022-10-19,-0.9742817539066029,-1.0
Beauty | organic_volume_growth | PCENDC96,2026-03-31,One month,2026-03-13,2022-12-31,2023-01-19,-1.708333333333334,-4.0
Beauty | organic_volume_growth | PCENDC96,2026-03-31,One month,2026-03-13,2023-03-31,2023-04-21,-0.5138355726167609,0.0
Beauty | organic_volume_growth | PCENDC96,2026-03-31,One month,2026-03-13,2023-06-30,2023-07-28,-0.38380425982749156,-1.0
Beauty | organic_volume_growth | PCENDC96,2026-03-31,One month,2026-03-13,2023-09-30,2023-10-18,1.1893013232362026,0.0
Beauty | organic_volume_growth | PCENDC96,2026-03-31,One month,2026-03-13,2023-12-31,2024-01-23,2.2255192878338326,-1.0
Beauty | organic_volume_growth | PCENDC96,2026-03-31,One month,2026-03-13,2024-03-31,2024-04-19,1.3726160091641626,1.0
Beauty | organic_volume_growth | PCENDC96,2026-03-31,One month,2026-03-13,2024-06-30,2024-07-30,2.2805943792830297,1.0
Beauty | organic_volume_growth | PCENDC96,2026-03-31,One month,2026-03-13,2024-09-30,2024-10-18,2.650199536239972,0.0
Beauty | organic_volume_growth | PCENDC96,2026-03-31,One month,2026-03-13,2024-12-31,2025-01-22,2.787239714463441,0.0
Beauty | organic_volume_growth | PCENDC96,2026-03-31,One month,2026-03-13,2025-03-31,2025-04-24,3.749851314380881,1.0
Beauty | organic_volume_growth | PCENDC96,2026-03-31,One month,2026-03-13,2025-06-30,2025-07-29,3.2332744751814912,1.0
Beauty | organic_volume_growth | PCENDC96,2026-03-31,One month,2026-03-13,2025-09-30,2025-10-24,2.996723091540132,4.0
Beauty | organic_volume_growth | PCENDC96,2026-03-31,One month,2026-03-13,2025-12-31,2026-01-23,2.188154381111551,3.0
Fabric & Home Care | organic_volume_growth | PCENDC96,2026-03-31,One month,2026-03-13,2024-03-31,2024-04-19,1.3726160091641626,1.0
Fabric & Home Care | organic_volume_growth | PCENDC96,2026-03-31,One month,2026-03-13,2024-06-30,2024-07-30,2.2805943792830297,3.0
Fabric & Home Care | organic_volume_growth | PCENDC96,2026-03-31,One month,2026-03-13,2024-09-30,2024-10-18,2.650199536239972,1.0
Fabric & Home Care | organic_volume_growth | PCENDC96,2026-03-31,One month,2026-03-13,2024-12-31,2025-01-22,2.787239714463441,2.0
Fabric & Home Care | organic_volume_growth | PCENDC96,2026-03-31,One month,2026-03-13,2025-03-31,2025-04-24,3.749851314380881,0.0
Fabric & Home Care | organic_volume_growth | PCENDC96,2026-03-31,One month,2026-03-13,2025-06-30,2025-07-29,3.2332744751814912,0.0
Fabric & Home Care | organic_volume_growth | PCENDC96,2026-03-31,One month,2026-03-13,2025-09-30,2025-10-24,2.996723091540132,-2.0
Fabric & Home Care | organic_volume_growth | PCENDC96,2026-03-31,One month,2026-03-13,2025-12-31,2026-01-23,2.188154381111551,0.0
"Baby, Feminine & Family Care | organic_volume_growth | PCENDC96",2026-03-31,Two months,2026-04-09,2022-03-31,2022-04-20,3.598910488105478,2.0
"Baby, Feminine & Family Care | organic_volume_growth | PCENDC96",2026-03-31,Two months,2026-04-09,2022-06-30,2022-07-29,-0.03796621007303713,0.0
"Baby, Feminine & Family Care | organic_volume_growth | PCENDC96",2026-03-31,Two months,2026-04-09,2022-09-30,2022-10-19,-0.9742817539066029,-3.0
"Baby, Feminine & Family Care | organic_volume_growth | PCENDC96",2026-03-31,Two months,2026-04-09,2022-12-31,2023-01-19,-1.708333333333334,-6.0
"Baby, Feminine & Family Care | organic_volume_growth | PCENDC96",2026-03-31,Two months,2026-04-09,2023-03-31,2023-04-21,-0.5138355726167609,-4.0
"Baby, Feminine & Family Care | organic_volume_growth | PCENDC96",2026-03-31,Two months,2026-04-09,2023-06-30,2023-07-28,-0.38380425982749156,0.0
"Baby, Feminine & Family Care | organic_volume_growth | PCENDC96",2026-03-31,Two months,2026-04-09,2023-09-30,2023-10-18,1.1893013232362026,-3.0
"Baby, Feminine & Family Care | organic_volume_growth | PCENDC96",2026-03-31,Two months,2026-04-09,2023-12-31,2024-01-23,2.2255192878338326,-2.0
"Baby, Feminine & Family Care | organic_volume_growth | PCENDC96",2026-03-31,Two months,2026-04-09,2024-03-31,2024-04-19,1.3726160091641626,-3.0
"Baby, Feminine & Family Care | organic_volume_growth | PCENDC96",2026-03-31,Two months,2026-04-09,2024-06-30,2024-07-30,2.2805943792830297,-1.0
"Baby, Feminine & Family Care | organic_volume_growth | PCENDC96",2026-03-31,Two months,2026-04-09,2024-09-30,2024-10-18,2.650199536239972,-1.0
"Baby, Feminine & Family Care | organic_volume_growth | PCENDC96",2026-03-31,Two months,2026-04-09,2024-12-31,2025-01-22,2.787239714463441,4.0
"Baby, Feminine & Family Care | organic_volume_growth | PCENDC96",2026-03-31,Two months,2026-04-09,2025-03-31,2025-04-24,3.749851314380881,-2.0
"Baby, Feminine & Family Care | organic_volume_growth | PCENDC96",2026-03-31,Two months,2026-04-09,2025-06-30,2025-07-29,3.2332744751814912,0.0
"Baby, Feminine & Family Care | organic_volume_growth | PCENDC96",2026-03-31,Two months,2026-04-09,2025-09-30,2025-10-24,2.996723091540132,0.0
"Baby, Feminine & Family Care | organic_volume_growth | PCENDC96",2026-03-31,Two months,2026-04-09,2025-12-31,2026-01-23,2.1478108850594646,-5.0
Beauty | organic_volume_growth | PCENDC96,2026-03-31,Two months,2026-04-09,2022-03-31,2022-04-20,3.598910488105478,-1.0
Beauty | organic_volume_growth | PCENDC96,2026-03-31,Two months,2026-04-09,2022-06-30,2022-07-29,-0.03796621007303713,-2.0
Beauty | organic_volume_growth | PCENDC96,2026-03-31,Two months,2026-04-09,2022-09-30,2022-10-19,-0.9742817539066029,-1.0
Beauty | organic_volume_growth | PCENDC96,2026-03-31,Two months,2026-04-09,2022-12-31,2023-01-19,-1.708333333333334,-4.0
Beauty | organic_volume_growth | PCENDC96,2026-03-31,Two months,2026-04-09,2023-03-31,2023-04-21,-0.5138355726167609,0.0
Beauty | organic_volume_growth | PCENDC96,2026-03-31,Two months,2026-04-09,2023-06-30,2023-07-28,-0.38380425982749156,-1.0
Beauty | organic_volume_growth | PCENDC96,2026-03-31,Two months,2026-04-09,2023-09-30,2023-10-18,1.1893013232362026,0.0
Beauty | organic_volume_growth | PCENDC96,2026-03-31,Two months,2026-04-09,2023-12-31,2024-01-23,2.2255192878338326,-1.0
Beauty | organic_volume_growth | PCENDC96,2026-03-31,Two months,2026-04-09,2024-03-31,2024-04-19,1.3726160091641626,1.0
Beauty | organic_volume_growth | PCENDC96,2026-03-31,Two months,2026-04-09,2024-06-30,2024-07-30,2.2805943792830297,1.0
Beauty | organic_volume_growth | PCENDC96,2026-03-31,Two months,2026-04-09,2024-09-30,2024-10-18,2.650199536239972,0.0
Beauty | organic_volume_growth | PCENDC96,2026-03-31,Two months,2026-04-09,2024-12-31,2025-01-22,2.787239714463441,0.0
Beauty | organic_volume_growth | PCENDC96,2026-03-31,Two months,2026-04-09,2025-03-31,2025-04-24,3.749851314380881,1.0
Beauty | organic_volume_growth | PCENDC96,2026-03-31,Two months,2026-04-09,2025-06-30,2025-07-29,3.2332744751814912,1.0
Beauty | organic_volume_growth | PCENDC96,2026-03-31,Two months,2026-04-09,2025-09-30,2025-10-24,2.996723091540132,4.0
Beauty | organic_volume_growth | PCENDC96,2026-03-31,Two months,2026-04-09,2025-12-31,2026-01-23,2.1478108850594646,3.0
Fabric & Home Care | organic_volume_growth | PCENDC96,2026-03-31,Two months,2026-04-09,2024-03-31,2024-04-19,1.3726160091641626,1.0
Fabric & Home Care | organic_volume_growth | PCENDC96,2026-03-31,Two months,2026-04-09,2024-06-30,2024-07-30,2.2805943792830297,3.0
Fabric & Home Care | organic_volume_growth | PCENDC96,2026-03-31,Two months,2026-04-09,2024-09-30,2024-10-18,2.650199536239972,1.0
Fabric & Home Care | organic_volume_growth | PCENDC96,2026-03-31,Two months,2026-04-09,2024-12-31,2025-01-22,2.787239714463441,2.0
Fabric & Home Care | organic_volume_growth | PCENDC96,2026-03-31,Two months,2026-04-09,2025-03-31,2025-04-24,3.749851314380881,0.0
Fabric & Home Care | organic_volume_growth | PCENDC96,2026-03-31,Two months,2026-04-09,2025-06-30,2025-07-29,3.2332744751814912,0.0
Fabric & Home Care | organic_volume_growth | PCENDC96,2026-03-31,Two months,2026-04-09,2025-09-30,2025-10-24,2.996723091540132,-2.0
Fabric & Home Care | organic_volume_growth | PCENDC96,2026-03-31,Two months,2026-04-09,2025-12-31,2026-01-23,2.1478108850594646,0.0
"Baby, Feminine & Family Care | organic_volume_growth | PCENDC96",2026-03-31,Pre-earnings,2026-04-23,2021-03-31,2021-04-20,6.575055187637968,-4.0
"Baby, Feminine & Family Care | organic_volume_growth | PCENDC96",2026-03-31,Pre-earnings,2026-04-23,2021-06-30,2021-07-30,14.016061969584781,-3.0
"Baby, Feminine & Family Care | organic_volume_growth | PCENDC96",2026-03-31,Pre-earnings,2026-04-23,2021-09-30,2021-10-19,7.004214906898576,1.0
"Baby, Feminine & Family Care | organic_volume_growth | PCENDC96",2026-03-31,Pre-earnings,2026-04-23,2021-12-31,2022-01-19,7.099598376506089,1.0
"Baby, Feminine & Family Care | organic_volume_growth | PCENDC96",2026-03-31,Pre-earnings,2026-04-23,2022-03-31,2022-04-20,3.598910488105478,2.0
"Baby, Feminine & Family Care | organic_volume_growth | PCENDC96",2026-03-31,Pre-earnings,2026-04-23,2022-06-30,2022-07-29,-0.03796621007303713,0.0
"Baby, Feminine & Family Care | organic_volume_growth | PCENDC96",2026-03-31,Pre-earnings,2026-04-23,2022-09-30,2022-10-19,-0.9742817539066029,-3.0
"Baby, Feminine & Family Care | organic_volume_growth | PCENDC96",2026-03-31,Pre-earnings,2026-04-23,2022-12-31,2023-01-19,-1.708333333333334,-6.0
"Baby, Feminine & Family Care | organic_volume_growth | PCENDC96",2026-03-31,Pre-earnings,2026-04-23,2023-03-31,2023-04-21,-0.5138355726167609,-4.0
"Baby, Feminine & Family Care | organic_volume_growth | PCENDC96",2026-03-31,Pre-earnings,2026-04-23,2023-06-30,2023-07-28,-0.38380425982749156,0.0
"Baby, Feminine & Family Care | organic_volume_growth | PCENDC96",2026-03-31,Pre-earnings,2026-04-23,2023-09-30,2023-10-18,1.1893013232362026,-3.0
"Baby, Feminine & Family Care | organic_volume_growth | PCENDC96",2026-03-31,Pre-earnings,2026-04-23,2023-12-31,2024-01-23,2.2255192878338326,-2.0
"Baby, Feminine & Family Care | organic_volume_growth | PCENDC96",2026-03-31,Pre-earnings,2026-04-23,2024-03-31,2024-04-19,1.3726160091641626,-3.0
"Baby, Feminine & Family Care | organic_volume_growth | PCENDC96",2026-03-31,Pre-earnings,2026-04-23,2024-06-30,2024-07-30,2.2805943792830297,-1.0
"Baby, Feminine & Family Care | organic_volume_growth | PCENDC96",2026-03-31,Pre-earnings,2026-04-23,2024-09-30,2024-10-18,2.650199536239972,-1.0
"Baby, Feminine & Family Care | organic_volume_growth | PCENDC96",2026-03-31,Pre-earnings,2026-04-23,2024-12-31,2025-01-22,2.787239714463441,4.0
"Baby, Feminine & Family Care | organic_volume_growth | PCENDC96",2026-03-31,Pre-earnings,2026-04-23,2025-03-31,2025-04-24,3.749851314380881,-2.0
"Baby, Feminine & Family Care | organic_volume_growth | PCENDC96",2026-03-31,Pre-earnings,2026-04-23,2025-06-30,2025-07-29,3.2332744751814912,0.0
"Baby, Feminine & Family Care | organic_volume_growth | PCENDC96",2026-03-31,Pre-earnings,2026-04-23,2025-09-30,2025-10-24,2.996723091540132,0.0
"Baby, Feminine & Family Care | organic_volume_growth | PCENDC96",2026-03-31,Pre-earnings,2026-04-23,2025-12-31,2026-01-23,2.1478108850594646,-5.0
Beauty | organic_volume_growth | PCENDC96,2026-03-31,Pre-earnings,2026-04-23,2021-03-31,2021-04-20,6.575055187637968,2.0
Beauty | organic_volume_growth | PCENDC96,2026-03-31,Pre-earnings,2026-04-23,2021-06-30,2021-07-30,14.016061969584781,1.0
Beauty | organic_volume_growth | PCENDC96,2026-03-31,Pre-earnings,2026-04-23,2021-09-30,2021-10-19,7.004214906898576,0.0
Beauty | organic_volume_growth | PCENDC96,2026-03-31,Pre-earnings,2026-04-23,2021-12-31,2022-01-19,7.099598376506089,1.0
Beauty | organic_volume_growth | PCENDC96,2026-03-31,Pre-earnings,2026-04-23,2022-03-31,2022-04-20,3.598910488105478,-1.0
Beauty | organic_volume_growth | PCENDC96,2026-03-31,Pre-earnings,2026-04-23,2022-06-30,2022-07-29,-0.03796621007303713,-2.0
Beauty | organic_volume_growth | PCENDC96,2026-03-31,Pre-earnings,2026-04-23,2022-09-30,2022-10-19,-0.9742817539066029,-1.0
Beauty | organic_volume_growth | PCENDC96,2026-03-31,Pre-earnings,2026-04-23,2022-12-31,2023-01-19,-1.708333333333334,-4.0
Beauty | organic_volume_growth | PCENDC96,2026-03-31,Pre-earnings,2026-04-23,2023-03-31,2023-04-21,-0.5138355726167609,0.0
Beauty | organic_volume_growth | PCENDC96,2026-03-31,Pre-earnings,2026-04-23,2023-06-30,2023-07-28,-0.38380425982749156,-1.0
Beauty | organic_volume_growth | PCENDC96,2026-03-31,Pre-earnings,2026-04-23,2023-09-30,2023-10-18,1.1893013232362026,0.0
Beauty | organic_volume_growth | PCENDC96,2026-03-31,Pre-earnings,2026-04-23,2023-12-31,2024-01-23,2.2255192878338326,-1.0
Beauty | organic_volume_growth | PCENDC96,2026-03-31,Pre-earnings,2026-04-23,2024-03-31,2024-04-19,1.3726160091641626,1.0
Beauty | organic_volume_growth | PCENDC96,2026-03-31,Pre-earnings,2026-04-23,2024-06-30,2024-07-30,2.2805943792830297,1.0
Beauty | organic_volume_growth | PCENDC96,2026-03-31,Pre-earnings,2026-04-23,2024-09-30,2024-10-18,2.650199536239972,0.0
Beauty | organic_volume_growth | PCENDC96,2026-03-31,Pre-earnings,2026-04-23,2024-12-31,2025-01-22,2.787239714463441,0.0
Beauty | organic_volume_growth | PCENDC96,2026-03-31,Pre-earnings,2026-04-23,2025-03-31,2025-04-24,3.749851314380881,1.0
Beauty | organic_volume_growth | PCENDC96,2026-03-31,Pre-earnings,2026-04-23,2025-06-30,2025-07-29,3.2332744751814912,1.0
Beauty | organic_volume_growth | PCENDC96,2026-03-31,Pre-earnings,2026-04-23,2025-09-30,2025-10-24,2.996723091540132,4.0
Beauty | organic_volume_growth | PCENDC96,2026-03-31,Pre-earnings,2026-04-23,2025-12-31,2026-01-23,2.1478108850594646,3.0
Fabric & Home Care | organic_volume_growth | PCENDC96,2026-03-31,Pre-earnings,2026-04-23,2024-03-31,2024-04-19,1.3726160091641626,1.0
Fabric & Home Care | organic_volume_growth | PCENDC96,2026-03-31,Pre-earnings,2026-04-23,2024-06-30,2024-07-30,2.2805943792830297,3.0
Fabric & Home Care | organic_volume_growth | PCENDC96,2026-03-31,Pre-earnings,2026-04-23,2024-09-30,2024-10-18,2.650199536239972,1.0
Fabric & Home Care | organic_volume_growth | PCENDC96,2026-03-31,Pre-earnings,2026-04-23,2024-12-31,2025-01-22,2.787239714463441,2.0
Fabric & Home Care | organic_volume_growth | PCENDC96,2026-03-31,Pre-earnings,2026-04-23,2025-03-31,2025-04-24,3.749851314380881,0.0
Fabric & Home Care | organic_volume_growth | PCENDC96,2026-03-31,Pre-earnings,2026-04-23,2025-06-30,2025-07-29,3.2332744751814912,0.0
Fabric & Home Care | organic_volume_growth | PCENDC96,2026-03-31,Pre-earnings,2026-04-23,2025-09-30,2025-10-24,2.996723091540132,-2.0
Fabric & Home Care | organic_volume_growth | PCENDC96,2026-03-31,Pre-earnings,2026-04-23,2025-12-31,2026-01-23,2.1478108850594646,0.0
Beauty | organic_sales_growth | RSHPCS,2024-09-30,Origin,2024-07-01,2021-03-31,2021-04-20,3.005664778407202,7.0
Beauty | organic_sales_growth | RSHPCS,2024-09-30,Origin,2024-07-01,2021-06-30,2021-07-30,18.191342909006746,6.0
Beauty | organic_sales_growth | RSHPCS,2024-09-30,Origin,2024-07-01,2021-09-30,2021-10-19,8.153142253799949,2.0
Beauty | organic_sales_growth | RSHPCS,2024-09-30,Origin,2024-07-01,2021-12-31,2022-01-19,8.559494342291373,2.0
Beauty | organic_sales_growth | RSHPCS,2024-09-30,Origin,2024-07-01,2022-03-31,2022-04-20,6.686723602484479,3.0
Beauty | organic_sales_growth | RSHPCS,2024-09-30,Origin,2024-07-01,2022-06-30,2022-07-29,3.3005205380611136,0.0
Beauty | organic_sales_growth | RSHPCS,2024-09-30,Origin,2024-07-01,2022-09-30,2022-10-19,3.7534957034626615,4.0
Beauty | organic_sales_growth | RSHPCS,2024-09-30,Origin,2024-07-01,2022-12-31,2023-01-19,3.85374890576331,3.0
Beauty | organic_sales_growth | RSHPCS,2024-09-30,Origin,2024-07-01,2023-03-31,2023-04-21,7.407744322144394,7.0
Beauty | organic_sales_growth | RSHPCS,2024-09-30,Origin,2024-07-01,2023-06-30,2023-07-28,8.518514822834454,11.0
Beauty | organic_sales_growth | RSHPCS,2024-09-30,Origin,2024-07-01,2023-09-30,2023-10-18,7.241291435516439,5.0
Beauty | organic_sales_growth | RSHPCS,2024-09-30,Origin,2024-07-01,2023-12-31,2024-01-23,9.637550476339829,1.0
Beauty | organic_sales_growth | RSHPCS,2024-09-30,Origin,2024-07-01,2024-03-31,2024-04-19,2.1559106393390204,3.0
Beauty | organic_sales_growth | RSHPCS,2024-09-30,One month,2024-08-15,2022-03-31,2022-04-20,6.686723602484479,3.0
Beauty | organic_sales_growth | RSHPCS,2024-09-30,One month,2024-08-15,2022-06-30,2022-07-29,3.3005205380611136,0.0
Beauty | organic_sales_growth | RSHPCS,2024-09-30,One month,2024-08-15,2022-09-30,2022-10-19,3.7534957034626615,4.0
Beauty | organic_sales_growth | RSHPCS,2024-09-30,One month,2024-08-15,2022-12-31,2023-01-19,3.85374890576331,3.0
Beauty | organic_sales_growth | RSHPCS,2024-09-30,One month,2024-08-15,2023-03-31,2023-04-21,7.407744322144394,7.0
Beauty | organic_sales_growth | RSHPCS,2024-09-30,One month,2024-08-15,2023-06-30,2023-07-28,8.591356755839819,11.0
Beauty | organic_sales_growth | RSHPCS,2024-09-30,One month,2024-08-15,2023-09-30,2023-10-18,7.131515496050023,5.0
Beauty | organic_sales_growth | RSHPCS,2024-09-30,One month,2024-08-15,2023-12-31,2024-01-23,9.637550476339829,1.0
Beauty | organic_sales_growth | RSHPCS,2024-09-30,One month,2024-08-15,2024-03-31,2024-04-19,2.1559106393390204,3.0
Beauty | organic_sales_growth | RSHPCS,2024-09-30,One month,2024-08-15,2024-06-30,2024-07-30,0.7130583403015756,3.0
Beauty | organic_sales_growth | RSHPCS,2024-09-30,Two months,2024-09-17,2022-03-31,2022-04-20,6.686723602484479,3.0
Beauty | organic_sales_growth | RSHPCS,2024-09-30,Two months,2024-09-17,2022-06-30,2022-07-29,3.3005205380611136,0.0
Beauty | organic_sales_growth | RSHPCS,2024-09-30,Two months,2024-09-17,2022-09-30,2022-10-19,3.7534957034626615,4.0
Beauty | organic_sales_growth | RSHPCS,2024-09-30,Two months,2024-09-17,2022-12-31,2023-01-19,3.85374890576331,3.0
Beauty | organic_sales_growth | RSHPCS,2024-09-30,Two months,2024-09-17,2023-03-31,2023-04-21,7.407744322144394,7.0
Beauty | organic_sales_growth | RSHPCS,2024-09-30,Two months,2024-09-17,2023-06-30,2023-07-28,8.591356755839819,11.0
Beauty | organic_sales_growth | RSHPCS,2024-09-30,Two months,2024-09-17,2023-09-30,2023-10-18,6.953129594417118,5.0
Beauty | organic_sales_growth | RSHPCS,2024-09-30,Two months,2024-09-17,2023-12-31,2024-01-23,9.637550476339829,1.0
Beauty | organic_sales_growth | RSHPCS,2024-09-30,Two months,2024-09-17,2024-03-31,2024-04-19,2.1559106393390204,3.0
Beauty | organic_sales_growth | RSHPCS,2024-09-30,Two months,2024-09-17,2024-06-30,2024-07-30,0.7994339639979087,3.0
Beauty | organic_sales_growth | RSHPCS,2024-09-30,Pre-earnings,2024-10-17,2021-03-31,2021-04-20,3.005664778407202,7.0
Beauty | organic_sales_growth | RSHPCS,2024-09-30,Pre-earnings,2024-10-17,2021-06-30,2021-07-30,18.191342909006746,6.0
Beauty | organic_sales_growth | RSHPCS,2024-09-30,Pre-earnings,2024-10-17,2021-09-30,2021-10-19,8.153142253799949,2.0
Beauty | organic_sales_growth | RSHPCS,2024-09-30,Pre-earnings,2024-10-17,2021-12-31,2022-01-19,8.559494342291373,2.0
Beauty | organic_sales_growth | RSHPCS,2024-09-30,Pre-earnings,2024-10-17,2022-03-31,2022-04-20,6.686723602484479,3.0
Beauty | organic_sales_growth | RSHPCS,2024-09-30,Pre-earnings,2024-10-17,2022-06-30,2022-07-29,3.3005205380611136,0.0
Beauty | organic_sales_growth | RSHPCS,2024-09-30,Pre-earnings,2024-10-17,2022-09-30,2022-10-19,3.7534957034626615,4.0
Beauty | organic_sales_growth | RSHPCS,2024-09-30,Pre-earnings,2024-10-17,2022-12-31,2023-01-19,3.85374890576331,3.0
Beauty | organic_sales_growth | RSHPCS,2024-09-30,Pre-earnings,2024-10-17,2023-03-31,2023-04-21,7.407744322144394,7.0
Beauty | organic_sales_growth | RSHPCS,2024-09-30,Pre-earnings,2024-10-17,2023-06-30,2023-07-28,8.591356755839819,11.0
Beauty | organic_sales_growth | RSHPCS,2024-09-30,Pre-earnings,2024-10-17,2023-09-30,2023-10-18,6.840413228000708,5.0
Beauty | organic_sales_growth | RSHPCS,2024-09-30,Pre-earnings,2024-10-17,2023-12-31,2024-01-23,9.637550476339829,1.0
Beauty | organic_sales_growth | RSHPCS,2024-09-30,Pre-earnings,2024-10-17,2024-03-31,2024-04-19,2.1559106393390204,3.0
Beauty | organic_sales_growth | RSHPCS,2024-09-30,Pre-earnings,2024-10-17,2024-06-30,2024-07-30,0.7994339639979087,3.0
Beauty | organic_sales_growth | RSHPCS,2024-12-31,Origin,2024-10-01,2021-03-31,2021-04-20,3.005664778407202,7.0
Beauty | organic_sales_growth | RSHPCS,2024-12-31,Origin,2024-10-01,2021-06-30,2021-07-30,18.191342909006746,6.0
Beauty | organic_sales_growth | RSHPCS,2024-12-31,Origin,2024-10-01,2021-09-30,2021-10-19,8.153142253799949,2.0
Beauty | organic_sales_growth | RSHPCS,2024-12-31,Origin,2024-10-01,2021-12-31,2022-01-19,8.559494342291373,2.0
Beauty | organic_sales_growth | RSHPCS,2024-12-31,Origin,2024-10-01,2022-03-31,2022-04-20,6.686723602484479,3.0
Beauty | organic_sales_growth | RSHPCS,2024-12-31,Origin,2024-10-01,2022-06-30,2022-07-29,3.3005205380611136,0.0
Beauty | organic_sales_growth | RSHPCS,2024-12-31,Origin,2024-10-01,2022-09-30,2022-10-19,3.7534957034626615,4.0
Beauty | organic_sales_growth | RSHPCS,2024-12-31,Origin,2024-10-01,2022-12-31,2023-01-19,3.85374890576331,3.0
Beauty | organic_sales_growth | RSHPCS,2024-12-31,Origin,2024-10-01,2023-03-31,2023-04-21,7.407744322144394,7.0
Beauty | organic_sales_growth | RSHPCS,2024-12-31,Origin,2024-10-01,2023-06-30,2023-07-28,8.591356755839819,11.0
Beauty | organic_sales_growth | RSHPCS,2024-12-31,Origin,2024-10-01,2023-09-30,2023-10-18,6.953129594417118,5.0
Beauty | organic_sales_growth | RSHPCS,2024-12-31,Origin,2024-10-01,2023-12-31,2024-01-23,9.637550476339829,1.0
Beauty | organic_sales_growth | RSHPCS,2024-12-31,Origin,2024-10-01,2024-03-31,2024-04-19,2.1559106393390204,3.0
Beauty | organic_sales_growth | RSHPCS,2024-12-31,Origin,2024-10-01,2024-06-30,2024-07-30,0.7994339639979087,3.0
Beauty | organic_sales_growth | RSHPCS,2024-12-31,One month,2024-11-15,2022-03-31,2022-04-20,6.686723602484479,3.0
Beauty | organic_sales_growth | RSHPCS,2024-12-31,One month,2024-11-15,2022-06-30,2022-07-29,3.3005205380611136,0.0
Beauty | organic_sales_growth | RSHPCS,2024-12-31,One month,2024-11-15,2022-09-30,2022-10-19,3.7534957034626615,4.0
Beauty | organic_sales_growth | RSHPCS,2024-12-31,One month,2024-11-15,2022-12-31,2023-01-19,3.85374890576331,3.0
Beauty | organic_sales_growth | RSHPCS,2024-12-31,One month,2024-11-15,2023-03-31,2023-04-21,7.407744322144394,7.0
Beauty | organic_sales_growth | RSHPCS,2024-12-31,One month,2024-11-15,2023-06-30,2023-07-28,8.591356755839819,11.0
Beauty | organic_sales_growth | RSHPCS,2024-12-31,One month,2024-11-15,2023-09-30,2023-10-18,6.840413228000708,5.0
Beauty | organic_sales_growth | RSHPCS,2024-12-31,One month,2024-11-15,2023-12-31,2024-01-23,9.60128592151175,1.0
Beauty | organic_sales_growth | RSHPCS,2024-12-31,One month,2024-11-15,2024-03-31,2024-04-19,2.1559106393390204,3.0
Beauty | organic_sales_growth | RSHPCS,2024-12-31,One month,2024-11-15,2024-06-30,2024-07-30,0.7994339639979087,3.0
Beauty | organic_sales_growth | RSHPCS,2024-12-31,One month,2024-11-15,2024-09-30,2024-10-18,4.531902206320804,-2.0
Beauty | organic_sales_growth | RSHPCS,2024-12-31,Two months,2024-12-17,2022-03-31,2022-04-20,6.686723602484479,3.0
Beauty | organic_sales_growth | RSHPCS,2024-12-31,Two months,2024-12-17,2022-06-30,2022-07-29,3.3005205380611136,0.0
Beauty | organic_sales_growth | RSHPCS,2024-12-31,Two months,2024-12-17,2022-09-30,2022-10-19,3.7534957034626615,4.0
Beauty | organic_sales_growth | RSHPCS,2024-12-31,Two months,2024-12-17,2022-12-31,2023-01-19,3.85374890576331,3.0
Beauty | organic_sales_growth | RSHPCS,2024-12-31,Two months,2024-12-17,2023-03-31,2023-04-21,7.407744322144394,7.0
Beauty | organic_sales_growth | RSHPCS,2024-12-31,Two months,2024-12-17,2023-06-30,2023-07-28,8.591356755839819,11.0
Beauty | organic_sales_growth | RSHPCS,2024-12-31,Two months,2024-12-17,2023-09-30,2023-10-18,6.840413228000708,5.0
Beauty | organic_sales_growth | RSHPCS,2024-12-31,Two months,2024-12-17,2023-12-31,2024-01-23,9.527776688752109,1.0
Beauty | organic_sales_growth | RSHPCS,2024-12-31,Two months,2024-12-17,2024-03-31,2024-04-19,2.1559106393390204,3.0
Beauty | organic_sales_growth | RSHPCS,2024-12-31,Two months,2024-12-17,2024-06-30,2024-07-30,0.7994339639979087,3.0
Beauty | organic_sales_growth | RSHPCS,2024-12-31,Two months,2024-12-17,2024-09-30,2024-10-18,4.479611027017105,-2.0
Beauty | organic_sales_growth | RSHPCS,2024-12-31,Pre-earnings,2025-01-21,2021-03-31,2021-04-20,3.005664778407202,7.0
Beauty | organic_sales_growth | RSHPCS,2024-12-31,Pre-earnings,2025-01-21,2021-06-30,2021-07-30,18.191342909006746,6.0
Beauty | organic_sales_growth | RSHPCS,2024-12-31,Pre-earnings,2025-01-21,2021-09-30,2021-10-19,8.153142253799949,2.0
Beauty | organic_sales_growth | RSHPCS,2024-12-31,Pre-earnings,2025-01-21,2021-12-31,2022-01-19,8.559494342291373,2.0
Beauty | organic_sales_growth | RSHPCS,2024-12-31,Pre-earnings,2025-01-21,2022-03-31,2022-04-20,6.686723602484479,3.0
Beauty | organic_sales_growth | RSHPCS,2024-12-31,Pre-earnings,2025-01-21,2022-06-30,2022-07-29,3.3005205380611136,0.0
Beauty | organic_sales_growth | RSHPCS,2024-12-31,Pre-earnings,2025-01-21,2022-09-30,2022-10-19,3.7534957034626615,4.0
Beauty | organic_sales_growth | RSHPCS,2024-12-31,Pre-earnings,2025-01-21,2022-12-31,2023-01-19,3.85374890576331,3.0
Beauty | organic_sales_growth | RSHPCS,2024-12-31,Pre-earnings,2025-01-21,2023-03-31,2023-04-21,7.407744322144394,7.0
Beauty | organic_sales_growth | RSHPCS,2024-12-31,Pre-earnings,2025-01-21,2023-06-30,2023-07-28,8.591356755839819,11.0
Beauty | organic_sales_growth | RSHPCS,2024-12-31,Pre-earnings,2025-01-21,2023-09-30,2023-10-18,6.840413228000708,5.0
Beauty | organic_sales_growth | RSHPCS,2024-12-31,Pre-earnings,2025-01-21,2023-12-31,2024-01-23,9.454267455992472,1.0
Beauty | organic_sales_growth | RSHPCS,2024-12-31,Pre-earnings,2025-01-21,2024-03-31,2024-04-19,2.1559106393390204,3.0
Beauty | organic_sales_growth | RSHPCS,2024-12-31,Pre-earnings,2025-01-21,2024-06-30,2024-07-30,0.7994339639979087,3.0
Beauty | organic_sales_growth | RSHPCS,2024-12-31,Pre-earnings,2025-01-21,2024-09-30,2024-10-18,4.479611027017105,-2.0
Beauty | organic_sales_growth | RSHPCS,2025-03-31,Origin,2025-01-01,2021-03-31,2021-04-20,3.005664778407202,7.0
Beauty | organic_sales_growth | RSHPCS,2025-03-31,Origin,2025-01-01,2021-06-30,2021-07-30,18.191342909006746,6.0
Beauty | organic_sales_growth | RSHPCS,2025-03-31,Origin,2025-01-01,2021-09-30,2021-10-19,8.153142253799949,2.0
Beauty | organic_sales_growth | RSHPCS,2025-03-31,Origin,2025-01-01,2021-12-31,2022-01-19,8.559494342291373,2.0
Beauty | organic_sales_growth | RSHPCS,2025-03-31,Origin,2025-01-01,2022-03-31,2022-04-20,6.686723602484479,3.0
Beauty | organic_sales_growth | RSHPCS,2025-03-31,Origin,2025-01-01,2022-06-30,2022-07-29,3.3005205380611136,0.0
Beauty | organic_sales_growth | RSHPCS,2025-03-31,Origin,2025-01-01,2022-09-30,2022-10-19,3.7534957034626615,4.0
Beauty | organic_sales_growth | RSHPCS,2025-03-31,Origin,2025-01-01,2022-12-31,2023-01-19,3.85374890576331,3.0
Beauty | organic_sales_growth | RSHPCS,2025-03-31,Origin,2025-01-01,2023-03-31,2023-04-21,7.407744322144394,7.0
Beauty | organic_sales_growth | RSHPCS,2025-03-31,Origin,2025-01-01,2023-06-30,2023-07-28,8.591356755839819,11.0
Beauty | organic_sales_growth | RSHPCS,2025-03-31,Origin,2025-01-01,2023-09-30,2023-10-18,6.840413228000708,5.0
Beauty | organic_sales_growth | RSHPCS,2025-03-31,Origin,2025-01-01,2023-12-31,2024-01-23,9.527776688752109,1.0
Beauty | organic_sales_growth | RSHPCS,2025-03-31,Origin,2025-01-01,2024-03-31,2024-04-19,2.1559106393390204,3.0
Beauty | organic_sales_growth | RSHPCS,2025-03-31,Origin,2025-01-01,2024-06-30,2024-07-30,0.7994339639979087,3.0
Beauty | organic_sales_growth | RSHPCS,2025-03-31,Origin,2025-01-01,2024-09-30,2024-10-18,4.479611027017105,-2.0
Beauty | organic_sales_growth | RSHPCS,2025-03-31,One month,2025-02-14,2022-03-31,2022-04-20,6.686723602484479,3.0
Beauty | organic_sales_growth | RSHPCS,2025-03-31,One month,2025-02-14,2022-06-30,2022-07-29,3.3005205380611136,0.0
Beauty | organic_sales_growth | RSHPCS,2025-03-31,One month,2025-02-14,2022-09-30,2022-10-19,3.7534957034626615,4.0
Beauty | organic_sales_growth | RSHPCS,2025-03-31,One month,2025-02-14,2022-12-31,2023-01-19,3.85374890576331,3.0
Beauty | organic_sales_growth | RSHPCS,2025-03-31,One month,2025-02-14,2023-03-31,2023-04-21,7.407744322144394,7.0
Beauty | organic_sales_growth | RSHPCS,2025-03-31,One month,2025-02-14,2023-06-30,2023-07-28,8.591356755839819,11.0
Beauty | organic_sales_growth | RSHPCS,2025-03-31,One month,2025-02-14,2023-09-30,2023-10-18,6.840413228000708,5.0
Beauty | organic_sales_growth | RSHPCS,2025-03-31,One month,2025-02-14,2023-12-31,2024-01-23,9.323911083232051,1.0
Beauty | organic_sales_growth | RSHPCS,2025-03-31,One month,2025-02-14,2024-03-31,2024-04-19,2.292360679803518,3.0
Beauty | organic_sales_growth | RSHPCS,2025-03-31,One month,2025-02-14,2024-06-30,2024-07-30,0.7994339639979087,3.0
Beauty | organic_sales_growth | RSHPCS,2025-03-31,One month,2025-02-14,2024-09-30,2024-10-18,4.479611027017105,-2.0
Beauty | organic_sales_growth | RSHPCS,2025-03-31,One month,2025-02-14,2024-12-31,2025-01-22,2.6169749240189777,2.0
Beauty | organic_sales_growth | RSHPCS,2025-03-31,Two months,2025-03-17,2022-03-31,2022-04-20,6.686723602484479,3.0
Beauty | organic_sales_growth | RSHPCS,2025-03-31,Two months,2025-03-17,2022-06-30,2022-07-29,3.3005205380611136,0.0
Beauty | organic_sales_growth | RSHPCS,2025-03-31,Two months,2025-03-17,2022-09-30,2022-10-19,3.7534957034626615,4.0
Beauty | organic_sales_growth | RSHPCS,2025-03-31,Two months,2025-03-17,2022-12-31,2023-01-19,3.85374890576331,3.0
Beauty | organic_sales_growth | RSHPCS,2025-03-31,Two months,2025-03-17,2023-03-31,2023-04-21,7.407744322144394,7.0
Beauty | organic_sales_growth | RSHPCS,2025-03-31,Two months,2025-03-17,2023-06-30,2023-07-28,8.591356755839819,11.0
Beauty | organic_sales_growth | RSHPCS,2025-03-31,Two months,2025-03-17,2023-09-30,2023-10-18,6.840413228000708,5.0
Beauty | organic_sales_growth | RSHPCS,2025-03-31,Two months,2025-03-17,2023-12-31,2024-01-23,9.323911083232051,1.0
Beauty | organic_sales_growth | RSHPCS,2025-03-31,Two months,2025-03-17,2024-03-31,2024-04-19,2.3638793217021448,3.0
Beauty | organic_sales_growth | RSHPCS,2025-03-31,Two months,2025-03-17,2024-06-30,2024-07-30,0.7994339639979087,3.0
Beauty | organic_sales_growth | RSHPCS,2025-03-31,Two months,2025-03-17,2024-09-30,2024-10-18,4.479611027017105,-2.0
Beauty | organic_sales_growth | RSHPCS,2025-03-31,Two months,2025-03-17,2024-12-31,2025-01-22,2.7693852484736547,2.0
Beauty | organic_sales_growth | RSHPCS,2025-03-31,Pre-earnings,2025-04-23,2021-03-31,2021-04-20,3.005664778407202,7.0
Beauty | organic_sales_growth | RSHPCS,2025-03-31,Pre-earnings,2025-04-23,2021-06-30,2021-07-30,18.191342909006746,6.0
Beauty | organic_sales_growth | RSHPCS,2025-03-31,Pre-earnings,2025-04-23,2021-09-30,2021-10-19,8.153142253799949,2.0
Beauty | organic_sales_growth | RSHPCS,2025-03-31,Pre-earnings,2025-04-23,2021-12-31,2022-01-19,8.559494342291373,2.0
Beauty | organic_sales_growth | RSHPCS,2025-03-31,Pre-earnings,2025-04-23,2022-03-31,2022-04-20,6.686723602484479,3.0
Beauty | organic_sales_growth | RSHPCS,2025-03-31,Pre-earnings,2025-04-23,2022-06-30,2022-07-29,3.3005205380611136,0.0
Beauty | organic_sales_growth | RSHPCS,2025-03-31,Pre-earnings,2025-04-23,2022-09-30,2022-10-19,3.7534957034626615,4.0
Beauty | organic_sales_growth | RSHPCS,2025-03-31,Pre-earnings,2025-04-23,2022-12-31,2023-01-19,3.85374890576331,3.0
Beauty | organic_sales_growth | RSHPCS,2025-03-31,Pre-earnings,2025-04-23,2023-03-31,2023-04-21,7.407744322144394,7.0
Beauty | organic_sales_growth | RSHPCS,2025-03-31,Pre-earnings,2025-04-23,2023-06-30,2023-07-28,8.591356755839819,11.0
Beauty | organic_sales_growth | RSHPCS,2025-03-31,Pre-earnings,2025-04-23,2023-09-30,2023-10-18,6.840413228000708,5.0
Beauty | organic_sales_growth | RSHPCS,2025-03-31,Pre-earnings,2025-04-23,2023-12-31,2024-01-23,9.323911083232051,1.0
Beauty | organic_sales_growth | RSHPCS,2025-03-31,Pre-earnings,2025-04-23,2024-03-31,2024-04-19,2.5022114316902933,3.0
Beauty | organic_sales_growth | RSHPCS,2025-03-31,Pre-earnings,2025-04-23,2024-06-30,2024-07-30,0.7994339639979087,3.0
Beauty | organic_sales_growth | RSHPCS,2025-03-31,Pre-earnings,2025-04-23,2024-09-30,2024-10-18,4.479611027017105,-2.0
Beauty | organic_sales_growth | RSHPCS,2025-03-31,Pre-earnings,2025-04-23,2024-12-31,2025-01-22,2.7693852484736547,2.0
Beauty | organic_sales_growth | RSHPCS,2025-06-30,Origin,2025-04-01,2021-03-31,2021-04-20,3.005664778407202,7.0
Beauty | organic_sales_growth | RSHPCS,2025-06-30,Origin,2025-04-01,2021-06-30,2021-07-30,18.191342909006746,6.0
Beauty | organic_sales_growth | RSHPCS,2025-06-30,Origin,2025-04-01,2021-09-30,2021-10-19,8.153142253799949,2.0
Beauty | organic_sales_growth | RSHPCS,2025-06-30,Origin,2025-04-01,2021-12-31,2022-01-19,8.559494342291373,2.0
Beauty | organic_sales_growth | RSHPCS,2025-06-30,Origin,2025-04-01,2022-03-31,2022-04-20,6.686723602484479,3.0
Beauty | organic_sales_growth | RSHPCS,2025-06-30,Origin,2025-04-01,2022-06-30,2022-07-29,3.3005205380611136,0.0
Beauty | organic_sales_growth | RSHPCS,2025-06-30,Origin,2025-04-01,2022-09-30,2022-10-19,3.7534957034626615,4.0
Beauty | organic_sales_growth | RSHPCS,2025-06-30,Origin,2025-04-01,2022-12-31,2023-01-19,3.85374890576331,3.0
Beauty | organic_sales_growth | RSHPCS,2025-06-30,Origin,2025-04-01,2023-03-31,2023-04-21,7.407744322144394,7.0
Beauty | organic_sales_growth | RSHPCS,2025-06-30,Origin,2025-04-01,2023-06-30,2023-07-28,8.591356755839819,11.0
Beauty | organic_sales_growth | RSHPCS,2025-06-30,Origin,2025-04-01,2023-09-30,2023-10-18,6.840413228000708,5.0
Beauty | organic_sales_growth | RSHPCS,2025-06-30,Origin,2025-04-01,2023-12-31,2024-01-23,9.323911083232051,1.0
Beauty | organic_sales_growth | RSHPCS,2025-06-30,Origin,2025-04-01,2024-03-31,2024-04-19,2.3638793217021448,3.0
Beauty | organic_sales_growth | RSHPCS,2025-06-30,Origin,2025-04-01,2024-06-30,2024-07-30,0.7994339639979087,3.0
Beauty | organic_sales_growth | RSHPCS,2025-06-30,Origin,2025-04-01,2024-09-30,2024-10-18,4.479611027017105,-2.0
Beauty | organic_sales_growth | RSHPCS,2025-06-30,Origin,2025-04-01,2024-12-31,2025-01-22,2.7693852484736547,2.0
Beauty | organic_sales_growth | RSHPCS,2025-06-30,One month,2025-05-15,2022-03-31,2022-04-20,6.658436933295464,3.0
Beauty | organic_sales_growth | RSHPCS,2025-06-30,One month,2025-05-15,2022-06-30,2022-07-29,3.235995481738696,0.0
Beauty | organic_sales_growth | RSHPCS,2025-06-30,One month,2025-05-15,2022-09-30,2022-10-19,3.553393847393038,4.0
Beauty | organic_sales_growth | RSHPCS,2025-06-30,One month,2025-05-15,2022-12-31,2023-01-19,3.8028851607049052,3.0
Beauty | organic_sales_growth | RSHPCS,2025-06-30,One month,2025-05-15,2023-03-31,2023-04-21,7.4226951952721,7.0
Beauty | organic_sales_growth | RSHPCS,2025-06-30,One month,2025-05-15,2023-06-30,2023-07-28,8.374364273701707,11.0
Beauty | organic_sales_growth | RSHPCS,2025-06-30,One month,2025-05-15,2023-09-30,2023-10-18,7.2648038453100305,5.0
Beauty | organic_sales_growth | RSHPCS,2025-06-30,One month,2025-05-15,2023-12-31,2024-01-23,9.924801573504727,1.0
Beauty | organic_sales_growth | RSHPCS,2025-06-30,One month,2025-05-15,2024-03-31,2024-04-19,2.22730739893211,3.0
Beauty | organic_sales_growth | RSHPCS,2025-06-30,One month,2025-05-15,2024-06-30,2024-07-30,0.869386381482995,3.0
Beauty | organic_sales_growth | RSHPCS,2025-06-30,One month,2025-05-15,2024-09-30,2024-10-18,5.945352955942096,-2.0
Beauty | organic_sales_growth | RSHPCS,2025-06-30,One month,2025-05-15,2024-12-31,2025-01-22,3.215312042509355,2.0
Beauty | organic_sales_growth | RSHPCS,2025-06-30,One month,2025-05-15,2025-03-31,2025-04-24,7.244254588867327,2.0
Beauty | organic_sales_growth | RSHPCS,2025-06-30,Two months,2025-06-17,2022-03-31,2022-04-20,6.658436933295464,3.0
Beauty | organic_sales_growth | RSHPCS,2025-06-30,Two months,2025-06-17,2022-06-30,2022-07-29,3.235995481738696,0.0
Beauty | organic_sales_growth | RSHPCS,2025-06-30,Two months,2025-06-17,2022-09-30,2022-10-19,3.553393847393038,4.0
Beauty | organic_sales_growth | RSHPCS,2025-06-30,Two months,2025-06-17,2022-12-31,2023-01-19,3.8028851607049052,3.0
Beauty | organic_sales_growth | RSHPCS,2025-06-30,Two months,2025-06-17,2023-03-31,2023-04-21,7.4226951952721,7.0
Beauty | organic_sales_growth | RSHPCS,2025-06-30,Two months,2025-06-17,2023-06-30,2023-07-28,8.374364273701707,11.0
Beauty | organic_sales_growth | RSHPCS,2025-06-30,Two months,2025-06-17,2023-09-30,2023-10-18,7.2648038453100305,5.0
Beauty | organic_sales_growth | RSHPCS,2025-06-30,Two months,2025-06-17,2023-12-31,2024-01-23,9.924801573504727,1.0
Beauty | organic_sales_growth | RSHPCS,2025-06-30,Two months,2025-06-17,2024-03-31,2024-04-19,2.22730739893211,3.0
Beauty | organic_sales_growth | RSHPCS,2025-06-30,Two months,2025-06-17,2024-06-30,2024-07-30,0.8684515574169049,3.0
Beauty | organic_sales_growth | RSHPCS,2025-06-30,Two months,2025-06-17,2024-09-30,2024-10-18,5.945352955942096,-2.0
Beauty | organic_sales_growth | RSHPCS,2025-06-30,Two months,2025-06-17,2024-12-31,2025-01-22,3.215312042509355,2.0
Beauty | organic_sales_growth | RSHPCS,2025-06-30,Two months,2025-06-17,2025-03-31,2025-04-24,7.280629756752721,2.0
Beauty | organic_sales_growth | RSHPCS,2025-06-30,Pre-earnings,2025-07-28,2021-03-31,2021-04-20,3.006774244367927,7.0
Beauty | organic_sales_growth | RSHPCS,2025-06-30,Pre-earnings,2025-07-28,2021-06-30,2021-07-30,17.71687473837138,6.0
Beauty | organic_sales_growth | RSHPCS,2025-06-30,Pre-earnings,2025-07-28,2021-09-30,2021-10-19,8.056507135922875,2.0
Beauty | organic_sales_growth | RSHPCS,2025-06-30,Pre-earnings,2025-07-28,2021-12-31,2022-01-19,8.614915945210399,2.0
Beauty | organic_sales_growth | RSHPCS,2025-06-30,Pre-earnings,2025-07-28,2022-03-31,2022-04-20,6.658436933295464,3.0
Beauty | organic_sales_growth | RSHPCS,2025-06-30,Pre-earnings,2025-07-28,2022-06-30,2022-07-29,3.235995481738696,0.0
Beauty | organic_sales_growth | RSHPCS,2025-06-30,Pre-earnings,2025-07-28,2022-09-30,2022-10-19,3.553393847393038,4.0
Beauty | organic_sales_growth | RSHPCS,2025-06-30,Pre-earnings,2025-07-28,2022-12-31,2023-01-19,3.8028851607049052,3.0
Beauty | organic_sales_growth | RSHPCS,2025-06-30,Pre-earnings,2025-07-28,2023-03-31,2023-04-21,7.4226951952721,7.0
Beauty | organic_sales_growth | RSHPCS,2025-06-30,Pre-earnings,2025-07-28,2023-06-30,2023-07-28,8.374364273701707,11.0
Beauty | organic_sales_growth | RSHPCS,2025-06-30,Pre-earnings,2025-07-28,2023-09-30,2023-10-18,7.2648038453100305,5.0
Beauty | organic_sales_growth | RSHPCS,2025-06-30,Pre-earnings,2025-07-28,2023-12-31,2024-01-23,9.924801573504727,1.0
Beauty | organic_sales_growth | RSHPCS,2025-06-30,Pre-earnings,2025-07-28,2024-03-31,2024-04-19,2.22730739893211,3.0
Beauty | organic_sales_growth | RSHPCS,2025-06-30,Pre-earnings,2025-07-28,2024-06-30,2024-07-30,0.8338630669707969,3.0
Beauty | organic_sales_growth | RSHPCS,2025-06-30,Pre-earnings,2025-07-28,2024-09-30,2024-10-18,5.945352955942096,-2.0
Beauty | organic_sales_growth | RSHPCS,2025-06-30,Pre-earnings,2025-07-28,2024-12-31,2025-01-22,3.215312042509355,2.0
Beauty | organic_sales_growth | RSHPCS,2025-06-30,Pre-earnings,2025-07-28,2025-03-31,2025-04-24,7.280629756752721,2.0
Beauty | organic_sales_growth | RSHPCS,2025-09-30,Origin,2025-07-01,2021-03-31,2021-04-20,3.006774244367927,7.0
Beauty | organic_sales_growth | RSHPCS,2025-09-30,Origin,2025-07-01,2021-06-30,2021-07-30,17.71687473837138,6.0
Beauty | organic_sales_growth | RSHPCS,2025-09-30,Origin,2025-07-01,2021-09-30,2021-10-19,8.056507135922875,2.0
Beauty | organic_sales_growth | RSHPCS,2025-09-30,Origin,2025-07-01,2021-12-31,2022-01-19,8.614915945210399,2.0
Beauty | organic_sales_growth | RSHPCS,2025-09-30,Origin,2025-07-01,2022-03-31,2022-04-20,6.658436933295464,3.0
Beauty | organic_sales_growth | RSHPCS,2025-09-30,Origin,2025-07-01,2022-06-30,2022-07-29,3.235995481738696,0.0
Beauty | organic_sales_growth | RSHPCS,2025-09-30,Origin,2025-07-01,2022-09-30,2022-10-19,3.553393847393038,4.0
Beauty | organic_sales_growth | RSHPCS,2025-09-30,Origin,2025-07-01,2022-12-31,2023-01-19,3.8028851607049052,3.0
Beauty | organic_sales_growth | RSHPCS,2025-09-30,Origin,2025-07-01,2023-03-31,2023-04-21,7.4226951952721,7.0
Beauty | organic_sales_growth | RSHPCS,2025-09-30,Origin,2025-07-01,2023-06-30,2023-07-28,8.374364273701707,11.0
Beauty | organic_sales_growth | RSHPCS,2025-09-30,Origin,2025-07-01,2023-09-30,2023-10-18,7.2648038453100305,5.0
Beauty | organic_sales_growth | RSHPCS,2025-09-30,Origin,2025-07-01,2023-12-31,2024-01-23,9.924801573504727,1.0
Beauty | organic_sales_growth | RSHPCS,2025-09-30,Origin,2025-07-01,2024-03-31,2024-04-19,2.22730739893211,3.0
Beauty | organic_sales_growth | RSHPCS,2025-09-30,Origin,2025-07-01,2024-06-30,2024-07-30,0.8684515574169049,3.0
Beauty | organic_sales_growth | RSHPCS,2025-09-30,Origin,2025-07-01,2024-09-30,2024-10-18,5.945352955942096,-2.0
Beauty | organic_sales_growth | RSHPCS,2025-09-30,Origin,2025-07-01,2024-12-31,2025-01-22,3.215312042509355,2.0
Beauty | organic_sales_growth | RSHPCS,2025-09-30,Origin,2025-07-01,2025-03-31,2025-04-24,7.280629756752721,2.0
Beauty | organic_sales_growth | RSHPCS,2025-09-30,One month,2025-08-15,2022-03-31,2022-04-20,6.658436933295464,3.0
Beauty | organic_sales_growth | RSHPCS,2025-09-30,One month,2025-08-15,2022-06-30,2022-07-29,3.235995481738696,0.0
Beauty | organic_sales_growth | RSHPCS,2025-09-30,One month,2025-08-15,2022-09-30,2022-10-19,3.553393847393038,4.0
Beauty | organic_sales_growth | RSHPCS,2025-09-30,One month,2025-08-15,2022-12-31,2023-01-19,3.8028851607049052,3.0
Beauty | organic_sales_growth | RSHPCS,2025-09-30,One month,2025-08-15,2023-03-31,2023-04-21,7.4226951952721,7.0
Beauty | organic_sales_growth | RSHPCS,2025-09-30,One month,2025-08-15,2023-06-30,2023-07-28,8.374364273701707,11.0
Beauty | organic_sales_growth | RSHPCS,2025-09-30,One month,2025-08-15,2023-09-30,2023-10-18,7.2648038453100305,5.0
Beauty | organic_sales_growth | RSHPCS,2025-09-30,One month,2025-08-15,2023-12-31,2024-01-23,9.924801573504727,1.0
Beauty | organic_sales_growth | RSHPCS,2025-09-30,One month,2025-08-15,2024-03-31,2024-04-19,2.22730739893211,3.0
Beauty | organic_sales_growth | RSHPCS,2025-09-30,One month,2025-08-15,2024-06-30,2024-07-30,0.7992745765246889,3.0
Beauty | organic_sales_growth | RSHPCS,2025-09-30,One month,2025-08-15,2024-09-30,2024-10-18,5.8040404228219655,-2.0
Beauty | organic_sales_growth | RSHPCS,2025-09-30,One month,2025-08-15,2024-12-31,2025-01-22,3.215312042509355,2.0
Beauty | organic_sales_growth | RSHPCS,2025-09-30,One month,2025-08-15,2025-03-31,2025-04-24,7.280629756752721,2.0
Beauty | organic_sales_growth | RSHPCS,2025-09-30,One month,2025-08-15,2025-06-30,2025-07-29,8.957867695475151,1.0
Beauty | organic_sales_growth | RSHPCS,2025-09-30,Two months,2025-09-16,2022-03-31,2022-04-20,6.658436933295464,3.0
Beauty | organic_sales_growth | RSHPCS,2025-09-30,Two months,2025-09-16,2022-06-30,2022-07-29,3.235995481738696,0.0
Beauty | organic_sales_growth | RSHPCS,2025-09-30,Two months,2025-09-16,2022-09-30,2022-10-19,3.553393847393038,4.0
Beauty | organic_sales_growth | RSHPCS,2025-09-30,Two months,2025-09-16,2022-12-31,2023-01-19,3.8028851607049052,3.0
Beauty | organic_sales_growth | RSHPCS,2025-09-30,Two months,2025-09-16,2023-03-31,2023-04-21,7.4226951952721,7.0
Beauty | organic_sales_growth | RSHPCS,2025-09-30,Two months,2025-09-16,2023-06-30,2023-07-28,8.374364273701707,11.0
Beauty | organic_sales_growth | RSHPCS,2025-09-30,Two months,2025-09-16,2023-09-30,2023-10-18,7.2648038453100305,5.0
Beauty | organic_sales_growth | RSHPCS,2025-09-30,Two months,2025-09-16,2023-12-31,2024-01-23,9.924801573504727,1.0
Beauty | organic_sales_growth | RSHPCS,2025-09-30,Two months,2025-09-16,2024-03-31,2024-04-19,2.22730739893211,3.0
Beauty | organic_sales_growth | RSHPCS,2025-09-30,Two months,2025-09-16,2024-06-30,2024-07-30,0.7992745765246889,3.0
Beauty | organic_sales_growth | RSHPCS,2025-09-30,Two months,2025-09-16,2024-09-30,2024-10-18,5.8040404228219655,-2.0
Beauty | organic_sales_growth | RSHPCS,2025-09-30,Two months,2025-09-16,2024-12-31,2025-01-22,3.215312042509355,2.0
Beauty | organic_sales_growth | RSHPCS,2025-09-30,Two months,2025-09-16,2025-03-31,2025-04-24,7.280629756752721,2.0
Beauty | organic_sales_growth | RSHPCS,2025-09-30,Two months,2025-09-16,2025-06-30,2025-07-29,8.972706279503285,1.0
Beauty | organic_sales_growth | RSHPCS,2025-09-30,Pre-earnings,2025-10-23,2021-03-31,2021-04-20,3.006774244367927,7.0
Beauty | organic_sales_growth | RSHPCS,2025-09-30,Pre-earnings,2025-10-23,2021-06-30,2021-07-30,17.71687473837138,6.0
Beauty | organic_sales_growth | RSHPCS,2025-09-30,Pre-earnings,2025-10-23,2021-09-30,2021-10-19,8.056507135922875,2.0
Beauty | organic_sales_growth | RSHPCS,2025-09-30,Pre-earnings,2025-10-23,2021-12-31,2022-01-19,8.614915945210399,2.0
Beauty | organic_sales_growth | RSHPCS,2025-09-30,Pre-earnings,2025-10-23,2022-03-31,2022-04-20,6.658436933295464,3.0
Beauty | organic_sales_growth | RSHPCS,2025-09-30,Pre-earnings,2025-10-23,2022-06-30,2022-07-29,3.235995481738696,0.0
Beauty | organic_sales_growth | RSHPCS,2025-09-30,Pre-earnings,2025-10-23,2022-09-30,2022-10-19,3.553393847393038,4.0
Beauty | organic_sales_growth | RSHPCS,2025-09-30,Pre-earnings,2025-10-23,2022-12-31,2023-01-19,3.8028851607049052,3.0
Beauty | organic_sales_growth | RSHPCS,2025-09-30,Pre-earnings,2025-10-23,2023-03-31,2023-04-21,7.4226951952721,7.0
Beauty | organic_sales_growth | RSHPCS,2025-09-30,Pre-earnings,2025-10-23,2023-06-30,2023-07-28,8.374364273701707,11.0
Beauty | organic_sales_growth | RSHPCS,2025-09-30,Pre-earnings,2025-10-23,2023-09-30,2023-10-18,7.2648038453100305,5.0
Beauty | organic_sales_growth | RSHPCS,2025-09-30,Pre-earnings,2025-10-23,2023-12-31,2024-01-23,9.924801573504727,1.0
Beauty | organic_sales_growth | RSHPCS,2025-09-30,Pre-earnings,2025-10-23,2024-03-31,2024-04-19,2.22730739893211,3.0
Beauty | organic_sales_growth | RSHPCS,2025-09-30,Pre-earnings,2025-10-23,2024-06-30,2024-07-30,0.7992745765246889,3.0
Beauty | organic_sales_growth | RSHPCS,2025-09-30,Pre-earnings,2025-10-23,2024-09-30,2024-10-18,5.8040404228219655,-2.0
Beauty | organic_sales_growth | RSHPCS,2025-09-30,Pre-earnings,2025-10-23,2024-12-31,2025-01-22,3.215312042509355,2.0
Beauty | organic_sales_growth | RSHPCS,2025-09-30,Pre-earnings,2025-10-23,2025-03-31,2025-04-24,7.280629756752721,2.0
Beauty | organic_sales_growth | RSHPCS,2025-09-30,Pre-earnings,2025-10-23,2025-06-30,2025-07-29,8.972706279503285,1.0
Beauty | organic_sales_growth | RSHPCS,2025-12-31,Origin,2025-10-01,2021-03-31,2021-04-20,3.006774244367927,7.0
Beauty | organic_sales_growth | RSHPCS,2025-12-31,Origin,2025-10-01,2021-06-30,2021-07-30,17.71687473837138,6.0
Beauty | organic_sales_growth | RSHPCS,2025-12-31,Origin,2025-10-01,2021-09-30,2021-10-19,8.056507135922875,2.0
Beauty | organic_sales_growth | RSHPCS,2025-12-31,Origin,2025-10-01,2021-12-31,2022-01-19,8.614915945210399,2.0
Beauty | organic_sales_growth | RSHPCS,2025-12-31,Origin,2025-10-01,2022-03-31,2022-04-20,6.658436933295464,3.0
Beauty | organic_sales_growth | RSHPCS,2025-12-31,Origin,2025-10-01,2022-06-30,2022-07-29,3.235995481738696,0.0
Beauty | organic_sales_growth | RSHPCS,2025-12-31,Origin,2025-10-01,2022-09-30,2022-10-19,3.553393847393038,4.0
Beauty | organic_sales_growth | RSHPCS,2025-12-31,Origin,2025-10-01,2022-12-31,2023-01-19,3.8028851607049052,3.0
Beauty | organic_sales_growth | RSHPCS,2025-12-31,Origin,2025-10-01,2023-03-31,2023-04-21,7.4226951952721,7.0
Beauty | organic_sales_growth | RSHPCS,2025-12-31,Origin,2025-10-01,2023-06-30,2023-07-28,8.374364273701707,11.0
Beauty | organic_sales_growth | RSHPCS,2025-12-31,Origin,2025-10-01,2023-09-30,2023-10-18,7.2648038453100305,5.0
Beauty | organic_sales_growth | RSHPCS,2025-12-31,Origin,2025-10-01,2023-12-31,2024-01-23,9.924801573504727,1.0
Beauty | organic_sales_growth | RSHPCS,2025-12-31,Origin,2025-10-01,2024-03-31,2024-04-19,2.22730739893211,3.0
Beauty | organic_sales_growth | RSHPCS,2025-12-31,Origin,2025-10-01,2024-06-30,2024-07-30,0.7992745765246889,3.0
Beauty | organic_sales_growth | RSHPCS,2025-12-31,Origin,2025-10-01,2024-09-30,2024-10-18,5.8040404228219655,-2.0
Beauty | organic_sales_growth | RSHPCS,2025-12-31,Origin,2025-10-01,2024-12-31,2025-01-22,3.215312042509355,2.0
Beauty | organic_sales_growth | RSHPCS,2025-12-31,Origin,2025-10-01,2025-03-31,2025-04-24,7.280629756752721,2.0
Beauty | organic_sales_growth | RSHPCS,2025-12-31,Origin,2025-10-01,2025-06-30,2025-07-29,8.972706279503285,1.0
Beauty | organic_sales_growth | RSHPCS,2025-12-31,One month,2025-12-16,2022-03-31,2022-04-20,6.658436933295464,3.0
Beauty | organic_sales_growth | RSHPCS,2025-12-31,One month,2025-12-16,2022-06-30,2022-07-29,3.235995481738696,0.0
Beauty | organic_sales_growth | RSHPCS,2025-12-31,One month,2025-12-16,2022-09-30,2022-10-19,3.553393847393038,4.0
Beauty | organic_sales_growth | RSHPCS,2025-12-31,One month,2025-12-16,2022-12-31,2023-01-19,3.8028851607049052,3.0
Beauty | organic_sales_growth | RSHPCS,2025-12-31,One month,2025-12-16,2023-03-31,2023-04-21,7.4226951952721,7.0
Beauty | organic_sales_growth | RSHPCS,2025-12-31,One month,2025-12-16,2023-06-30,2023-07-28,8.374364273701707,11.0
Beauty | organic_sales_growth | RSHPCS,2025-12-31,One month,2025-12-16,2023-09-30,2023-10-18,7.2648038453100305,5.0
Beauty | organic_sales_growth | RSHPCS,2025-12-31,One month,2025-12-16,2023-12-31,2024-01-23,9.924801573504727,1.0
Beauty | organic_sales_growth | RSHPCS,2025-12-31,One month,2025-12-16,2024-03-31,2024-04-19,2.22730739893211,3.0
Beauty | organic_sales_growth | RSHPCS,2025-12-31,One month,2025-12-16,2024-06-30,2024-07-30,0.7992745765246889,3.0
Beauty | organic_sales_growth | RSHPCS,2025-12-31,One month,2025-12-16,2024-09-30,2024-10-18,5.587423184552298,-2.0
Beauty | organic_sales_growth | RSHPCS,2025-12-31,One month,2025-12-16,2024-12-31,2025-01-22,3.215312042509355,2.0
Beauty | organic_sales_growth | RSHPCS,2025-12-31,One month,2025-12-16,2025-03-31,2025-04-24,7.280629756752721,2.0
Beauty | organic_sales_growth | RSHPCS,2025-12-31,One month,2025-12-16,2025-06-30,2025-07-29,8.972706279503285,1.0
Beauty | organic_sales_growth | RSHPCS,2025-12-31,One month,2025-12-16,2025-09-30,2025-10-24,6.476011023746842,6.0
Beauty | organic_sales_growth | RSHPCS,2025-12-31,Two months,2026-01-14,2022-03-31,2022-04-20,6.658436933295464,3.0
Beauty | organic_sales_growth | RSHPCS,2025-12-31,Two months,2026-01-14,2022-06-30,2022-07-29,3.235995481738696,0.0
Beauty | organic_sales_growth | RSHPCS,2025-12-31,Two months,2026-01-14,2022-09-30,2022-10-19,3.553393847393038,4.0
Beauty | organic_sales_growth | RSHPCS,2025-12-31,Two months,2026-01-14,2022-12-31,2023-01-19,3.8028851607049052,3.0
Beauty | organic_sales_growth | RSHPCS,2025-12-31,Two months,2026-01-14,2023-03-31,2023-04-21,7.4226951952721,7.0
Beauty | organic_sales_growth | RSHPCS,2025-12-31,Two months,2026-01-14,2023-06-30,2023-07-28,8.374364273701707,11.0
Beauty | organic_sales_growth | RSHPCS,2025-12-31,Two months,2026-01-14,2023-09-30,2023-10-18,7.2648038453100305,5.0
Beauty | organic_sales_growth | RSHPCS,2025-12-31,Two months,2026-01-14,2023-12-31,2024-01-23,9.924801573504727,1.0
Beauty | organic_sales_growth | RSHPCS,2025-12-31,Two months,2026-01-14,2024-03-31,2024-04-19,2.22730739893211,3.0
Beauty | organic_sales_growth | RSHPCS,2025-12-31,Two months,2026-01-14,2024-06-30,2024-07-30,0.7992745765246889,3.0
Beauty | organic_sales_growth | RSHPCS,2025-12-31,Two months,2026-01-14,2024-09-30,2024-10-18,5.587423184552298,-2.0
Beauty | organic_sales_growth | RSHPCS,2025-12-31,Two months,2026-01-14,2024-12-31,2025-01-22,3.2180230981944336,2.0
Beauty | organic_sales_growth | RSHPCS,2025-12-31,Two months,2026-01-14,2025-03-31,2025-04-24,7.280629756752721,2.0
Beauty | organic_sales_growth | RSHPCS,2025-12-31,Two months,2026-01-14,2025-06-30,2025-07-29,8.972706279503285,1.0
Beauty | organic_sales_growth | RSHPCS,2025-12-31,Two months,2026-01-14,2025-09-30,2025-10-24,6.4839354424026885,6.0
Beauty | organic_sales_growth | RSHPCS,2025-12-31,Pre-earnings,2026-01-22,2021-03-31,2021-04-20,3.006774244367927,7.0
Beauty | organic_sales_growth | RSHPCS,2025-12-31,Pre-earnings,2026-01-22,2021-06-30,2021-07-30,17.71687473837138,6.0
Beauty | organic_sales_growth | RSHPCS,2025-12-31,Pre-earnings,2026-01-22,2021-09-30,2021-10-19,8.056507135922875,2.0
Beauty | organic_sales_growth | RSHPCS,2025-12-31,Pre-earnings,2026-01-22,2021-12-31,2022-01-19,8.614915945210399,2.0
Beauty | organic_sales_growth | RSHPCS,2025-12-31,Pre-earnings,2026-01-22,2022-03-31,2022-04-20,6.658436933295464,3.0
Beauty | organic_sales_growth | RSHPCS,2025-12-31,Pre-earnings,2026-01-22,2022-06-30,2022-07-29,3.235995481738696,0.0
Beauty | organic_sales_growth | RSHPCS,2025-12-31,Pre-earnings,2026-01-22,2022-09-30,2022-10-19,3.553393847393038,4.0
Beauty | organic_sales_growth | RSHPCS,2025-12-31,Pre-earnings,2026-01-22,2022-12-31,2023-01-19,3.8028851607049052,3.0
Beauty | organic_sales_growth | RSHPCS,2025-12-31,Pre-earnings,2026-01-22,2023-03-31,2023-04-21,7.4226951952721,7.0
Beauty | organic_sales_growth | RSHPCS,2025-12-31,Pre-earnings,2026-01-22,2023-06-30,2023-07-28,8.374364273701707,11.0
Beauty | organic_sales_growth | RSHPCS,2025-12-31,Pre-earnings,2026-01-22,2023-09-30,2023-10-18,7.2648038453100305,5.0
Beauty | organic_sales_growth | RSHPCS,2025-12-31,Pre-earnings,2026-01-22,2023-12-31,2024-01-23,9.924801573504727,1.0
Beauty | organic_sales_growth | RSHPCS,2025-12-31,Pre-earnings,2026-01-22,2024-03-31,2024-04-19,2.22730739893211,3.0
Beauty | organic_sales_growth | RSHPCS,2025-12-31,Pre-earnings,2026-01-22,2024-06-30,2024-07-30,0.7992745765246889,3.0
Beauty | organic_sales_growth | RSHPCS,2025-12-31,Pre-earnings,2026-01-22,2024-09-30,2024-10-18,5.587423184552298,-2.0
Beauty | organic_sales_growth | RSHPCS,2025-12-31,Pre-earnings,2026-01-22,2024-12-31,2025-01-22,3.2180230981944336,2.0
Beauty | organic_sales_growth | RSHPCS,2025-12-31,Pre-earnings,2026-01-22,2025-03-31,2025-04-24,7.280629756752721,2.0
Beauty | organic_sales_growth | RSHPCS,2025-12-31,Pre-earnings,2026-01-22,2025-06-30,2025-07-29,8.972706279503285,1.0
Beauty | organic_sales_growth | RSHPCS,2025-12-31,Pre-earnings,2026-01-22,2025-09-30,2025-10-24,6.4839354424026885,6.0
Beauty | organic_sales_growth | RSHPCS,2026-03-31,Origin,2026-01-01,2021-03-31,2021-04-20,3.006774244367927,7.0
Beauty | organic_sales_growth | RSHPCS,2026-03-31,Origin,2026-01-01,2021-06-30,2021-07-30,17.71687473837138,6.0
Beauty | organic_sales_growth | RSHPCS,2026-03-31,Origin,2026-01-01,2021-09-30,2021-10-19,8.056507135922875,2.0
Beauty | organic_sales_growth | RSHPCS,2026-03-31,Origin,2026-01-01,2021-12-31,2022-01-19,8.614915945210399,2.0
Beauty | organic_sales_growth | RSHPCS,2026-03-31,Origin,2026-01-01,2022-03-31,2022-04-20,6.658436933295464,3.0
Beauty | organic_sales_growth | RSHPCS,2026-03-31,Origin,2026-01-01,2022-06-30,2022-07-29,3.235995481738696,0.0
Beauty | organic_sales_growth | RSHPCS,2026-03-31,Origin,2026-01-01,2022-09-30,2022-10-19,3.553393847393038,4.0
Beauty | organic_sales_growth | RSHPCS,2026-03-31,Origin,2026-01-01,2022-12-31,2023-01-19,3.8028851607049052,3.0
Beauty | organic_sales_growth | RSHPCS,2026-03-31,Origin,2026-01-01,2023-03-31,2023-04-21,7.4226951952721,7.0
Beauty | organic_sales_growth | RSHPCS,2026-03-31,Origin,2026-01-01,2023-06-30,2023-07-28,8.374364273701707,11.0
Beauty | organic_sales_growth | RSHPCS,2026-03-31,Origin,2026-01-01,2023-09-30,2023-10-18,7.2648038453100305,5.0
Beauty | organic_sales_growth | RSHPCS,2026-03-31,Origin,2026-01-01,2023-12-31,2024-01-23,9.924801573504727,1.0
Beauty | organic_sales_growth | RSHPCS,2026-03-31,Origin,2026-01-01,2024-03-31,2024-04-19,2.22730739893211,3.0
Beauty | organic_sales_growth | RSHPCS,2026-03-31,Origin,2026-01-01,2024-06-30,2024-07-30,0.7992745765246889,3.0
Beauty | organic_sales_growth | RSHPCS,2026-03-31,Origin,2026-01-01,2024-09-30,2024-10-18,5.587423184552298,-2.0
Beauty | organic_sales_growth | RSHPCS,2026-03-31,Origin,2026-01-01,2024-12-31,2025-01-22,3.215312042509355,2.0
Beauty | organic_sales_growth | RSHPCS,2026-03-31,Origin,2026-01-01,2025-03-31,2025-04-24,7.280629756752721,2.0
Beauty | organic_sales_growth | RSHPCS,2026-03-31,Origin,2026-01-01,2025-06-30,2025-07-29,8.972706279503285,1.0
Beauty | organic_sales_growth | RSHPCS,2026-03-31,Origin,2026-01-01,2025-09-30,2025-10-24,6.476011023746842,6.0
Beauty | organic_sales_growth | RSHPCS,2026-03-31,One month,2026-03-06,2022-03-31,2022-04-20,6.658436933295464,3.0
Beauty | organic_sales_growth | RSHPCS,2026-03-31,One month,2026-03-06,2022-06-30,2022-07-29,3.235995481738696,0.0
Beauty | organic_sales_growth | RSHPCS,2026-03-31,One month,2026-03-06,2022-09-30,2022-10-19,3.553393847393038,4.0
Beauty | organic_sales_growth | RSHPCS,2026-03-31,One month,2026-03-06,2022-12-31,2023-01-19,3.8028851607049052,3.0
Beauty | organic_sales_growth | RSHPCS,2026-03-31,One month,2026-03-06,2023-03-31,2023-04-21,7.4226951952721,7.0
Beauty | organic_sales_growth | RSHPCS,2026-03-31,One month,2026-03-06,2023-06-30,2023-07-28,8.374364273701707,11.0
Beauty | organic_sales_growth | RSHPCS,2026-03-31,One month,2026-03-06,2023-09-30,2023-10-18,7.2648038453100305,5.0
Beauty | organic_sales_growth | RSHPCS,2026-03-31,One month,2026-03-06,2023-12-31,2024-01-23,9.924801573504727,1.0
Beauty | organic_sales_growth | RSHPCS,2026-03-31,One month,2026-03-06,2024-03-31,2024-04-19,2.22730739893211,3.0
Beauty | organic_sales_growth | RSHPCS,2026-03-31,One month,2026-03-06,2024-06-30,2024-07-30,0.7992745765246889,3.0
Beauty | organic_sales_growth | RSHPCS,2026-03-31,One month,2026-03-06,2024-09-30,2024-10-18,5.587423184552298,-2.0
Beauty | organic_sales_growth | RSHPCS,2026-03-31,One month,2026-03-06,2024-12-31,2025-01-22,3.121328778759791,2.0
Beauty | organic_sales_growth | RSHPCS,2026-03-31,One month,2026-03-06,2025-03-31,2025-04-24,7.599611998209221,2.0
Beauty | organic_sales_growth | RSHPCS,2026-03-31,One month,2026-03-06,2025-06-30,2025-07-29,8.972706279503285,1.0
Beauty | organic_sales_growth | RSHPCS,2026-03-31,One month,2026-03-06,2025-09-30,2025-10-24,6.4839354424026885,6.0
Beauty | organic_sales_growth | RSHPCS,2026-03-31,One month,2026-03-06,2025-12-31,2026-01-23,5.845134604598989,4.0
Beauty | organic_sales_growth | RSHPCS,2026-03-31,Two months,2026-04-01,2022-03-31,2022-04-20,6.658436933295464,3.0
Beauty | organic_sales_growth | RSHPCS,2026-03-31,Two months,2026-04-01,2022-06-30,2022-07-29,3.235995481738696,0.0
Beauty | organic_sales_growth | RSHPCS,2026-03-31,Two months,2026-04-01,2022-09-30,2022-10-19,3.553393847393038,4.0
Beauty | organic_sales_growth | RSHPCS,2026-03-31,Two months,2026-04-01,2022-12-31,2023-01-19,3.8028851607049052,3.0
Beauty | organic_sales_growth | RSHPCS,2026-03-31,Two months,2026-04-01,2023-03-31,2023-04-21,7.4226951952721,7.0
Beauty | organic_sales_growth | RSHPCS,2026-03-31,Two months,2026-04-01,2023-06-30,2023-07-28,8.374364273701707,11.0
Beauty | organic_sales_growth | RSHPCS,2026-03-31,Two months,2026-04-01,2023-09-30,2023-10-18,7.2648038453100305,5.0
Beauty | organic_sales_growth | RSHPCS,2026-03-31,Two months,2026-04-01,2023-12-31,2024-01-23,9.924801573504727,1.0
Beauty | organic_sales_growth | RSHPCS,2026-03-31,Two months,2026-04-01,2024-03-31,2024-04-19,2.22730739893211,3.0
Beauty | organic_sales_growth | RSHPCS,2026-03-31,Two months,2026-04-01,2024-06-30,2024-07-30,0.7992745765246889,3.0
Beauty | organic_sales_growth | RSHPCS,2026-03-31,Two months,2026-04-01,2024-09-30,2024-10-18,5.587423184552298,-2.0
Beauty | organic_sales_growth | RSHPCS,2026-03-31,Two months,2026-04-01,2024-12-31,2025-01-22,3.121328778759791,2.0
Beauty | organic_sales_growth | RSHPCS,2026-03-31,Two months,2026-04-01,2025-03-31,2025-04-24,7.8355842411580445,2.0
Beauty | organic_sales_growth | RSHPCS,2026-03-31,Two months,2026-04-01,2025-06-30,2025-07-29,8.972706279503285,1.0
Beauty | organic_sales_growth | RSHPCS,2026-03-31,Two months,2026-04-01,2025-09-30,2025-10-24,6.4839354424026885,6.0
Beauty | organic_sales_growth | RSHPCS,2026-03-31,Two months,2026-04-01,2025-12-31,2026-01-23,5.858279584969162,4.0
Beauty | organic_sales_growth | RSHPCS,2026-03-31,Pre-earnings,2026-04-23,2021-03-31,2021-04-20,3.006774244367927,7.0
Beauty | organic_sales_growth | RSHPCS,2026-03-31,Pre-earnings,2026-04-23,2021-06-30,2021-07-30,17.71687473837138,6.0
Beauty | organic_sales_growth | RSHPCS,2026-03-31,Pre-earnings,2026-04-23,2021-09-30,2021-10-19,8.056507135922875,2.0
Beauty | organic_sales_growth | RSHPCS,2026-03-31,Pre-earnings,2026-04-23,2021-12-31,2022-01-19,8.614915945210399,2.0
Beauty | organic_sales_growth | RSHPCS,2026-03-31,Pre-earnings,2026-04-23,2022-03-31,2022-04-20,6.658436933295464,3.0
Beauty | organic_sales_growth | RSHPCS,2026-03-31,Pre-earnings,2026-04-23,2022-06-30,2022-07-29,3.235995481738696,0.0
Beauty | organic_sales_growth | RSHPCS,2026-03-31,Pre-earnings,2026-04-23,2022-09-30,2022-10-19,3.553393847393038,4.0
Beauty | organic_sales_growth | RSHPCS,2026-03-31,Pre-earnings,2026-04-23,2022-12-31,2023-01-19,3.8028851607049052,3.0
Beauty | organic_sales_growth | RSHPCS,2026-03-31,Pre-earnings,2026-04-23,2023-03-31,2023-04-21,7.4226951952721,7.0
Beauty | organic_sales_growth | RSHPCS,2026-03-31,Pre-earnings,2026-04-23,2023-06-30,2023-07-28,8.374364273701707,11.0
Beauty | organic_sales_growth | RSHPCS,2026-03-31,Pre-earnings,2026-04-23,2023-09-30,2023-10-18,7.2648038453100305,5.0
Beauty | organic_sales_growth | RSHPCS,2026-03-31,Pre-earnings,2026-04-23,2023-12-31,2024-01-23,9.924801573504727,1.0
Beauty | organic_sales_growth | RSHPCS,2026-03-31,Pre-earnings,2026-04-23,2024-03-31,2024-04-19,2.22730739893211,3.0
Beauty | organic_sales_growth | RSHPCS,2026-03-31,Pre-earnings,2026-04-23,2024-06-30,2024-07-30,0.7992745765246889,3.0
Beauty | organic_sales_growth | RSHPCS,2026-03-31,Pre-earnings,2026-04-23,2024-09-30,2024-10-18,5.587423184552298,-2.0
Beauty | organic_sales_growth | RSHPCS,2026-03-31,Pre-earnings,2026-04-23,2024-12-31,2025-01-22,3.121328778759791,2.0
Beauty | organic_sales_growth | RSHPCS,2026-03-31,Pre-earnings,2026-04-23,2025-03-31,2025-04-24,8.094873899417987,2.0
Beauty | organic_sales_growth | RSHPCS,2026-03-31,Pre-earnings,2026-04-23,2025-06-30,2025-07-29,8.972706279503285,1.0
Beauty | organic_sales_growth | RSHPCS,2026-03-31,Pre-earnings,2026-04-23,2025-09-30,2025-10-24,6.4839354424026885,6.0
Beauty | organic_sales_growth | RSHPCS,2026-03-31,Pre-earnings,2026-04-23,2025-12-31,2026-01-23,5.858279584969162,4.0
