metric,target,cutoff,company_quarter,publication,market_growth,company_growth,stage
Baby / Feminine / Family volume,2023-06-30,2023-04-21,2021-03-31,2021-04-20,6.632753313101758,-4.0,Initial
Baby / Feminine / Family volume,2023-06-30,2023-04-21,2021-06-30,2021-07-30,14.611736810906951,-3.0,Initial
Baby / Feminine / Family volume,2023-06-30,2023-04-21,2021-09-30,2021-10-19,7.041835414855502,1.0,Initial
Baby / Feminine / Family volume,2023-06-30,2023-04-21,2021-12-31,2022-01-19,7.20478199122454,1.0,Initial
Baby / Feminine / Family volume,2023-06-30,2023-04-21,2022-03-31,2022-04-20,2.397575807211161,2.0,Initial
Baby / Feminine / Family volume,2023-06-30,2023-04-21,2022-06-30,2022-07-29,-1.1318652901275095,0.0,Initial
Baby / Feminine / Family volume,2023-06-30,2023-04-21,2022-09-30,2022-10-19,-1.5668951309377621,-3.0,Initial
Baby / Feminine / Family volume,2023-06-30,2023-04-21,2022-12-31,2023-01-19,-1.5946298639671008,-6.0,Initial
Baby / Feminine / Family volume,2023-09-30,2023-07-28,2021-03-31,2021-04-20,6.632753313101758,-4.0,Initial
Baby / Feminine / Family volume,2023-09-30,2023-07-28,2021-06-30,2021-07-30,14.611736810906951,-3.0,Initial
Baby / Feminine / Family volume,2023-09-30,2023-07-28,2021-09-30,2021-10-19,7.041835414855502,1.0,Initial
Baby / Feminine / Family volume,2023-09-30,2023-07-28,2021-12-31,2022-01-19,7.20478199122454,1.0,Initial
Baby / Feminine / Family volume,2023-09-30,2023-07-28,2022-03-31,2022-04-20,2.397575807211161,2.0,Initial
Baby / Feminine / Family volume,2023-09-30,2023-07-28,2022-06-30,2022-07-29,-1.1318652901275095,0.0,Initial
Baby / Feminine / Family volume,2023-09-30,2023-07-28,2022-09-30,2022-10-19,-1.5668951309377621,-3.0,Initial
Baby / Feminine / Family volume,2023-09-30,2023-07-28,2022-12-31,2023-01-19,-1.5946298639671008,-6.0,Initial
Baby / Feminine / Family volume,2023-09-30,2023-07-28,2023-03-31,2023-04-21,-0.3719107414220657,-4.0,Initial
Baby / Feminine / Family volume,2023-09-30,2023-07-28,2023-06-30,2023-07-28,0.4788539696591654,0.0,Initial
Baby / Feminine / Family volume,2023-12-31,2023-10-18,2021-03-31,2021-04-20,6.422656508777735,-4.0,Initial
Baby / Feminine / Family volume,2023-12-31,2023-10-18,2021-06-30,2021-07-30,13.907186483246758,-3.0,Initial
Baby / Feminine / Family volume,2023-12-31,2023-10-18,2021-09-30,2021-10-19,6.796251227530847,1.0,Initial
Baby / Feminine / Family volume,2023-12-31,2023-10-18,2021-12-31,2022-01-19,7.003262521387055,1.0,Initial
Baby / Feminine / Family volume,2023-12-31,2023-10-18,2022-03-31,2022-04-20,3.7505057736001657,2.0,Initial
Baby / Feminine / Family volume,2023-12-31,2023-10-18,2022-06-30,2022-07-29,0.22450063641921147,0.0,Initial
Baby / Feminine / Family volume,2023-12-31,2023-10-18,2022-09-30,2022-10-19,-0.4597655195850203,-3.0,Initial
Baby / Feminine / Family volume,2023-12-31,2023-10-18,2022-12-31,2023-01-19,-0.9713076900157769,-6.0,Initial
Baby / Feminine / Family volume,2023-12-31,2023-10-18,2023-03-31,2023-04-21,-0.16799664006719173,-4.0,Initial
Baby / Feminine / Family volume,2023-12-31,2023-10-18,2023-06-30,2023-07-28,0.06199938000619465,0.0,Initial
Baby / Feminine / Family volume,2024-03-31,2024-01-23,2021-03-31,2021-04-20,6.422656508777735,-4.0,Initial
Baby / Feminine / Family volume,2024-03-31,2024-01-23,2021-06-30,2021-07-30,13.907186483246758,-3.0,Initial
Baby / Feminine / Family volume,2024-03-31,2024-01-23,2021-09-30,2021-10-19,6.796251227530847,1.0,Initial
Baby / Feminine / Family volume,2024-03-31,2024-01-23,2021-12-31,2022-01-19,7.003262521387055,1.0,Initial
Baby / Feminine / Family volume,2024-03-31,2024-01-23,2022-03-31,2022-04-20,3.7505057736001657,2.0,Initial
Baby / Feminine / Family volume,2024-03-31,2024-01-23,2022-06-30,2022-07-29,0.22450063641921147,0.0,Initial
Baby / Feminine / Family volume,2024-03-31,2024-01-23,2022-09-30,2022-10-19,-0.4597655195850203,-3.0,Initial
Baby / Feminine / Family volume,2024-03-31,2024-01-23,2022-12-31,2023-01-19,-0.9713076900157769,-6.0,Initial
Baby / Feminine / Family volume,2024-03-31,2024-01-23,2023-03-31,2023-04-21,-0.16799664006719173,-4.0,Initial
Baby / Feminine / Family volume,2024-03-31,2024-01-23,2023-06-30,2023-07-28,0.06199938000619465,0.0,Initial
Baby / Feminine / Family volume,2024-03-31,2024-01-23,2023-09-30,2023-10-18,1.4338645058288524,-3.0,Initial
Baby / Feminine / Family volume,2024-06-30,2024-04-19,2021-03-31,2021-04-20,6.422656508777735,-4.0,Initial
Baby / Feminine / Family volume,2024-06-30,2024-04-19,2021-06-30,2021-07-30,13.907186483246758,-3.0,Initial
Baby / Feminine / Family volume,2024-06-30,2024-04-19,2021-09-30,2021-10-19,6.796251227530847,1.0,Initial
Baby / Feminine / Family volume,2024-06-30,2024-04-19,2021-12-31,2022-01-19,7.003262521387055,1.0,Initial
Baby / Feminine / Family volume,2024-06-30,2024-04-19,2022-03-31,2022-04-20,3.7505057736001657,2.0,Initial
Baby / Feminine / Family volume,2024-06-30,2024-04-19,2022-06-30,2022-07-29,0.22450063641921147,0.0,Initial
Baby / Feminine / Family volume,2024-06-30,2024-04-19,2022-09-30,2022-10-19,-0.4597655195850203,-3.0,Initial
Baby / Feminine / Family volume,2024-06-30,2024-04-19,2022-12-31,2023-01-19,-0.9713076900157769,-6.0,Initial
Baby / Feminine / Family volume,2024-06-30,2024-04-19,2023-03-31,2023-04-21,-0.16799664006719173,-4.0,Initial
Baby / Feminine / Family volume,2024-06-30,2024-04-19,2023-06-30,2023-07-28,0.06199938000619465,0.0,Initial
Baby / Feminine / Family volume,2024-06-30,2024-04-19,2023-09-30,2023-10-18,1.4338645058288524,-3.0,Initial
Baby / Feminine / Family volume,2024-06-30,2024-04-19,2023-12-31,2024-01-23,2.0298663136464334,-2.0,Initial
Baby / Feminine / Family volume,2024-09-30,2024-07-30,2021-03-31,2021-04-20,6.422656508777735,-4.0,Initial
Baby / Feminine / Family volume,2024-09-30,2024-07-30,2021-06-30,2021-07-30,13.907186483246758,-3.0,Initial
Baby / Feminine / Family volume,2024-09-30,2024-07-30,2021-09-30,2021-10-19,6.796251227530847,1.0,Initial
Baby / Feminine / Family volume,2024-09-30,2024-07-30,2021-12-31,2022-01-19,7.003262521387055,1.0,Initial
Baby / Feminine / Family volume,2024-09-30,2024-07-30,2022-03-31,2022-04-20,3.7505057736001657,2.0,Initial
Baby / Feminine / Family volume,2024-09-30,2024-07-30,2022-06-30,2022-07-29,0.22450063641921147,0.0,Initial
Baby / Feminine / Family volume,2024-09-30,2024-07-30,2022-09-30,2022-10-19,-0.4597655195850203,-3.0,Initial
Baby / Feminine / Family volume,2024-09-30,2024-07-30,2022-12-31,2023-01-19,-0.9713076900157769,-6.0,Initial
Baby / Feminine / Family volume,2024-09-30,2024-07-30,2023-03-31,2023-04-21,-0.16799664006719173,-4.0,Initial
Baby / Feminine / Family volume,2024-09-30,2024-07-30,2023-06-30,2023-07-28,0.06199938000619465,0.0,Initial
Baby / Feminine / Family volume,2024-09-30,2024-07-30,2023-09-30,2023-10-18,1.4338645058288524,-3.0,Initial
Baby / Feminine / Family volume,2024-09-30,2024-07-30,2023-12-31,2024-01-23,2.0298663136464334,-2.0,Initial
Baby / Feminine / Family volume,2024-09-30,2024-07-30,2024-03-31,2024-04-19,1.6317086363363043,-3.0,Initial
Baby / Feminine / Family volume,2024-09-30,2024-07-30,2024-06-30,2024-07-30,1.745900082947749,-1.0,Initial
Baby / Feminine / Family volume,2024-12-31,2024-10-18,2021-03-31,2021-04-20,6.809059633027537,-4.0,Initial
Baby / Feminine / Family volume,2024-12-31,2024-10-18,2021-06-30,2021-07-30,14.154610850804294,-3.0,Initial
Baby / Feminine / Family volume,2024-12-31,2024-10-18,2021-09-30,2021-10-19,6.792826774925675,1.0,Initial
Baby / Feminine / Family volume,2024-12-31,2024-10-18,2021-12-31,2022-01-19,6.843683446529414,1.0,Initial
Baby / Feminine / Family volume,2024-12-31,2024-10-18,2022-03-31,2022-04-20,3.404808853741881,2.0,Initial
Baby / Feminine / Family volume,2024-12-31,2024-10-18,2022-06-30,2022-07-29,-0.26864270520209343,0.0,Initial
Baby / Feminine / Family volume,2024-12-31,2024-10-18,2022-09-30,2022-10-19,-0.9788074712643757,-3.0,Initial
Baby / Feminine / Family volume,2024-12-31,2024-10-18,2022-12-31,2023-01-19,-1.5609194946349714,-6.0,Initial
Baby / Feminine / Family volume,2024-12-31,2024-10-18,2023-03-31,2023-04-21,-0.28354349497309306,-4.0,Initial
Baby / Feminine / Family volume,2024-12-31,2024-10-18,2023-06-30,2023-07-28,-0.07710486261315319,0.0,Initial
Baby / Feminine / Family volume,2024-12-31,2024-10-18,2023-09-30,2023-10-18,1.3149542033191297,-3.0,Initial
Baby / Feminine / Family volume,2024-12-31,2024-10-18,2023-12-31,2024-01-23,2.203215667311409,-2.0,Initial
Baby / Feminine / Family volume,2024-12-31,2024-10-18,2024-03-31,2024-04-19,1.360673628563136,-3.0,Initial
Baby / Feminine / Family volume,2024-12-31,2024-10-18,2024-06-30,2024-07-30,1.8739916021125014,-1.0,Initial
Baby / Feminine / Family volume,2025-03-31,2025-01-22,2021-03-31,2021-04-20,6.809059633027537,-4.0,Initial
Baby / Feminine / Family volume,2025-03-31,2025-01-22,2021-06-30,2021-07-30,14.154610850804294,-3.0,Initial
Baby / Feminine / Family volume,2025-03-31,2025-01-22,2021-09-30,2021-10-19,6.792826774925675,1.0,Initial
Baby / Feminine / Family volume,2025-03-31,2025-01-22,2021-12-31,2022-01-19,6.843683446529414,1.0,Initial
Baby / Feminine / Family volume,2025-03-31,2025-01-22,2022-03-31,2022-04-20,3.404808853741881,2.0,Initial
Baby / Feminine / Family volume,2025-03-31,2025-01-22,2022-06-30,2022-07-29,-0.26864270520209343,0.0,Initial
Baby / Feminine / Family volume,2025-03-31,2025-01-22,2022-09-30,2022-10-19,-0.9788074712643757,-3.0,Initial
Baby / Feminine / Family volume,2025-03-31,2025-01-22,2022-12-31,2023-01-19,-1.5609194946349714,-6.0,Initial
Baby / Feminine / Family volume,2025-03-31,2025-01-22,2023-03-31,2023-04-21,-0.28354349497309306,-4.0,Initial
Baby / Feminine / Family volume,2025-03-31,2025-01-22,2023-06-30,2023-07-28,-0.07710486261315319,0.0,Initial
Baby / Feminine / Family volume,2025-03-31,2025-01-22,2023-09-30,2023-10-18,1.3149542033191297,-3.0,Initial
Baby / Feminine / Family volume,2025-03-31,2025-01-22,2023-12-31,2024-01-23,2.203215667311409,-2.0,Initial
Baby / Feminine / Family volume,2025-03-31,2025-01-22,2024-03-31,2024-04-19,1.360673628563136,-3.0,Initial
Baby / Feminine / Family volume,2025-03-31,2025-01-22,2024-06-30,2024-07-30,1.8739916021125014,-1.0,Initial
Baby / Feminine / Family volume,2025-03-31,2025-01-22,2024-09-30,2024-10-18,2.247682698810527,-1.0,Initial
Baby / Feminine / Family volume,2025-06-30,2025-04-24,2021-03-31,2021-04-20,6.809059633027537,-4.0,Initial
Baby / Feminine / Family volume,2025-06-30,2025-04-24,2021-06-30,2021-07-30,14.154610850804294,-3.0,Initial
Baby / Feminine / Family volume,2025-06-30,2025-04-24,2021-09-30,2021-10-19,6.792826774925675,1.0,Initial
Baby / Feminine / Family volume,2025-06-30,2025-04-24,2021-12-31,2022-01-19,6.843683446529414,1.0,Initial
Baby / Feminine / Family volume,2025-06-30,2025-04-24,2022-03-31,2022-04-20,3.404808853741881,2.0,Initial
Baby / Feminine / Family volume,2025-06-30,2025-04-24,2022-06-30,2022-07-29,-0.26864270520209343,0.0,Initial
Baby / Feminine / Family volume,2025-06-30,2025-04-24,2022-09-30,2022-10-19,-0.9788074712643757,-3.0,Initial
Baby / Feminine / Family volume,2025-06-30,2025-04-24,2022-12-31,2023-01-19,-1.5609194946349714,-6.0,Initial
Baby / Feminine / Family volume,2025-06-30,2025-04-24,2023-03-31,2023-04-21,-0.28354349497309306,-4.0,Initial
Baby / Feminine / Family volume,2025-06-30,2025-04-24,2023-06-30,2023-07-28,-0.07710486261315319,0.0,Initial
Baby / Feminine / Family volume,2025-06-30,2025-04-24,2023-09-30,2023-10-18,1.3149542033191297,-3.0,Initial
Baby / Feminine / Family volume,2025-06-30,2025-04-24,2023-12-31,2024-01-23,2.203215667311409,-2.0,Initial
Baby / Feminine / Family volume,2025-06-30,2025-04-24,2024-03-31,2024-04-19,1.360673628563136,-3.0,Initial
Baby / Feminine / Family volume,2025-06-30,2025-04-24,2024-06-30,2024-07-30,1.8739916021125014,-1.0,Initial
Baby / Feminine / Family volume,2025-06-30,2025-04-24,2024-09-30,2024-10-18,2.247682698810527,-1.0,Initial
Baby / Feminine / Family volume,2025-06-30,2025-04-24,2024-12-31,2025-01-22,2.1103784092813216,4.0,Initial
Baby / Feminine / Family volume,2025-09-30,2025-07-29,2021-03-31,2021-04-20,6.809059633027537,-4.0,Initial
Baby / Feminine / Family volume,2025-09-30,2025-07-29,2021-06-30,2021-07-30,14.154610850804294,-3.0,Initial
Baby / Feminine / Family volume,2025-09-30,2025-07-29,2021-09-30,2021-10-19,6.792826774925675,1.0,Initial
Baby / Feminine / Family volume,2025-09-30,2025-07-29,2021-12-31,2022-01-19,6.843683446529414,1.0,Initial
Baby / Feminine / Family volume,2025-09-30,2025-07-29,2022-03-31,2022-04-20,3.404808853741881,2.0,Initial
Baby / Feminine / Family volume,2025-09-30,2025-07-29,2022-06-30,2022-07-29,-0.26864270520209343,0.0,Initial
Baby / Feminine / Family volume,2025-09-30,2025-07-29,2022-09-30,2022-10-19,-0.9788074712643757,-3.0,Initial
Baby / Feminine / Family volume,2025-09-30,2025-07-29,2022-12-31,2023-01-19,-1.5609194946349714,-6.0,Initial
Baby / Feminine / Family volume,2025-09-30,2025-07-29,2023-03-31,2023-04-21,-0.28354349497309306,-4.0,Initial
Baby / Feminine / Family volume,2025-09-30,2025-07-29,2023-06-30,2023-07-28,-0.07710486261315319,0.0,Initial
Baby / Feminine / Family volume,2025-09-30,2025-07-29,2023-09-30,2023-10-18,1.3149542033191297,-3.0,Initial
Baby / Feminine / Family volume,2025-09-30,2025-07-29,2023-12-31,2024-01-23,2.203215667311409,-2.0,Initial
Baby / Feminine / Family volume,2025-09-30,2025-07-29,2024-03-31,2024-04-19,1.360673628563136,-3.0,Initial
Baby / Feminine / Family volume,2025-09-30,2025-07-29,2024-06-30,2024-07-30,1.8739916021125014,-1.0,Initial
Baby / Feminine / Family volume,2025-09-30,2025-07-29,2024-09-30,2024-10-18,2.247682698810527,-1.0,Initial
Baby / Feminine / Family volume,2025-09-30,2025-07-29,2024-12-31,2025-01-22,2.1103784092813216,4.0,Initial
Baby / Feminine / Family volume,2025-09-30,2025-07-29,2025-03-31,2025-04-24,2.869532577344036,-2.0,Initial
Baby / Feminine / Family volume,2025-12-31,2025-10-24,2021-03-31,2021-04-20,6.575055187637968,-4.0,Initial
Baby / Feminine / Family volume,2025-12-31,2025-10-24,2021-06-30,2021-07-30,14.016061969584781,-3.0,Initial
Baby / Feminine / Family volume,2025-12-31,2025-10-24,2021-09-30,2021-10-19,7.004214906898576,1.0,Initial
Baby / Feminine / Family volume,2025-12-31,2025-10-24,2021-12-31,2022-01-19,7.099598376506089,1.0,Initial
Baby / Feminine / Family volume,2025-12-31,2025-10-24,2022-03-31,2022-04-20,3.598910488105478,2.0,Initial
Baby / Feminine / Family volume,2025-12-31,2025-10-24,2022-06-30,2022-07-29,-0.03796621007303713,0.0,Initial
Baby / Feminine / Family volume,2025-12-31,2025-10-24,2022-09-30,2022-10-19,-0.9742817539066029,-3.0,Initial
Baby / Feminine / Family volume,2025-12-31,2025-10-24,2022-12-31,2023-01-19,-1.708333333333334,-6.0,Initial
Baby / Feminine / Family volume,2025-12-31,2025-10-24,2023-03-31,2023-04-21,-0.5138355726167609,-4.0,Initial
Baby / Feminine / Family volume,2025-12-31,2025-10-24,2023-06-30,2023-07-28,-0.38380425982749156,0.0,Initial
Baby / Feminine / Family volume,2025-12-31,2025-10-24,2023-09-30,2023-10-18,1.1893013232362026,-3.0,Initial
Baby / Feminine / Family volume,2025-12-31,2025-10-24,2023-12-31,2024-01-23,2.2255192878338326,-2.0,Initial
Baby / Feminine / Family volume,2025-12-31,2025-10-24,2024-03-31,2024-04-19,1.3726160091641626,-3.0,Initial
Baby / Feminine / Family volume,2025-12-31,2025-10-24,2024-06-30,2024-07-30,2.2805943792830297,-1.0,Initial
Baby / Feminine / Family volume,2025-12-31,2025-10-24,2024-09-30,2024-10-18,2.650199536239972,-1.0,Initial
Baby / Feminine / Family volume,2025-12-31,2025-10-24,2024-12-31,2025-01-22,2.787239714463441,4.0,Initial
Baby / Feminine / Family volume,2025-12-31,2025-10-24,2025-03-31,2025-04-24,3.749851314380881,-2.0,Initial
Baby / Feminine / Family volume,2025-12-31,2025-10-24,2025-06-30,2025-07-29,3.2332744751814912,0.0,Initial
Baby / Feminine / Family volume,2026-03-31,2026-01-22,2022-03-31,2022-04-20,3.598910488105478,2.0,Initial
Baby / Feminine / Family volume,2026-03-31,2026-01-22,2022-06-30,2022-07-29,-0.03796621007303713,0.0,Initial
Baby / Feminine / Family volume,2026-03-31,2026-01-22,2022-09-30,2022-10-19,-0.9742817539066029,-3.0,Initial
Baby / Feminine / Family volume,2026-03-31,2026-01-22,2022-12-31,2023-01-19,-1.708333333333334,-6.0,Initial
Baby / Feminine / Family volume,2026-03-31,2026-01-22,2023-03-31,2023-04-21,-0.5138355726167609,-4.0,Initial
Baby / Feminine / Family volume,2026-03-31,2026-01-22,2023-06-30,2023-07-28,-0.38380425982749156,0.0,Initial
Baby / Feminine / Family volume,2026-03-31,2026-01-22,2023-09-30,2023-10-18,1.1893013232362026,-3.0,Initial
Baby / Feminine / Family volume,2026-03-31,2026-01-22,2023-12-31,2024-01-23,2.2255192878338326,-2.0,Initial
Baby / Feminine / Family volume,2026-03-31,2026-01-22,2024-03-31,2024-04-19,1.3726160091641626,-3.0,Initial
Baby / Feminine / Family volume,2026-03-31,2026-01-22,2024-06-30,2024-07-30,2.2805943792830297,-1.0,Initial
Baby / Feminine / Family volume,2026-03-31,2026-01-22,2024-09-30,2024-10-18,2.650199536239972,-1.0,Initial
Baby / Feminine / Family volume,2026-03-31,2026-01-22,2024-12-31,2025-01-22,2.787239714463441,4.0,Initial
Baby / Feminine / Family volume,2026-03-31,2026-01-22,2025-03-31,2025-04-24,3.749851314380881,-2.0,Initial
Baby / Feminine / Family volume,2026-03-31,2026-01-22,2025-06-30,2025-07-29,3.2332744751814912,0.0,Initial
Baby / Feminine / Family volume,2026-03-31,2026-01-22,2025-09-30,2025-10-24,2.996723091540132,0.0,Initial
Beauty organic sales,2023-06-30,2023-04-21,2021-03-31,2021-04-20,3.4761701458328575,7.0,Initial
Beauty organic sales,2023-06-30,2023-04-21,2021-06-30,2021-07-30,19.07145939946975,6.0,Initial
Beauty organic sales,2023-06-30,2023-04-21,2021-09-30,2021-10-19,8.502033263526476,2.0,Initial
Beauty organic sales,2023-06-30,2023-04-21,2021-12-31,2022-01-19,9.030684955909862,2.0,Initial
Beauty organic sales,2023-06-30,2023-04-21,2022-03-31,2022-04-20,6.172638436482081,3.0,Initial
Beauty organic sales,2023-06-30,2023-04-21,2022-06-30,2022-07-29,2.912148797133418,0.0,Initial
Beauty organic sales,2023-06-30,2023-04-21,2022-09-30,2022-10-19,3.3700292069198,4.0,Initial
Beauty organic sales,2023-06-30,2023-04-21,2022-12-31,2023-01-19,3.444402463059215,3.0,Initial
Beauty organic sales,2023-06-30,2023-04-21,2023-03-31,2023-04-21,6.828245640946973,7.0,Initial
Beauty organic sales,2023-09-30,2023-07-28,2021-03-31,2021-04-20,3.3727112950232563,7.0,Initial
Beauty organic sales,2023-09-30,2023-07-28,2021-06-30,2021-07-30,17.852207433267875,6.0,Initial
Beauty organic sales,2023-09-30,2023-07-28,2021-09-30,2021-10-19,7.34082151706672,2.0,Initial
Beauty organic sales,2023-09-30,2023-07-28,2021-12-31,2022-01-19,7.720221454804577,2.0,Initial
Beauty organic sales,2023-09-30,2023-07-28,2022-03-31,2022-04-20,5.2620251802431905,3.0,Initial
Beauty organic sales,2023-09-30,2023-07-28,2022-06-30,2022-07-29,2.16208432334577,0.0,Initial
Beauty organic sales,2023-09-30,2023-07-28,2022-09-30,2022-10-19,2.924666449723401,4.0,Initial
Beauty organic sales,2023-09-30,2023-07-28,2022-12-31,2023-01-19,3.061359496015559,3.0,Initial
Beauty organic sales,2023-09-30,2023-07-28,2023-03-31,2023-04-21,7.297076262523006,7.0,Initial
Beauty organic sales,2023-09-30,2023-07-28,2023-06-30,2023-07-28,7.4433917622303,11.0,Initial
Beauty organic sales,2023-12-31,2023-10-18,2021-03-31,2021-04-20,3.3727112950232563,7.0,Initial
Beauty organic sales,2023-12-31,2023-10-18,2021-06-30,2021-07-30,17.852207433267875,6.0,Initial
Beauty organic sales,2023-12-31,2023-10-18,2021-09-30,2021-10-19,7.34082151706672,2.0,Initial
Beauty organic sales,2023-12-31,2023-10-18,2021-12-31,2022-01-19,7.720221454804577,2.0,Initial
Beauty organic sales,2023-12-31,2023-10-18,2022-03-31,2022-04-20,5.2620251802431905,3.0,Initial
Beauty organic sales,2023-12-31,2023-10-18,2022-06-30,2022-07-29,2.1271124551279996,0.0,Initial
Beauty organic sales,2023-12-31,2023-10-18,2022-09-30,2022-10-19,2.820940449072573,4.0,Initial
Beauty organic sales,2023-12-31,2023-10-18,2022-12-31,2023-01-19,3.061359496015559,3.0,Initial
Beauty organic sales,2023-12-31,2023-10-18,2023-03-31,2023-04-21,7.297076262523006,7.0,Initial
Beauty organic sales,2023-12-31,2023-10-18,2023-06-30,2023-07-28,8.25972665652792,11.0,Initial
Beauty organic sales,2023-12-31,2023-10-18,2023-09-30,2023-10-18,8.006131935515782,5.0,Initial
Beauty organic sales,2024-03-31,2024-01-23,2021-03-31,2021-04-20,3.3727112950232563,7.0,Initial
Beauty organic sales,2024-03-31,2024-01-23,2021-06-30,2021-07-30,17.852207433267875,6.0,Initial
Beauty organic sales,2024-03-31,2024-01-23,2021-09-30,2021-10-19,7.34082151706672,2.0,Initial
Beauty organic sales,2024-03-31,2024-01-23,2021-12-31,2022-01-19,7.720221454804577,2.0,Initial
Beauty organic sales,2024-03-31,2024-01-23,2022-03-31,2022-04-20,5.2620251802431905,3.0,Initial
Beauty organic sales,2024-03-31,2024-01-23,2022-06-30,2022-07-29,2.1271124551279996,0.0,Initial
Beauty organic sales,2024-03-31,2024-01-23,2022-09-30,2022-10-19,2.8911080377481246,4.0,Initial
Beauty organic sales,2024-03-31,2024-01-23,2022-12-31,2023-01-19,3.0318450593850743,3.0,Initial
Beauty organic sales,2024-03-31,2024-01-23,2023-03-31,2023-04-21,7.297076262523006,7.0,Initial
Beauty organic sales,2024-03-31,2024-01-23,2023-06-30,2023-07-28,8.25972665652792,11.0,Initial
Beauty organic sales,2024-03-31,2024-01-23,2023-09-30,2023-10-18,8.224038585081894,5.0,Initial
Beauty organic sales,2024-03-31,2024-01-23,2023-12-31,2024-01-23,10.13967363388517,1.0,Initial
Beauty organic sales,2024-06-30,2024-04-19,2021-03-31,2021-04-20,3.3727112950232563,7.0,Initial
Beauty organic sales,2024-06-30,2024-04-19,2021-06-30,2021-07-30,17.852207433267875,6.0,Initial
Beauty organic sales,2024-06-30,2024-04-19,2021-09-30,2021-10-19,7.34082151706672,2.0,Initial
Beauty organic sales,2024-06-30,2024-04-19,2021-12-31,2022-01-19,7.720221454804577,2.0,Initial
Beauty organic sales,2024-06-30,2024-04-19,2022-03-31,2022-04-20,5.2620251802431905,3.0,Initial
Beauty organic sales,2024-06-30,2024-04-19,2022-06-30,2022-07-29,2.1271124551279996,0.0,Initial
Beauty organic sales,2024-06-30,2024-04-19,2022-09-30,2022-10-19,2.8911080377481246,4.0,Initial
Beauty organic sales,2024-06-30,2024-04-19,2022-12-31,2023-01-19,2.942284010299523,3.0,Initial
Beauty organic sales,2024-06-30,2024-04-19,2023-03-31,2023-04-21,7.928848906154151,7.0,Initial
Beauty organic sales,2024-06-30,2024-04-19,2023-06-30,2023-07-28,8.25972665652792,11.0,Initial
Beauty organic sales,2024-06-30,2024-04-19,2023-09-30,2023-10-18,8.224038585081894,5.0,Initial
Beauty organic sales,2024-06-30,2024-04-19,2023-12-31,2024-01-23,10.220666745758699,1.0,Initial
Beauty organic sales,2024-06-30,2024-04-19,2024-03-31,2024-04-19,2.69474122906721,3.0,Initial
Beauty organic sales,2024-09-30,2024-07-30,2021-03-31,2021-04-20,3.005664778407202,7.0,Initial
Beauty organic sales,2024-09-30,2024-07-30,2021-06-30,2021-07-30,18.191342909006746,6.0,Initial
Beauty organic sales,2024-09-30,2024-07-30,2021-09-30,2021-10-19,8.153142253799949,2.0,Initial
Beauty organic sales,2024-09-30,2024-07-30,2021-12-31,2022-01-19,8.559494342291373,2.0,Initial
Beauty organic sales,2024-09-30,2024-07-30,2022-03-31,2022-04-20,6.686723602484479,3.0,Initial
Beauty organic sales,2024-09-30,2024-07-30,2022-06-30,2022-07-29,3.3005205380611136,0.0,Initial
Beauty organic sales,2024-09-30,2024-07-30,2022-09-30,2022-10-19,3.7534957034626615,4.0,Initial
Beauty organic sales,2024-09-30,2024-07-30,2022-12-31,2023-01-19,3.85374890576331,3.0,Initial
Beauty organic sales,2024-09-30,2024-07-30,2023-03-31,2023-04-21,7.407744322144394,7.0,Initial
Beauty organic sales,2024-09-30,2024-07-30,2023-06-30,2023-07-28,8.55443687198778,11.0,Initial
Beauty organic sales,2024-09-30,2024-07-30,2023-09-30,2023-10-18,7.241291435516439,5.0,Initial
Beauty organic sales,2024-09-30,2024-07-30,2023-12-31,2024-01-23,9.637550476339829,1.0,Initial
Beauty organic sales,2024-09-30,2024-07-30,2024-03-31,2024-04-19,2.1559106393390204,3.0,Initial
Beauty organic sales,2024-09-30,2024-07-30,2024-06-30,2024-07-30,0.08916260685725153,3.0,Initial
Beauty organic sales,2024-12-31,2024-10-18,2021-03-31,2021-04-20,3.005664778407202,7.0,Initial
Beauty organic sales,2024-12-31,2024-10-18,2021-06-30,2021-07-30,18.191342909006746,6.0,Initial
Beauty organic sales,2024-12-31,2024-10-18,2021-09-30,2021-10-19,8.153142253799949,2.0,Initial
Beauty organic sales,2024-12-31,2024-10-18,2021-12-31,2022-01-19,8.559494342291373,2.0,Initial
Beauty organic sales,2024-12-31,2024-10-18,2022-03-31,2022-04-20,6.686723602484479,3.0,Initial
Beauty organic sales,2024-12-31,2024-10-18,2022-06-30,2022-07-29,3.3005205380611136,0.0,Initial
Beauty organic sales,2024-12-31,2024-10-18,2022-09-30,2022-10-19,3.7534957034626615,4.0,Initial
Beauty organic sales,2024-12-31,2024-10-18,2022-12-31,2023-01-19,3.85374890576331,3.0,Initial
Beauty organic sales,2024-12-31,2024-10-18,2023-03-31,2023-04-21,7.407744322144394,7.0,Initial
Beauty organic sales,2024-12-31,2024-10-18,2023-06-30,2023-07-28,8.591356755839819,11.0,Initial
Beauty organic sales,2024-12-31,2024-10-18,2023-09-30,2023-10-18,6.840413228000708,5.0,Initial
Beauty organic sales,2024-12-31,2024-10-18,2023-12-31,2024-01-23,9.637550476339829,1.0,Initial
Beauty organic sales,2024-12-31,2024-10-18,2024-03-31,2024-04-19,2.1559106393390204,3.0,Initial
Beauty organic sales,2024-12-31,2024-10-18,2024-06-30,2024-07-30,0.7994339639979087,3.0,Initial
Beauty organic sales,2024-12-31,2024-10-18,2024-09-30,2024-10-18,4.273198477134077,-2.0,Initial
Beauty organic sales,2025-03-31,2025-01-22,2021-03-31,2021-04-20,3.005664778407202,7.0,Initial
Beauty organic sales,2025-03-31,2025-01-22,2021-06-30,2021-07-30,18.191342909006746,6.0,Initial
Beauty organic sales,2025-03-31,2025-01-22,2021-09-30,2021-10-19,8.153142253799949,2.0,Initial
Beauty organic sales,2025-03-31,2025-01-22,2021-12-31,2022-01-19,8.559494342291373,2.0,Initial
Beauty organic sales,2025-03-31,2025-01-22,2022-03-31,2022-04-20,6.686723602484479,3.0,Initial
Beauty organic sales,2025-03-31,2025-01-22,2022-06-30,2022-07-29,3.3005205380611136,0.0,Initial
Beauty organic sales,2025-03-31,2025-01-22,2022-09-30,2022-10-19,3.7534957034626615,4.0,Initial
Beauty organic sales,2025-03-31,2025-01-22,2022-12-31,2023-01-19,3.85374890576331,3.0,Initial
Beauty organic sales,2025-03-31,2025-01-22,2023-03-31,2023-04-21,7.407744322144394,7.0,Initial
Beauty organic sales,2025-03-31,2025-01-22,2023-06-30,2023-07-28,8.591356755839819,11.0,Initial
Beauty organic sales,2025-03-31,2025-01-22,2023-09-30,2023-10-18,6.840413228000708,5.0,Initial
Beauty organic sales,2025-03-31,2025-01-22,2023-12-31,2024-01-23,9.454267455992472,1.0,Initial
Beauty organic sales,2025-03-31,2025-01-22,2024-03-31,2024-04-19,2.1559106393390204,3.0,Initial
Beauty organic sales,2025-03-31,2025-01-22,2024-06-30,2024-07-30,0.7994339639979087,3.0,Initial
Beauty organic sales,2025-03-31,2025-01-22,2024-09-30,2024-10-18,4.479611027017105,-2.0,Initial
Beauty organic sales,2025-03-31,2025-01-22,2024-12-31,2025-01-22,2.3264143847269825,2.0,Initial
Beauty organic sales,2025-06-30,2025-04-24,2021-03-31,2021-04-20,3.005664778407202,7.0,Initial
Beauty organic sales,2025-06-30,2025-04-24,2021-06-30,2021-07-30,18.191342909006746,6.0,Initial
Beauty organic sales,2025-06-30,2025-04-24,2021-09-30,2021-10-19,8.153142253799949,2.0,Initial
Beauty organic sales,2025-06-30,2025-04-24,2021-12-31,2022-01-19,8.559494342291373,2.0,Initial
Beauty organic sales,2025-06-30,2025-04-24,2022-03-31,2022-04-20,6.686723602484479,3.0,Initial
Beauty organic sales,2025-06-30,2025-04-24,2022-06-30,2022-07-29,3.3005205380611136,0.0,Initial
Beauty organic sales,2025-06-30,2025-04-24,2022-09-30,2022-10-19,3.7534957034626615,4.0,Initial
Beauty organic sales,2025-06-30,2025-04-24,2022-12-31,2023-01-19,3.85374890576331,3.0,Initial
Beauty organic sales,2025-06-30,2025-04-24,2023-03-31,2023-04-21,7.407744322144394,7.0,Initial
Beauty organic sales,2025-06-30,2025-04-24,2023-06-30,2023-07-28,8.591356755839819,11.0,Initial
Beauty organic sales,2025-06-30,2025-04-24,2023-09-30,2023-10-18,6.840413228000708,5.0,Initial
Beauty organic sales,2025-06-30,2025-04-24,2023-12-31,2024-01-23,9.323911083232051,1.0,Initial
Beauty organic sales,2025-06-30,2025-04-24,2024-03-31,2024-04-19,2.5022114316902933,3.0,Initial
Beauty organic sales,2025-06-30,2025-04-24,2024-06-30,2024-07-30,0.7994339639979087,3.0,Initial
Beauty organic sales,2025-06-30,2025-04-24,2024-09-30,2024-10-18,4.479611027017105,-2.0,Initial
Beauty organic sales,2025-06-30,2025-04-24,2024-12-31,2025-01-22,2.7693852484736547,2.0,Initial
Beauty organic sales,2025-06-30,2025-04-24,2025-03-31,2025-04-24,6.01973835207712,2.0,Initial
Beauty organic sales,2025-09-30,2025-07-29,2021-03-31,2021-04-20,3.006774244367927,7.0,Initial
Beauty organic sales,2025-09-30,2025-07-29,2021-06-30,2021-07-30,17.71687473837138,6.0,Initial
Beauty organic sales,2025-09-30,2025-07-29,2021-09-30,2021-10-19,8.056507135922875,2.0,Initial
Beauty organic sales,2025-09-30,2025-07-29,2021-12-31,2022-01-19,8.614915945210399,2.0,Initial
Beauty organic sales,2025-09-30,2025-07-29,2022-03-31,2022-04-20,6.658436933295464,3.0,Initial
Beauty organic sales,2025-09-30,2025-07-29,2022-06-30,2022-07-29,3.235995481738696,0.0,Initial
Beauty organic sales,2025-09-30,2025-07-29,2022-09-30,2022-10-19,3.553393847393038,4.0,Initial
Beauty organic sales,2025-09-30,2025-07-29,2022-12-31,2023-01-19,3.8028851607049052,3.0,Initial
Beauty organic sales,2025-09-30,2025-07-29,2023-03-31,2023-04-21,7.4226951952721,7.0,Initial
Beauty organic sales,2025-09-30,2025-07-29,2023-06-30,2023-07-28,8.374364273701707,11.0,Initial
Beauty organic sales,2025-09-30,2025-07-29,2023-09-30,2023-10-18,7.2648038453100305,5.0,Initial
Beauty organic sales,2025-09-30,2025-07-29,2023-12-31,2024-01-23,9.924801573504727,1.0,Initial
Beauty organic sales,2025-09-30,2025-07-29,2024-03-31,2024-04-19,2.22730739893211,3.0,Initial
Beauty organic sales,2025-09-30,2025-07-29,2024-06-30,2024-07-30,0.8338630669707969,3.0,Initial
Beauty organic sales,2025-09-30,2025-07-29,2024-09-30,2024-10-18,5.945352955942096,-2.0,Initial
Beauty organic sales,2025-09-30,2025-07-29,2024-12-31,2025-01-22,3.215312042509355,2.0,Initial
Beauty organic sales,2025-09-30,2025-07-29,2025-03-31,2025-04-24,7.280629756752721,2.0,Initial
Beauty organic sales,2025-09-30,2025-07-29,2025-06-30,2025-07-29,8.247422680412363,1.0,Initial
Beauty organic sales,2025-12-31,2025-10-24,2021-03-31,2021-04-20,3.006774244367927,7.0,Initial
Beauty organic sales,2025-12-31,2025-10-24,2021-06-30,2021-07-30,17.71687473837138,6.0,Initial
Beauty organic sales,2025-12-31,2025-10-24,2021-09-30,2021-10-19,8.056507135922875,2.0,Initial
Beauty organic sales,2025-12-31,2025-10-24,2021-12-31,2022-01-19,8.614915945210399,2.0,Initial
Beauty organic sales,2025-12-31,2025-10-24,2022-03-31,2022-04-20,6.658436933295464,3.0,Initial
Beauty organic sales,2025-12-31,2025-10-24,2022-06-30,2022-07-29,3.235995481738696,0.0,Initial
Beauty organic sales,2025-12-31,2025-10-24,2022-09-30,2022-10-19,3.553393847393038,4.0,Initial
Beauty organic sales,2025-12-31,2025-10-24,2022-12-31,2023-01-19,3.8028851607049052,3.0,Initial
Beauty organic sales,2025-12-31,2025-10-24,2023-03-31,2023-04-21,7.4226951952721,7.0,Initial
Beauty organic sales,2025-12-31,2025-10-24,2023-06-30,2023-07-28,8.374364273701707,11.0,Initial
Beauty organic sales,2025-12-31,2025-10-24,2023-09-30,2023-10-18,7.2648038453100305,5.0,Initial
Beauty organic sales,2025-12-31,2025-10-24,2023-12-31,2024-01-23,9.924801573504727,1.0,Initial
Beauty organic sales,2025-12-31,2025-10-24,2024-03-31,2024-04-19,2.22730739893211,3.0,Initial
Beauty organic sales,2025-12-31,2025-10-24,2024-06-30,2024-07-30,0.7992745765246889,3.0,Initial
Beauty organic sales,2025-12-31,2025-10-24,2024-09-30,2024-10-18,5.8040404228219655,-2.0,Initial
Beauty organic sales,2025-12-31,2025-10-24,2024-12-31,2025-01-22,3.215312042509355,2.0,Initial
Beauty organic sales,2025-12-31,2025-10-24,2025-03-31,2025-04-24,7.280629756752721,2.0,Initial
Beauty organic sales,2025-12-31,2025-10-24,2025-06-30,2025-07-29,8.972706279503285,1.0,Initial
Beauty organic sales,2026-03-31,2026-01-22,2021-03-31,2021-04-20,3.006774244367927,7.0,Initial
Beauty organic sales,2026-03-31,2026-01-22,2021-06-30,2021-07-30,17.71687473837138,6.0,Initial
Beauty organic sales,2026-03-31,2026-01-22,2021-09-30,2021-10-19,8.056507135922875,2.0,Initial
Beauty organic sales,2026-03-31,2026-01-22,2021-12-31,2022-01-19,8.614915945210399,2.0,Initial
Beauty organic sales,2026-03-31,2026-01-22,2022-03-31,2022-04-20,6.658436933295464,3.0,Initial
Beauty organic sales,2026-03-31,2026-01-22,2022-06-30,2022-07-29,3.235995481738696,0.0,Initial
Beauty organic sales,2026-03-31,2026-01-22,2022-09-30,2022-10-19,3.553393847393038,4.0,Initial
Beauty organic sales,2026-03-31,2026-01-22,2022-12-31,2023-01-19,3.8028851607049052,3.0,Initial
Beauty organic sales,2026-03-31,2026-01-22,2023-03-31,2023-04-21,7.4226951952721,7.0,Initial
Beauty organic sales,2026-03-31,2026-01-22,2023-06-30,2023-07-28,8.374364273701707,11.0,Initial
Beauty organic sales,2026-03-31,2026-01-22,2023-09-30,2023-10-18,7.2648038453100305,5.0,Initial
Beauty organic sales,2026-03-31,2026-01-22,2023-12-31,2024-01-23,9.924801573504727,1.0,Initial
Beauty organic sales,2026-03-31,2026-01-22,2024-03-31,2024-04-19,2.22730739893211,3.0,Initial
Beauty organic sales,2026-03-31,2026-01-22,2024-06-30,2024-07-30,0.7992745765246889,3.0,Initial
Beauty organic sales,2026-03-31,2026-01-22,2024-09-30,2024-10-18,5.587423184552298,-2.0,Initial
Beauty organic sales,2026-03-31,2026-01-22,2024-12-31,2025-01-22,3.2180230981944336,2.0,Initial
Beauty organic sales,2026-03-31,2026-01-22,2025-03-31,2025-04-24,7.280629756752721,2.0,Initial
Beauty organic sales,2026-03-31,2026-01-22,2025-06-30,2025-07-29,8.972706279503285,1.0,Initial
Beauty organic sales,2026-03-31,2026-01-22,2025-09-30,2025-10-24,6.4839354424026885,6.0,Initial
Beauty volume,2023-06-30,2023-04-21,2021-03-31,2021-04-20,6.632753313101758,2.0,Initial
Beauty volume,2023-06-30,2023-04-21,2021-06-30,2021-07-30,14.611736810906951,1.0,Initial
Beauty volume,2023-06-30,2023-04-21,2021-09-30,2021-10-19,7.041835414855502,0.0,Initial
Beauty volume,2023-06-30,2023-04-21,2021-12-31,2022-01-19,7.20478199122454,1.0,Initial
Beauty volume,2023-06-30,2023-04-21,2022-03-31,2022-04-20,2.397575807211161,-1.0,Initial
Beauty volume,2023-06-30,2023-04-21,2022-06-30,2022-07-29,-1.1318652901275095,-2.0,Initial
Beauty volume,2023-06-30,2023-04-21,2022-09-30,2022-10-19,-1.5668951309377621,-1.0,Initial
Beauty volume,2023-06-30,2023-04-21,2022-12-31,2023-01-19,-1.5946298639671008,-4.0,Initial
Beauty volume,2023-09-30,2023-07-28,2021-03-31,2021-04-20,6.632753313101758,2.0,Initial
Beauty volume,2023-09-30,2023-07-28,2021-06-30,2021-07-30,14.611736810906951,1.0,Initial
Beauty volume,2023-09-30,2023-07-28,2021-09-30,2021-10-19,7.041835414855502,0.0,Initial
Beauty volume,2023-09-30,2023-07-28,2021-12-31,2022-01-19,7.20478199122454,1.0,Initial
Beauty volume,2023-09-30,2023-07-28,2022-03-31,2022-04-20,2.397575807211161,-1.0,Initial
Beauty volume,2023-09-30,2023-07-28,2022-06-30,2022-07-29,-1.1318652901275095,-2.0,Initial
Beauty volume,2023-09-30,2023-07-28,2022-09-30,2022-10-19,-1.5668951309377621,-1.0,Initial
Beauty volume,2023-09-30,2023-07-28,2022-12-31,2023-01-19,-1.5946298639671008,-4.0,Initial
Beauty volume,2023-09-30,2023-07-28,2023-03-31,2023-04-21,-0.3719107414220657,0.0,Initial
Beauty volume,2023-09-30,2023-07-28,2023-06-30,2023-07-28,0.4788539696591654,-1.0,Initial
Beauty volume,2023-12-31,2023-10-18,2021-03-31,2021-04-20,6.422656508777735,2.0,Initial
Beauty volume,2023-12-31,2023-10-18,2021-06-30,2021-07-30,13.907186483246758,1.0,Initial
Beauty volume,2023-12-31,2023-10-18,2021-09-30,2021-10-19,6.796251227530847,0.0,Initial
Beauty volume,2023-12-31,2023-10-18,2021-12-31,2022-01-19,7.003262521387055,1.0,Initial
Beauty volume,2023-12-31,2023-10-18,2022-03-31,2022-04-20,3.7505057736001657,-1.0,Initial
Beauty volume,2023-12-31,2023-10-18,2022-06-30,2022-07-29,0.22450063641921147,-2.0,Initial
Beauty volume,2023-12-31,2023-10-18,2022-09-30,2022-10-19,-0.4597655195850203,-1.0,Initial
Beauty volume,2023-12-31,2023-10-18,2022-12-31,2023-01-19,-0.9713076900157769,-4.0,Initial
Beauty volume,2023-12-31,2023-10-18,2023-03-31,2023-04-21,-0.16799664006719173,0.0,Initial
Beauty volume,2023-12-31,2023-10-18,2023-06-30,2023-07-28,0.06199938000619465,-1.0,Initial
Beauty volume,2024-03-31,2024-01-23,2021-03-31,2021-04-20,6.422656508777735,2.0,Initial
Beauty volume,2024-03-31,2024-01-23,2021-06-30,2021-07-30,13.907186483246758,1.0,Initial
Beauty volume,2024-03-31,2024-01-23,2021-09-30,2021-10-19,6.796251227530847,0.0,Initial
Beauty volume,2024-03-31,2024-01-23,2021-12-31,2022-01-19,7.003262521387055,1.0,Initial
Beauty volume,2024-03-31,2024-01-23,2022-03-31,2022-04-20,3.7505057736001657,-1.0,Initial
Beauty volume,2024-03-31,2024-01-23,2022-06-30,2022-07-29,0.22450063641921147,-2.0,Initial
Beauty volume,2024-03-31,2024-01-23,2022-09-30,2022-10-19,-0.4597655195850203,-1.0,Initial
Beauty volume,2024-03-31,2024-01-23,2022-12-31,2023-01-19,-0.9713076900157769,-4.0,Initial
Beauty volume,2024-03-31,2024-01-23,2023-03-31,2023-04-21,-0.16799664006719173,0.0,Initial
Beauty volume,2024-03-31,2024-01-23,2023-06-30,2023-07-28,0.06199938000619465,-1.0,Initial
Beauty volume,2024-03-31,2024-01-23,2023-09-30,2023-10-18,1.4338645058288524,0.0,Initial
Beauty volume,2024-06-30,2024-04-19,2021-03-31,2021-04-20,6.422656508777735,2.0,Initial
Beauty volume,2024-06-30,2024-04-19,2021-06-30,2021-07-30,13.907186483246758,1.0,Initial
Beauty volume,2024-06-30,2024-04-19,2021-09-30,2021-10-19,6.796251227530847,0.0,Initial
Beauty volume,2024-06-30,2024-04-19,2021-12-31,2022-01-19,7.003262521387055,1.0,Initial
Beauty volume,2024-06-30,2024-04-19,2022-03-31,2022-04-20,3.7505057736001657,-1.0,Initial
Beauty volume,2024-06-30,2024-04-19,2022-06-30,2022-07-29,0.22450063641921147,-2.0,Initial
Beauty volume,2024-06-30,2024-04-19,2022-09-30,2022-10-19,-0.4597655195850203,-1.0,Initial
Beauty volume,2024-06-30,2024-04-19,2022-12-31,2023-01-19,-0.9713076900157769,-4.0,Initial
Beauty volume,2024-06-30,2024-04-19,2023-03-31,2023-04-21,-0.16799664006719173,0.0,Initial
Beauty volume,2024-06-30,2024-04-19,2023-06-30,2023-07-28,0.06199938000619465,-1.0,Initial
Beauty volume,2024-06-30,2024-04-19,2023-09-30,2023-10-18,1.4338645058288524,0.0,Initial
Beauty volume,2024-06-30,2024-04-19,2023-12-31,2024-01-23,2.0298663136464334,-1.0,Initial
Beauty volume,2024-09-30,2024-07-30,2021-03-31,2021-04-20,6.422656508777735,2.0,Initial
Beauty volume,2024-09-30,2024-07-30,2021-06-30,2021-07-30,13.907186483246758,1.0,Initial
Beauty volume,2024-09-30,2024-07-30,2021-09-30,2021-10-19,6.796251227530847,0.0,Initial
Beauty volume,2024-09-30,2024-07-30,2021-12-31,2022-01-19,7.003262521387055,1.0,Initial
Beauty volume,2024-09-30,2024-07-30,2022-03-31,2022-04-20,3.7505057736001657,-1.0,Initial
Beauty volume,2024-09-30,2024-07-30,2022-06-30,2022-07-29,0.22450063641921147,-2.0,Initial
Beauty volume,2024-09-30,2024-07-30,2022-09-30,2022-10-19,-0.4597655195850203,-1.0,Initial
Beauty volume,2024-09-30,2024-07-30,2022-12-31,2023-01-19,-0.9713076900157769,-4.0,Initial
Beauty volume,2024-09-30,2024-07-30,2023-03-31,2023-04-21,-0.16799664006719173,0.0,Initial
Beauty volume,2024-09-30,2024-07-30,2023-06-30,2023-07-28,0.06199938000619465,-1.0,Initial
Beauty volume,2024-09-30,2024-07-30,2023-09-30,2023-10-18,1.4338645058288524,0.0,Initial
Beauty volume,2024-09-30,2024-07-30,2023-12-31,2024-01-23,2.0298663136464334,-1.0,Initial
Beauty volume,2024-09-30,2024-07-30,2024-03-31,2024-04-19,1.6317086363363043,1.0,Initial
Beauty volume,2024-09-30,2024-07-30,2024-06-30,2024-07-30,1.745900082947749,1.0,Initial
Beauty volume,2024-12-31,2024-10-18,2021-03-31,2021-04-20,6.809059633027537,2.0,Initial
Beauty volume,2024-12-31,2024-10-18,2021-06-30,2021-07-30,14.154610850804294,1.0,Initial
Beauty volume,2024-12-31,2024-10-18,2021-09-30,2021-10-19,6.792826774925675,0.0,Initial
Beauty volume,2024-12-31,2024-10-18,2021-12-31,2022-01-19,6.843683446529414,1.0,Initial
Beauty volume,2024-12-31,2024-10-18,2022-03-31,2022-04-20,3.404808853741881,-1.0,Initial
Beauty volume,2024-12-31,2024-10-18,2022-06-30,2022-07-29,-0.26864270520209343,-2.0,Initial
Beauty volume,2024-12-31,2024-10-18,2022-09-30,2022-10-19,-0.9788074712643757,-1.0,Initial
Beauty volume,2024-12-31,2024-10-18,2022-12-31,2023-01-19,-1.5609194946349714,-4.0,Initial
Beauty volume,2024-12-31,2024-10-18,2023-03-31,2023-04-21,-0.28354349497309306,0.0,Initial
Beauty volume,2024-12-31,2024-10-18,2023-06-30,2023-07-28,-0.07710486261315319,-1.0,Initial
Beauty volume,2024-12-31,2024-10-18,2023-09-30,2023-10-18,1.3149542033191297,0.0,Initial
Beauty volume,2024-12-31,2024-10-18,2023-12-31,2024-01-23,2.203215667311409,-1.0,Initial
Beauty volume,2024-12-31,2024-10-18,2024-03-31,2024-04-19,1.360673628563136,1.0,Initial
Beauty volume,2024-12-31,2024-10-18,2024-06-30,2024-07-30,1.8739916021125014,1.0,Initial
Beauty volume,2025-03-31,2025-01-22,2021-03-31,2021-04-20,6.809059633027537,2.0,Initial
Beauty volume,2025-03-31,2025-01-22,2021-06-30,2021-07-30,14.154610850804294,1.0,Initial
Beauty volume,2025-03-31,2025-01-22,2021-09-30,2021-10-19,6.792826774925675,0.0,Initial
Beauty volume,2025-03-31,2025-01-22,2021-12-31,2022-01-19,6.843683446529414,1.0,Initial
Beauty volume,2025-03-31,2025-01-22,2022-03-31,2022-04-20,3.404808853741881,-1.0,Initial
Beauty volume,2025-03-31,2025-01-22,2022-06-30,2022-07-29,-0.26864270520209343,-2.0,Initial
Beauty volume,2025-03-31,2025-01-22,2022-09-30,2022-10-19,-0.9788074712643757,-1.0,Initial
Beauty volume,2025-03-31,2025-01-22,2022-12-31,2023-01-19,-1.5609194946349714,-4.0,Initial
Beauty volume,2025-03-31,2025-01-22,2023-03-31,2023-04-21,-0.28354349497309306,0.0,Initial
Beauty volume,2025-03-31,2025-01-22,2023-06-30,2023-07-28,-0.07710486261315319,-1.0,Initial
Beauty volume,2025-03-31,2025-01-22,2023-09-30,2023-10-18,1.3149542033191297,0.0,Initial
Beauty volume,2025-03-31,2025-01-22,2023-12-31,2024-01-23,2.203215667311409,-1.0,Initial
Beauty volume,2025-03-31,2025-01-22,2024-03-31,2024-04-19,1.360673628563136,1.0,Initial
Beauty volume,2025-03-31,2025-01-22,2024-06-30,2024-07-30,1.8739916021125014,1.0,Initial
Beauty volume,2025-03-31,2025-01-22,2024-09-30,2024-10-18,2.247682698810527,0.0,Initial
Beauty volume,2025-06-30,2025-04-24,2021-03-31,2021-04-20,6.809059633027537,2.0,Initial
Beauty volume,2025-06-30,2025-04-24,2021-06-30,2021-07-30,14.154610850804294,1.0,Initial
Beauty volume,2025-06-30,2025-04-24,2021-09-30,2021-10-19,6.792826774925675,0.0,Initial
Beauty volume,2025-06-30,2025-04-24,2021-12-31,2022-01-19,6.843683446529414,1.0,Initial
Beauty volume,2025-06-30,2025-04-24,2022-03-31,2022-04-20,3.404808853741881,-1.0,Initial
Beauty volume,2025-06-30,2025-04-24,2022-06-30,2022-07-29,-0.26864270520209343,-2.0,Initial
Beauty volume,2025-06-30,2025-04-24,2022-09-30,2022-10-19,-0.9788074712643757,-1.0,Initial
Beauty volume,2025-06-30,2025-04-24,2022-12-31,2023-01-19,-1.5609194946349714,-4.0,Initial
Beauty volume,2025-06-30,2025-04-24,2023-03-31,2023-04-21,-0.28354349497309306,0.0,Initial
Beauty volume,2025-06-30,2025-04-24,2023-06-30,2023-07-28,-0.07710486261315319,-1.0,Initial
Beauty volume,2025-06-30,2025-04-24,2023-09-30,2023-10-18,1.3149542033191297,0.0,Initial
Beauty volume,2025-06-30,2025-04-24,2023-12-31,2024-01-23,2.203215667311409,-1.0,Initial
Beauty volume,2025-06-30,2025-04-24,2024-03-31,2024-04-19,1.360673628563136,1.0,Initial
Beauty volume,2025-06-30,2025-04-24,2024-06-30,2024-07-30,1.8739916021125014,1.0,Initial
Beauty volume,2025-06-30,2025-04-24,2024-09-30,2024-10-18,2.247682698810527,0.0,Initial
Beauty volume,2025-06-30,2025-04-24,2024-12-31,2025-01-22,2.1103784092813216,0.0,Initial
Beauty volume,2025-09-30,2025-07-29,2021-03-31,2021-04-20,6.809059633027537,2.0,Initial
Beauty volume,2025-09-30,2025-07-29,2021-06-30,2021-07-30,14.154610850804294,1.0,Initial
Beauty volume,2025-09-30,2025-07-29,2021-09-30,2021-10-19,6.792826774925675,0.0,Initial
Beauty volume,2025-09-30,2025-07-29,2021-12-31,2022-01-19,6.843683446529414,1.0,Initial
Beauty volume,2025-09-30,2025-07-29,2022-03-31,2022-04-20,3.404808853741881,-1.0,Initial
Beauty volume,2025-09-30,2025-07-29,2022-06-30,2022-07-29,-0.26864270520209343,-2.0,Initial
Beauty volume,2025-09-30,2025-07-29,2022-09-30,2022-10-19,-0.9788074712643757,-1.0,Initial
Beauty volume,2025-09-30,2025-07-29,2022-12-31,2023-01-19,-1.5609194946349714,-4.0,Initial
Beauty volume,2025-09-30,2025-07-29,2023-03-31,2023-04-21,-0.28354349497309306,0.0,Initial
Beauty volume,2025-09-30,2025-07-29,2023-06-30,2023-07-28,-0.07710486261315319,-1.0,Initial
Beauty volume,2025-09-30,2025-07-29,2023-09-30,2023-10-18,1.3149542033191297,0.0,Initial
Beauty volume,2025-09-30,2025-07-29,2023-12-31,2024-01-23,2.203215667311409,-1.0,Initial
Beauty volume,2025-09-30,2025-07-29,2024-03-31,2024-04-19,1.360673628563136,1.0,Initial
Beauty volume,2025-09-30,2025-07-29,2024-06-30,2024-07-30,1.8739916021125014,1.0,Initial
Beauty volume,2025-09-30,2025-07-29,2024-09-30,2024-10-18,2.247682698810527,0.0,Initial
Beauty volume,2025-09-30,2025-07-29,2024-12-31,2025-01-22,2.1103784092813216,0.0,Initial
Beauty volume,2025-09-30,2025-07-29,2025-03-31,2025-04-24,2.869532577344036,1.0,Initial
Beauty volume,2025-12-31,2025-10-24,2021-03-31,2021-04-20,6.575055187637968,2.0,Initial
Beauty volume,2025-12-31,2025-10-24,2021-06-30,2021-07-30,14.016061969584781,1.0,Initial
Beauty volume,2025-12-31,2025-10-24,2021-09-30,2021-10-19,7.004214906898576,0.0,Initial
Beauty volume,2025-12-31,2025-10-24,2021-12-31,2022-01-19,7.099598376506089,1.0,Initial
Beauty volume,2025-12-31,2025-10-24,2022-03-31,2022-04-20,3.598910488105478,-1.0,Initial
Beauty volume,2025-12-31,2025-10-24,2022-06-30,2022-07-29,-0.03796621007303713,-2.0,Initial
Beauty volume,2025-12-31,2025-10-24,2022-09-30,2022-10-19,-0.9742817539066029,-1.0,Initial
Beauty volume,2025-12-31,2025-10-24,2022-12-31,2023-01-19,-1.708333333333334,-4.0,Initial
Beauty volume,2025-12-31,2025-10-24,2023-03-31,2023-04-21,-0.5138355726167609,0.0,Initial
Beauty volume,2025-12-31,2025-10-24,2023-06-30,2023-07-28,-0.38380425982749156,-1.0,Initial
Beauty volume,2025-12-31,2025-10-24,2023-09-30,2023-10-18,1.1893013232362026,0.0,Initial
Beauty volume,2025-12-31,2025-10-24,2023-12-31,2024-01-23,2.2255192878338326,-1.0,Initial
Beauty volume,2025-12-31,2025-10-24,2024-03-31,2024-04-19,1.3726160091641626,1.0,Initial
Beauty volume,2025-12-31,2025-10-24,2024-06-30,2024-07-30,2.2805943792830297,1.0,Initial
Beauty volume,2025-12-31,2025-10-24,2024-09-30,2024-10-18,2.650199536239972,0.0,Initial
Beauty volume,2025-12-31,2025-10-24,2024-12-31,2025-01-22,2.787239714463441,0.0,Initial
Beauty volume,2025-12-31,2025-10-24,2025-03-31,2025-04-24,3.749851314380881,1.0,Initial
Beauty volume,2025-12-31,2025-10-24,2025-06-30,2025-07-29,3.2332744751814912,1.0,Initial
Beauty volume,2026-03-31,2026-01-22,2022-03-31,2022-04-20,3.598910488105478,-1.0,Initial
Beauty volume,2026-03-31,2026-01-22,2022-06-30,2022-07-29,-0.03796621007303713,-2.0,Initial
Beauty volume,2026-03-31,2026-01-22,2022-09-30,2022-10-19,-0.9742817539066029,-1.0,Initial
Beauty volume,2026-03-31,2026-01-22,2022-12-31,2023-01-19,-1.708333333333334,-4.0,Initial
Beauty volume,2026-03-31,2026-01-22,2023-03-31,2023-04-21,-0.5138355726167609,0.0,Initial
Beauty volume,2026-03-31,2026-01-22,2023-06-30,2023-07-28,-0.38380425982749156,-1.0,Initial
Beauty volume,2026-03-31,2026-01-22,2023-09-30,2023-10-18,1.1893013232362026,0.0,Initial
Beauty volume,2026-03-31,2026-01-22,2023-12-31,2024-01-23,2.2255192878338326,-1.0,Initial
Beauty volume,2026-03-31,2026-01-22,2024-03-31,2024-04-19,1.3726160091641626,1.0,Initial
Beauty volume,2026-03-31,2026-01-22,2024-06-30,2024-07-30,2.2805943792830297,1.0,Initial
Beauty volume,2026-03-31,2026-01-22,2024-09-30,2024-10-18,2.650199536239972,0.0,Initial
Beauty volume,2026-03-31,2026-01-22,2024-12-31,2025-01-22,2.787239714463441,0.0,Initial
Beauty volume,2026-03-31,2026-01-22,2025-03-31,2025-04-24,3.749851314380881,1.0,Initial
Beauty volume,2026-03-31,2026-01-22,2025-06-30,2025-07-29,3.2332744751814912,1.0,Initial
Beauty volume,2026-03-31,2026-01-22,2025-09-30,2025-10-24,2.996723091540132,4.0,Initial
Beauty pricing,2023-06-30,2023-04-21,2021-03-31,2021-04-20,-0.41477337637689793,2.0,Initial
Beauty pricing,2023-06-30,2023-04-21,2021-06-30,2021-07-30,-0.43530780492421206,4.0,Initial
Beauty pricing,2023-06-30,2023-04-21,2021-09-30,2021-10-19,-0.5009614505874005,2.0,Initial
Beauty pricing,2023-06-30,2023-04-21,2021-12-31,2022-01-19,-0.7911991921891626,2.0,Initial
Beauty pricing,2023-06-30,2023-04-21,2022-03-31,2022-04-20,-0.7595451980275891,4.0,Initial
Beauty pricing,2023-06-30,2023-04-21,2022-06-30,2022-07-29,0.6338255218670819,6.0,Initial
Beauty pricing,2023-06-30,2023-04-21,2022-09-30,2022-10-19,3.970323328016079,7.0,Initial
Beauty pricing,2023-06-30,2023-04-21,2022-12-31,2023-01-19,5.055970500253992,9.0,Initial
Beauty pricing,2023-06-30,2023-04-21,2023-03-31,2023-04-21,4.891768434790711,8.0,Initial
Beauty pricing,2023-09-30,2023-07-28,2021-03-31,2021-04-20,-0.41477337637689793,2.0,Initial
Beauty pricing,2023-09-30,2023-07-28,2021-06-30,2021-07-30,-0.43530780492421206,4.0,Initial
Beauty pricing,2023-09-30,2023-07-28,2021-09-30,2021-10-19,-0.5009614505874005,2.0,Initial
Beauty pricing,2023-09-30,2023-07-28,2021-12-31,2022-01-19,-0.7911991921891626,2.0,Initial
Beauty pricing,2023-09-30,2023-07-28,2022-03-31,2022-04-20,-0.7595451980275891,4.0,Initial
Beauty pricing,2023-09-30,2023-07-28,2022-06-30,2022-07-29,0.6338255218670819,6.0,Initial
Beauty pricing,2023-09-30,2023-07-28,2022-09-30,2022-10-19,3.970323328016079,7.0,Initial
Beauty pricing,2023-09-30,2023-07-28,2022-12-31,2023-01-19,5.055970500253992,9.0,Initial
Beauty pricing,2023-09-30,2023-07-28,2023-03-31,2023-04-21,4.891768434790711,8.0,Initial
Beauty pricing,2023-09-30,2023-07-28,2023-06-30,2023-07-28,5.2129322350291885,8.0,Initial
Beauty pricing,2023-12-31,2023-10-18,2021-03-31,2021-04-20,-0.41477337637689793,2.0,Initial
Beauty pricing,2023-12-31,2023-10-18,2021-06-30,2021-07-30,-0.43530780492421206,4.0,Initial
Beauty pricing,2023-12-31,2023-10-18,2021-09-30,2021-10-19,-0.5009614505874005,2.0,Initial
Beauty pricing,2023-12-31,2023-10-18,2021-12-31,2022-01-19,-0.7911991921891626,2.0,Initial
Beauty pricing,2023-12-31,2023-10-18,2022-03-31,2022-04-20,-0.7595451980275891,4.0,Initial
Beauty pricing,2023-12-31,2023-10-18,2022-06-30,2022-07-29,0.6338255218670819,6.0,Initial
Beauty pricing,2023-12-31,2023-10-18,2022-09-30,2022-10-19,3.970323328016079,7.0,Initial
Beauty pricing,2023-12-31,2023-10-18,2022-12-31,2023-01-19,5.055970500253992,9.0,Initial
Beauty pricing,2023-12-31,2023-10-18,2023-03-31,2023-04-21,4.891768434790711,8.0,Initial
Beauty pricing,2023-12-31,2023-10-18,2023-06-30,2023-07-28,5.2129322350291885,8.0,Initial
Beauty pricing,2023-12-31,2023-10-18,2023-09-30,2023-10-18,3.4916634214587683,7.0,Initial
Beauty pricing,2024-03-31,2024-01-23,2021-03-31,2021-04-20,-0.41477337637689793,2.0,Initial
Beauty pricing,2024-03-31,2024-01-23,2021-06-30,2021-07-30,-0.43530780492421206,4.0,Initial
Beauty pricing,2024-03-31,2024-01-23,2021-09-30,2021-10-19,-0.5009614505874005,2.0,Initial
Beauty pricing,2024-03-31,2024-01-23,2021-12-31,2022-01-19,-0.7911991921891626,2.0,Initial
Beauty pricing,2024-03-31,2024-01-23,2022-03-31,2022-04-20,-0.7595451980275891,4.0,Initial
Beauty pricing,2024-03-31,2024-01-23,2022-06-30,2022-07-29,0.6338255218670819,6.0,Initial
Beauty pricing,2024-03-31,2024-01-23,2022-09-30,2022-10-19,3.970323328016079,7.0,Initial
Beauty pricing,2024-03-31,2024-01-23,2022-12-31,2023-01-19,5.055970500253992,9.0,Initial
Beauty pricing,2024-03-31,2024-01-23,2023-03-31,2023-04-21,4.891768434790711,8.0,Initial
Beauty pricing,2024-03-31,2024-01-23,2023-06-30,2023-07-28,5.2129322350291885,8.0,Initial
Beauty pricing,2024-03-31,2024-01-23,2023-09-30,2023-10-18,3.4916634214587683,7.0,Initial
Beauty pricing,2024-03-31,2024-01-23,2023-12-31,2024-01-23,2.5297096725668045,4.0,Initial
Beauty pricing,2024-06-30,2024-04-19,2021-03-31,2021-04-20,-0.41477337637689793,2.0,Initial
Beauty pricing,2024-06-30,2024-04-19,2021-06-30,2021-07-30,-0.43530780492421206,4.0,Initial
Beauty pricing,2024-06-30,2024-04-19,2021-09-30,2021-10-19,-0.5009614505874005,2.0,Initial
Beauty pricing,2024-06-30,2024-04-19,2021-12-31,2022-01-19,-0.7911991921891626,2.0,Initial
Beauty pricing,2024-06-30,2024-04-19,2022-03-31,2022-04-20,-0.7595451980275891,4.0,Initial
Beauty pricing,2024-06-30,2024-04-19,2022-06-30,2022-07-29,0.6338255218670819,6.0,Initial
Beauty pricing,2024-06-30,2024-04-19,2022-09-30,2022-10-19,3.970323328016079,7.0,Initial
Beauty pricing,2024-06-30,2024-04-19,2022-12-31,2023-01-19,5.055970500253992,9.0,Initial
Beauty pricing,2024-06-30,2024-04-19,2023-03-31,2023-04-21,4.891768434790711,8.0,Initial
Beauty pricing,2024-06-30,2024-04-19,2023-06-30,2023-07-28,5.2129322350291885,8.0,Initial
Beauty pricing,2024-06-30,2024-04-19,2023-09-30,2023-10-18,3.4916634214587683,7.0,Initial
Beauty pricing,2024-06-30,2024-04-19,2023-12-31,2024-01-23,2.5297096725668045,4.0,Initial
Beauty pricing,2024-06-30,2024-04-19,2024-03-31,2024-04-19,1.4458208241569626,4.0,Initial
Beauty pricing,2024-09-30,2024-07-30,2021-03-31,2021-04-20,-0.41477337637689793,2.0,Initial
Beauty pricing,2024-09-30,2024-07-30,2021-06-30,2021-07-30,-0.43530780492421206,4.0,Initial
Beauty pricing,2024-09-30,2024-07-30,2021-09-30,2021-10-19,-0.5009614505874005,2.0,Initial
Beauty pricing,2024-09-30,2024-07-30,2021-12-31,2022-01-19,-0.7911991921891626,2.0,Initial
Beauty pricing,2024-09-30,2024-07-30,2022-03-31,2022-04-20,-0.7595451980275891,4.0,Initial
Beauty pricing,2024-09-30,2024-07-30,2022-06-30,2022-07-29,0.6338255218670819,6.0,Initial
Beauty pricing,2024-09-30,2024-07-30,2022-09-30,2022-10-19,3.970323328016079,7.0,Initial
Beauty pricing,2024-09-30,2024-07-30,2022-12-31,2023-01-19,5.055970500253992,9.0,Initial
Beauty pricing,2024-09-30,2024-07-30,2023-03-31,2023-04-21,4.891768434790711,8.0,Initial
Beauty pricing,2024-09-30,2024-07-30,2023-06-30,2023-07-28,5.2129322350291885,8.0,Initial
Beauty pricing,2024-09-30,2024-07-30,2023-09-30,2023-10-18,3.4916634214587683,7.0,Initial
Beauty pricing,2024-09-30,2024-07-30,2023-12-31,2024-01-23,2.5297096725668045,4.0,Initial
Beauty pricing,2024-09-30,2024-07-30,2024-03-31,2024-04-19,1.4458208241569626,4.0,Initial
Beauty pricing,2024-09-30,2024-07-30,2024-06-30,2024-07-30,0.4560551842614391,3.0,Initial
Beauty pricing,2024-12-31,2024-10-18,2021-03-31,2021-04-20,-0.41477337637689793,2.0,Initial
Beauty pricing,2024-12-31,2024-10-18,2021-06-30,2021-07-30,-0.43530780492421206,4.0,Initial
Beauty pricing,2024-12-31,2024-10-18,2021-09-30,2021-10-19,-0.5009614505874005,2.0,Initial
Beauty pricing,2024-12-31,2024-10-18,2021-12-31,2022-01-19,-0.7911991921891626,2.0,Initial
Beauty pricing,2024-12-31,2024-10-18,2022-03-31,2022-04-20,-0.7595451980275891,4.0,Initial
Beauty pricing,2024-12-31,2024-10-18,2022-06-30,2022-07-29,0.6338255218670819,6.0,Initial
Beauty pricing,2024-12-31,2024-10-18,2022-09-30,2022-10-19,3.970323328016079,7.0,Initial
Beauty pricing,2024-12-31,2024-10-18,2022-12-31,2023-01-19,5.055970500253992,9.0,Initial
Beauty pricing,2024-12-31,2024-10-18,2023-03-31,2023-04-21,4.891768434790711,8.0,Initial
Beauty pricing,2024-12-31,2024-10-18,2023-06-30,2023-07-28,5.2129322350291885,8.0,Initial
Beauty pricing,2024-12-31,2024-10-18,2023-09-30,2023-10-18,3.4916634214587683,7.0,Initial
Beauty pricing,2024-12-31,2024-10-18,2023-12-31,2024-01-23,2.5297096725668045,4.0,Initial
Beauty pricing,2024-12-31,2024-10-18,2024-03-31,2024-04-19,1.4458208241569626,4.0,Initial
Beauty pricing,2024-12-31,2024-10-18,2024-06-30,2024-07-30,0.4560551842614391,3.0,Initial
Beauty pricing,2024-12-31,2024-10-18,2024-09-30,2024-10-18,-0.3714085127806688,1.0,Initial
Beauty pricing,2025-03-31,2025-01-22,2021-03-31,2021-04-20,-0.41477337637689793,2.0,Initial
Beauty pricing,2025-03-31,2025-01-22,2021-06-30,2021-07-30,-0.43530780492421206,4.0,Initial
Beauty pricing,2025-03-31,2025-01-22,2021-09-30,2021-10-19,-0.5009614505874005,2.0,Initial
Beauty pricing,2025-03-31,2025-01-22,2021-12-31,2022-01-19,-0.7911991921891626,2.0,Initial
Beauty pricing,2025-03-31,2025-01-22,2022-03-31,2022-04-20,-0.7595451980275891,4.0,Initial
Beauty pricing,2025-03-31,2025-01-22,2022-06-30,2022-07-29,0.6338255218670819,6.0,Initial
Beauty pricing,2025-03-31,2025-01-22,2022-09-30,2022-10-19,3.970323328016079,7.0,Initial
Beauty pricing,2025-03-31,2025-01-22,2022-12-31,2023-01-19,5.055970500253992,9.0,Initial
Beauty pricing,2025-03-31,2025-01-22,2023-03-31,2023-04-21,4.891768434790711,8.0,Initial
Beauty pricing,2025-03-31,2025-01-22,2023-06-30,2023-07-28,5.2129322350291885,8.0,Initial
Beauty pricing,2025-03-31,2025-01-22,2023-09-30,2023-10-18,3.4916634214587683,7.0,Initial
Beauty pricing,2025-03-31,2025-01-22,2023-12-31,2024-01-23,2.5297096725668045,4.0,Initial
Beauty pricing,2025-03-31,2025-01-22,2024-03-31,2024-04-19,1.4458208241569626,4.0,Initial
Beauty pricing,2025-03-31,2025-01-22,2024-06-30,2024-07-30,0.4560551842614391,3.0,Initial
Beauty pricing,2025-03-31,2025-01-22,2024-09-30,2024-10-18,-0.3714085127806688,1.0,Initial
Beauty pricing,2025-03-31,2025-01-22,2024-12-31,2025-01-22,-0.5082703089794416,2.0,Initial
Beauty pricing,2025-06-30,2025-04-24,2021-03-31,2021-04-20,-0.41477337637689793,2.0,Initial
Beauty pricing,2025-06-30,2025-04-24,2021-06-30,2021-07-30,-0.43530780492421206,4.0,Initial
Beauty pricing,2025-06-30,2025-04-24,2021-09-30,2021-10-19,-0.5009614505874005,2.0,Initial
Beauty pricing,2025-06-30,2025-04-24,2021-12-31,2022-01-19,-0.7911991921891626,2.0,Initial
Beauty pricing,2025-06-30,2025-04-24,2022-03-31,2022-04-20,-0.7595451980275891,4.0,Initial
Beauty pricing,2025-06-30,2025-04-24,2022-06-30,2022-07-29,0.6338255218670819,6.0,Initial
Beauty pricing,2025-06-30,2025-04-24,2022-09-30,2022-10-19,3.970323328016079,7.0,Initial
Beauty pricing,2025-06-30,2025-04-24,2022-12-31,2023-01-19,5.055970500253992,9.0,Initial
Beauty pricing,2025-06-30,2025-04-24,2023-03-31,2023-04-21,4.891768434790711,8.0,Initial
Beauty pricing,2025-06-30,2025-04-24,2023-06-30,2023-07-28,5.2129322350291885,8.0,Initial
Beauty pricing,2025-06-30,2025-04-24,2023-09-30,2023-10-18,3.4916634214587683,7.0,Initial
Beauty pricing,2025-06-30,2025-04-24,2023-12-31,2024-01-23,2.5297096725668045,4.0,Initial
Beauty pricing,2025-06-30,2025-04-24,2024-03-31,2024-04-19,1.4458208241569626,4.0,Initial
Beauty pricing,2025-06-30,2025-04-24,2024-06-30,2024-07-30,0.4560551842614391,3.0,Initial
Beauty pricing,2025-06-30,2025-04-24,2024-09-30,2024-10-18,-0.3714085127806688,1.0,Initial
Beauty pricing,2025-06-30,2025-04-24,2024-12-31,2025-01-22,-0.5082703089794416,2.0,Initial
Beauty pricing,2025-06-30,2025-04-24,2025-03-31,2025-04-24,-0.42034549280647315,3.0,Initial
Beauty pricing,2025-09-30,2025-07-29,2021-03-31,2021-04-20,-0.41477337637689793,2.0,Initial
Beauty pricing,2025-09-30,2025-07-29,2021-06-30,2021-07-30,-0.43530780492421206,4.0,Initial
Beauty pricing,2025-09-30,2025-07-29,2021-09-30,2021-10-19,-0.5009614505874005,2.0,Initial
Beauty pricing,2025-09-30,2025-07-29,2021-12-31,2022-01-19,-0.7911991921891626,2.0,Initial
Beauty pricing,2025-09-30,2025-07-29,2022-03-31,2022-04-20,-0.7595451980275891,4.0,Initial
Beauty pricing,2025-09-30,2025-07-29,2022-06-30,2022-07-29,0.6338255218670819,6.0,Initial
Beauty pricing,2025-09-30,2025-07-29,2022-09-30,2022-10-19,3.970323328016079,7.0,Initial
Beauty pricing,2025-09-30,2025-07-29,2022-12-31,2023-01-19,5.055970500253992,9.0,Initial
Beauty pricing,2025-09-30,2025-07-29,2023-03-31,2023-04-21,4.891768434790711,8.0,Initial
Beauty pricing,2025-09-30,2025-07-29,2023-06-30,2023-07-28,5.2129322350291885,8.0,Initial
Beauty pricing,2025-09-30,2025-07-29,2023-09-30,2023-10-18,3.4916634214587683,7.0,Initial
Beauty pricing,2025-09-30,2025-07-29,2023-12-31,2024-01-23,2.5297096725668045,4.0,Initial
Beauty pricing,2025-09-30,2025-07-29,2024-03-31,2024-04-19,1.4458208241569626,4.0,Initial
Beauty pricing,2025-09-30,2025-07-29,2024-06-30,2024-07-30,0.4560551842614391,3.0,Initial
Beauty pricing,2025-09-30,2025-07-29,2024-09-30,2024-10-18,-0.3714085127806688,1.0,Initial
Beauty pricing,2025-09-30,2025-07-29,2024-12-31,2025-01-22,-0.5082703089794416,2.0,Initial
Beauty pricing,2025-09-30,2025-07-29,2025-03-31,2025-04-24,-0.42034549280647315,3.0,Initial
Beauty pricing,2025-09-30,2025-07-29,2025-06-30,2025-07-29,0.06623166364128075,1.0,Initial
Beauty pricing,2025-12-31,2025-10-24,2021-03-31,2021-04-20,-0.41477337637689793,2.0,Initial
Beauty pricing,2025-12-31,2025-10-24,2021-06-30,2021-07-30,-0.43530780492421206,4.0,Initial
Beauty pricing,2025-12-31,2025-10-24,2021-09-30,2021-10-19,-0.5009614505874005,2.0,Initial
Beauty pricing,2025-12-31,2025-10-24,2021-12-31,2022-01-19,-0.7911991921891626,2.0,Initial
Beauty pricing,2025-12-31,2025-10-24,2022-03-31,2022-04-20,-0.7595451980275891,4.0,Initial
Beauty pricing,2025-12-31,2025-10-24,2022-06-30,2022-07-29,0.6338255218670819,6.0,Initial
Beauty pricing,2025-12-31,2025-10-24,2022-09-30,2022-10-19,3.970323328016079,7.0,Initial
Beauty pricing,2025-12-31,2025-10-24,2022-12-31,2023-01-19,5.055970500253992,9.0,Initial
Beauty pricing,2025-12-31,2025-10-24,2023-03-31,2023-04-21,4.891768434790711,8.0,Initial
Beauty pricing,2025-12-31,2025-10-24,2023-06-30,2023-07-28,5.2129322350291885,8.0,Initial
Beauty pricing,2025-12-31,2025-10-24,2023-09-30,2023-10-18,3.4916634214587683,7.0,Initial
Beauty pricing,2025-12-31,2025-10-24,2023-12-31,2024-01-23,2.5297096725668045,4.0,Initial
Beauty pricing,2025-12-31,2025-10-24,2024-03-31,2024-04-19,1.4458208241569626,4.0,Initial
Beauty pricing,2025-12-31,2025-10-24,2024-06-30,2024-07-30,0.4560551842614391,3.0,Initial
Beauty pricing,2025-12-31,2025-10-24,2024-09-30,2024-10-18,-0.3714085127806688,1.0,Initial
Beauty pricing,2025-12-31,2025-10-24,2024-12-31,2025-01-22,-0.5082703089794416,2.0,Initial
Beauty pricing,2025-12-31,2025-10-24,2025-03-31,2025-04-24,-0.42034549280647315,3.0,Initial
Beauty pricing,2025-12-31,2025-10-24,2025-06-30,2025-07-29,0.06623166364128075,1.0,Initial
Beauty pricing,2025-12-31,2025-10-24,2025-09-30,2025-10-24,0.44640749502971033,2.0,Initial
Beauty pricing,2026-03-31,2026-01-22,2021-03-31,2021-04-20,-0.41477337637689793,2.0,Initial
Beauty pricing,2026-03-31,2026-01-22,2021-06-30,2021-07-30,-0.43530780492421206,4.0,Initial
Beauty pricing,2026-03-31,2026-01-22,2021-09-30,2021-10-19,-0.5009614505874005,2.0,Initial
Beauty pricing,2026-03-31,2026-01-22,2021-12-31,2022-01-19,-0.7911991921891626,2.0,Initial
Beauty pricing,2026-03-31,2026-01-22,2022-03-31,2022-04-20,-0.7595451980275891,4.0,Initial
Beauty pricing,2026-03-31,2026-01-22,2022-06-30,2022-07-29,0.6338255218670819,6.0,Initial
Beauty pricing,2026-03-31,2026-01-22,2022-09-30,2022-10-19,3.970323328016079,7.0,Initial
Beauty pricing,2026-03-31,2026-01-22,2022-12-31,2023-01-19,5.055970500253992,9.0,Initial
Beauty pricing,2026-03-31,2026-01-22,2023-03-31,2023-04-21,4.891768434790711,8.0,Initial
Beauty pricing,2026-03-31,2026-01-22,2023-06-30,2023-07-28,5.2129322350291885,8.0,Initial
Beauty pricing,2026-03-31,2026-01-22,2023-09-30,2023-10-18,3.4916634214587683,7.0,Initial
Beauty pricing,2026-03-31,2026-01-22,2023-12-31,2024-01-23,2.5297096725668045,4.0,Initial
Beauty pricing,2026-03-31,2026-01-22,2024-03-31,2024-04-19,1.4458208241569626,4.0,Initial
Beauty pricing,2026-03-31,2026-01-22,2024-06-30,2024-07-30,0.4560551842614391,3.0,Initial
Beauty pricing,2026-03-31,2026-01-22,2024-09-30,2024-10-18,-0.3714085127806688,1.0,Initial
Beauty pricing,2026-03-31,2026-01-22,2024-12-31,2025-01-22,-0.5082703089794416,2.0,Initial
Beauty pricing,2026-03-31,2026-01-22,2025-03-31,2025-04-24,-0.42034549280647315,3.0,Initial
Beauty pricing,2026-03-31,2026-01-22,2025-06-30,2025-07-29,0.06623166364128075,1.0,Initial
Beauty pricing,2026-03-31,2026-01-22,2025-09-30,2025-10-24,0.44640749502971033,2.0,Initial
Fabric & Home volume,2023-06-30,2023-04-21,2021-03-31,2021-04-20,6.632753313101758,3.0,Initial
Fabric & Home volume,2023-06-30,2023-04-21,2021-06-30,2021-07-30,14.611736810906951,1.0,Initial
Fabric & Home volume,2023-06-30,2023-04-21,2021-09-30,2021-10-19,7.041835414855502,2.0,Initial
Fabric & Home volume,2023-06-30,2023-04-21,2021-12-31,2022-01-19,7.20478199122454,7.0,Initial
Fabric & Home volume,2023-06-30,2023-04-21,2022-03-31,2022-04-20,2.397575807211161,5.0,Initial
Fabric & Home volume,2023-06-30,2023-04-21,2022-06-30,2022-07-29,-1.1318652901275095,-1.0,Initial
Fabric & Home volume,2023-06-30,2023-04-21,2022-09-30,2022-10-19,-1.5668951309377621,-4.0,Initial
Fabric & Home volume,2023-06-30,2023-04-21,2022-12-31,2023-01-19,-1.5946298639671008,-7.0,Initial
Fabric & Home volume,2023-09-30,2023-07-28,2021-03-31,2021-04-20,6.632753313101758,3.0,Initial
Fabric & Home volume,2023-09-30,2023-07-28,2021-06-30,2021-07-30,14.611736810906951,1.0,Initial
Fabric & Home volume,2023-09-30,2023-07-28,2021-09-30,2021-10-19,7.041835414855502,2.0,Initial
Fabric & Home volume,2023-09-30,2023-07-28,2021-12-31,2022-01-19,7.20478199122454,7.0,Initial
Fabric & Home volume,2023-09-30,2023-07-28,2022-03-31,2022-04-20,2.397575807211161,5.0,Initial
Fabric & Home volume,2023-09-30,2023-07-28,2022-06-30,2022-07-29,-1.1318652901275095,-1.0,Initial
Fabric & Home volume,2023-09-30,2023-07-28,2022-09-30,2022-10-19,-1.5668951309377621,-4.0,Initial
Fabric & Home volume,2023-09-30,2023-07-28,2022-12-31,2023-01-19,-1.5946298639671008,-7.0,Initial
Fabric & Home volume,2023-09-30,2023-07-28,2023-03-31,2023-04-21,-0.3719107414220657,-5.0,Initial
Fabric & Home volume,2023-09-30,2023-07-28,2023-06-30,2023-07-28,0.4788539696591654,-2.0,Initial
Fabric & Home volume,2023-12-31,2023-10-18,2021-03-31,2021-04-20,6.422656508777735,3.0,Initial
Fabric & Home volume,2023-12-31,2023-10-18,2021-06-30,2021-07-30,13.907186483246758,1.0,Initial
Fabric & Home volume,2023-12-31,2023-10-18,2021-09-30,2021-10-19,6.796251227530847,2.0,Initial
Fabric & Home volume,2023-12-31,2023-10-18,2021-12-31,2022-01-19,7.003262521387055,7.0,Initial
Fabric & Home volume,2023-12-31,2023-10-18,2022-03-31,2022-04-20,3.7505057736001657,5.0,Initial
Fabric & Home volume,2023-12-31,2023-10-18,2022-06-30,2022-07-29,0.22450063641921147,-1.0,Initial
Fabric & Home volume,2023-12-31,2023-10-18,2022-09-30,2022-10-19,-0.4597655195850203,-4.0,Initial
Fabric & Home volume,2023-12-31,2023-10-18,2022-12-31,2023-01-19,-0.9713076900157769,-7.0,Initial
Fabric & Home volume,2023-12-31,2023-10-18,2023-03-31,2023-04-21,-0.16799664006719173,-5.0,Initial
Fabric & Home volume,2023-12-31,2023-10-18,2023-06-30,2023-07-28,0.06199938000619465,-2.0,Initial
Fabric & Home volume,2024-03-31,2024-01-23,2021-03-31,2021-04-20,6.422656508777735,3.0,Initial
Fabric & Home volume,2024-03-31,2024-01-23,2021-06-30,2021-07-30,13.907186483246758,1.0,Initial
Fabric & Home volume,2024-03-31,2024-01-23,2021-09-30,2021-10-19,6.796251227530847,2.0,Initial
Fabric & Home volume,2024-03-31,2024-01-23,2021-12-31,2022-01-19,7.003262521387055,7.0,Initial
Fabric & Home volume,2024-03-31,2024-01-23,2022-03-31,2022-04-20,3.7505057736001657,5.0,Initial
Fabric & Home volume,2024-03-31,2024-01-23,2022-06-30,2022-07-29,0.22450063641921147,-1.0,Initial
Fabric & Home volume,2024-03-31,2024-01-23,2022-09-30,2022-10-19,-0.4597655195850203,-4.0,Initial
Fabric & Home volume,2024-03-31,2024-01-23,2022-12-31,2023-01-19,-0.9713076900157769,-7.0,Initial
Fabric & Home volume,2024-03-31,2024-01-23,2023-03-31,2023-04-21,-0.16799664006719173,-5.0,Initial
Fabric & Home volume,2024-03-31,2024-01-23,2023-06-30,2023-07-28,0.06199938000619465,-2.0,Initial
Fabric & Home volume,2024-03-31,2024-01-23,2023-09-30,2023-10-18,1.4338645058288524,0.0,Initial
Fabric & Home volume,2024-06-30,2024-04-19,2021-03-31,2021-04-20,6.422656508777735,3.0,Initial
Fabric & Home volume,2024-06-30,2024-04-19,2021-06-30,2021-07-30,13.907186483246758,1.0,Initial
Fabric & Home volume,2024-06-30,2024-04-19,2021-09-30,2021-10-19,6.796251227530847,2.0,Initial
Fabric & Home volume,2024-06-30,2024-04-19,2021-12-31,2022-01-19,7.003262521387055,7.0,Initial
Fabric & Home volume,2024-06-30,2024-04-19,2022-03-31,2022-04-20,3.7505057736001657,5.0,Initial
Fabric & Home volume,2024-06-30,2024-04-19,2022-06-30,2022-07-29,0.22450063641921147,-1.0,Initial
Fabric & Home volume,2024-06-30,2024-04-19,2022-09-30,2022-10-19,-0.4597655195850203,-4.0,Initial
Fabric & Home volume,2024-06-30,2024-04-19,2022-12-31,2023-01-19,-0.9713076900157769,-7.0,Initial
Fabric & Home volume,2024-06-30,2024-04-19,2023-03-31,2023-04-21,-0.16799664006719173,-5.0,Initial
Fabric & Home volume,2024-06-30,2024-04-19,2023-06-30,2023-07-28,0.06199938000619465,-2.0,Initial
Fabric & Home volume,2024-06-30,2024-04-19,2023-09-30,2023-10-18,1.4338645058288524,0.0,Initial
Fabric & Home volume,2024-06-30,2024-04-19,2023-12-31,2024-01-23,2.0298663136464334,1.0,Initial
Fabric & Home volume,2024-09-30,2024-07-30,2021-03-31,2021-04-20,6.422656508777735,3.0,Initial
Fabric & Home volume,2024-09-30,2024-07-30,2021-06-30,2021-07-30,13.907186483246758,1.0,Initial
Fabric & Home volume,2024-09-30,2024-07-30,2021-09-30,2021-10-19,6.796251227530847,2.0,Initial
Fabric & Home volume,2024-09-30,2024-07-30,2021-12-31,2022-01-19,7.003262521387055,7.0,Initial
Fabric & Home volume,2024-09-30,2024-07-30,2022-03-31,2022-04-20,3.7505057736001657,5.0,Initial
Fabric & Home volume,2024-09-30,2024-07-30,2022-06-30,2022-07-29,0.22450063641921147,-1.0,Initial
Fabric & Home volume,2024-09-30,2024-07-30,2022-09-30,2022-10-19,-0.4597655195850203,-4.0,Initial
Fabric & Home volume,2024-09-30,2024-07-30,2022-12-31,2023-01-19,-0.9713076900157769,-7.0,Initial
Fabric & Home volume,2024-09-30,2024-07-30,2023-03-31,2023-04-21,-0.16799664006719173,-5.0,Initial
Fabric & Home volume,2024-09-30,2024-07-30,2023-06-30,2023-07-28,0.06199938000619465,-2.0,Initial
Fabric & Home volume,2024-09-30,2024-07-30,2023-09-30,2023-10-18,1.4338645058288524,0.0,Initial
Fabric & Home volume,2024-09-30,2024-07-30,2023-12-31,2024-01-23,2.0298663136464334,1.0,Initial
Fabric & Home volume,2024-09-30,2024-07-30,2024-03-31,2024-04-19,1.6317086363363043,1.0,Initial
Fabric & Home volume,2024-09-30,2024-07-30,2024-06-30,2024-07-30,1.745900082947749,3.0,Initial
Fabric & Home volume,2024-12-31,2024-10-18,2021-03-31,2021-04-20,6.809059633027537,3.0,Initial
Fabric & Home volume,2024-12-31,2024-10-18,2021-06-30,2021-07-30,14.154610850804294,1.0,Initial
Fabric & Home volume,2024-12-31,2024-10-18,2021-09-30,2021-10-19,6.792826774925675,2.0,Initial
Fabric & Home volume,2024-12-31,2024-10-18,2021-12-31,2022-01-19,6.843683446529414,7.0,Initial
Fabric & Home volume,2024-12-31,2024-10-18,2022-03-31,2022-04-20,3.404808853741881,5.0,Initial
Fabric & Home volume,2024-12-31,2024-10-18,2022-06-30,2022-07-29,-0.26864270520209343,-1.0,Initial
Fabric & Home volume,2024-12-31,2024-10-18,2022-09-30,2022-10-19,-0.9788074712643757,-4.0,Initial
Fabric & Home volume,2024-12-31,2024-10-18,2022-12-31,2023-01-19,-1.5609194946349714,-7.0,Initial
Fabric & Home volume,2024-12-31,2024-10-18,2023-03-31,2023-04-21,-0.28354349497309306,-5.0,Initial
Fabric & Home volume,2024-12-31,2024-10-18,2023-06-30,2023-07-28,-0.07710486261315319,-2.0,Initial
Fabric & Home volume,2024-12-31,2024-10-18,2023-09-30,2023-10-18,1.3149542033191297,0.0,Initial
Fabric & Home volume,2024-12-31,2024-10-18,2023-12-31,2024-01-23,2.203215667311409,1.0,Initial
Fabric & Home volume,2024-12-31,2024-10-18,2024-03-31,2024-04-19,1.360673628563136,1.0,Initial
Fabric & Home volume,2024-12-31,2024-10-18,2024-06-30,2024-07-30,1.8739916021125014,3.0,Initial
Fabric & Home volume,2025-03-31,2025-01-22,2021-03-31,2021-04-20,6.809059633027537,3.0,Initial
Fabric & Home volume,2025-03-31,2025-01-22,2021-06-30,2021-07-30,14.154610850804294,1.0,Initial
Fabric & Home volume,2025-03-31,2025-01-22,2021-09-30,2021-10-19,6.792826774925675,2.0,Initial
Fabric & Home volume,2025-03-31,2025-01-22,2021-12-31,2022-01-19,6.843683446529414,7.0,Initial
Fabric & Home volume,2025-03-31,2025-01-22,2022-03-31,2022-04-20,3.404808853741881,5.0,Initial
Fabric & Home volume,2025-03-31,2025-01-22,2022-06-30,2022-07-29,-0.26864270520209343,-1.0,Initial
Fabric & Home volume,2025-03-31,2025-01-22,2022-09-30,2022-10-19,-0.9788074712643757,-4.0,Initial
Fabric & Home volume,2025-03-31,2025-01-22,2022-12-31,2023-01-19,-1.5609194946349714,-7.0,Initial
Fabric & Home volume,2025-03-31,2025-01-22,2023-03-31,2023-04-21,-0.28354349497309306,-5.0,Initial
Fabric & Home volume,2025-03-31,2025-01-22,2023-06-30,2023-07-28,-0.07710486261315319,-2.0,Initial
Fabric & Home volume,2025-03-31,2025-01-22,2023-09-30,2023-10-18,1.3149542033191297,0.0,Initial
Fabric & Home volume,2025-03-31,2025-01-22,2023-12-31,2024-01-23,2.203215667311409,1.0,Initial
Fabric & Home volume,2025-03-31,2025-01-22,2024-03-31,2024-04-19,1.360673628563136,1.0,Initial
Fabric & Home volume,2025-03-31,2025-01-22,2024-06-30,2024-07-30,1.8739916021125014,3.0,Initial
Fabric & Home volume,2025-03-31,2025-01-22,2024-09-30,2024-10-18,2.247682698810527,1.0,Initial
Fabric & Home volume,2025-06-30,2025-04-24,2021-03-31,2021-04-20,6.809059633027537,3.0,Initial
Fabric & Home volume,2025-06-30,2025-04-24,2021-06-30,2021-07-30,14.154610850804294,1.0,Initial
Fabric & Home volume,2025-06-30,2025-04-24,2021-09-30,2021-10-19,6.792826774925675,2.0,Initial
Fabric & Home volume,2025-06-30,2025-04-24,2021-12-31,2022-01-19,6.843683446529414,7.0,Initial
Fabric & Home volume,2025-06-30,2025-04-24,2022-03-31,2022-04-20,3.404808853741881,5.0,Initial
Fabric & Home volume,2025-06-30,2025-04-24,2022-06-30,2022-07-29,-0.26864270520209343,-1.0,Initial
Fabric & Home volume,2025-06-30,2025-04-24,2022-09-30,2022-10-19,-0.9788074712643757,-4.0,Initial
Fabric & Home volume,2025-06-30,2025-04-24,2022-12-31,2023-01-19,-1.5609194946349714,-7.0,Initial
Fabric & Home volume,2025-06-30,2025-04-24,2023-03-31,2023-04-21,-0.28354349497309306,-5.0,Initial
Fabric & Home volume,2025-06-30,2025-04-24,2023-06-30,2023-07-28,-0.07710486261315319,-2.0,Initial
Fabric & Home volume,2025-06-30,2025-04-24,2023-09-30,2023-10-18,1.3149542033191297,0.0,Initial
Fabric & Home volume,2025-06-30,2025-04-24,2023-12-31,2024-01-23,2.203215667311409,1.0,Initial
Fabric & Home volume,2025-06-30,2025-04-24,2024-03-31,2024-04-19,1.360673628563136,1.0,Initial
Fabric & Home volume,2025-06-30,2025-04-24,2024-06-30,2024-07-30,1.8739916021125014,3.0,Initial
Fabric & Home volume,2025-06-30,2025-04-24,2024-09-30,2024-10-18,2.247682698810527,1.0,Initial
Fabric & Home volume,2025-06-30,2025-04-24,2024-12-31,2025-01-22,2.1103784092813216,2.0,Initial
Fabric & Home volume,2025-09-30,2025-07-29,2021-03-31,2021-04-20,6.809059633027537,3.0,Initial
Fabric & Home volume,2025-09-30,2025-07-29,2021-06-30,2021-07-30,14.154610850804294,1.0,Initial
Fabric & Home volume,2025-09-30,2025-07-29,2021-09-30,2021-10-19,6.792826774925675,2.0,Initial
Fabric & Home volume,2025-09-30,2025-07-29,2021-12-31,2022-01-19,6.843683446529414,7.0,Initial
Fabric & Home volume,2025-09-30,2025-07-29,2022-03-31,2022-04-20,3.404808853741881,5.0,Initial
Fabric & Home volume,2025-09-30,2025-07-29,2022-06-30,2022-07-29,-0.26864270520209343,-1.0,Initial
Fabric & Home volume,2025-09-30,2025-07-29,2022-09-30,2022-10-19,-0.9788074712643757,-4.0,Initial
Fabric & Home volume,2025-09-30,2025-07-29,2022-12-31,2023-01-19,-1.5609194946349714,-7.0,Initial
Fabric & Home volume,2025-09-30,2025-07-29,2023-03-31,2023-04-21,-0.28354349497309306,-5.0,Initial
Fabric & Home volume,2025-09-30,2025-07-29,2023-06-30,2023-07-28,-0.07710486261315319,-2.0,Initial
Fabric & Home volume,2025-09-30,2025-07-29,2023-09-30,2023-10-18,1.3149542033191297,0.0,Initial
Fabric & Home volume,2025-09-30,2025-07-29,2023-12-31,2024-01-23,2.203215667311409,1.0,Initial
Fabric & Home volume,2025-09-30,2025-07-29,2024-03-31,2024-04-19,1.360673628563136,1.0,Initial
Fabric & Home volume,2025-09-30,2025-07-29,2024-06-30,2024-07-30,1.8739916021125014,3.0,Initial
Fabric & Home volume,2025-09-30,2025-07-29,2024-09-30,2024-10-18,2.247682698810527,1.0,Initial
Fabric & Home volume,2025-09-30,2025-07-29,2024-12-31,2025-01-22,2.1103784092813216,2.0,Initial
Fabric & Home volume,2025-09-30,2025-07-29,2025-03-31,2025-04-24,2.869532577344036,0.0,Initial
Fabric & Home volume,2025-12-31,2025-10-24,2021-03-31,2021-04-20,6.575055187637968,3.0,Initial
Fabric & Home volume,2025-12-31,2025-10-24,2021-06-30,2021-07-30,14.016061969584781,1.0,Initial
Fabric & Home volume,2025-12-31,2025-10-24,2021-09-30,2021-10-19,7.004214906898576,2.0,Initial
Fabric & Home volume,2025-12-31,2025-10-24,2021-12-31,2022-01-19,7.099598376506089,7.0,Initial
Fabric & Home volume,2025-12-31,2025-10-24,2022-03-31,2022-04-20,3.598910488105478,5.0,Initial
Fabric & Home volume,2025-12-31,2025-10-24,2022-06-30,2022-07-29,-0.03796621007303713,-1.0,Initial
Fabric & Home volume,2025-12-31,2025-10-24,2022-09-30,2022-10-19,-0.9742817539066029,-4.0,Initial
Fabric & Home volume,2025-12-31,2025-10-24,2022-12-31,2023-01-19,-1.708333333333334,-7.0,Initial
Fabric & Home volume,2025-12-31,2025-10-24,2023-03-31,2023-04-21,-0.5138355726167609,-5.0,Initial
Fabric & Home volume,2025-12-31,2025-10-24,2023-06-30,2023-07-28,-0.38380425982749156,-2.0,Initial
Fabric & Home volume,2025-12-31,2025-10-24,2023-09-30,2023-10-18,1.1893013232362026,0.0,Initial
Fabric & Home volume,2025-12-31,2025-10-24,2023-12-31,2024-01-23,2.2255192878338326,1.0,Initial
Fabric & Home volume,2025-12-31,2025-10-24,2024-03-31,2024-04-19,1.3726160091641626,1.0,Initial
Fabric & Home volume,2025-12-31,2025-10-24,2024-06-30,2024-07-30,2.2805943792830297,3.0,Initial
Fabric & Home volume,2025-12-31,2025-10-24,2024-09-30,2024-10-18,2.650199536239972,1.0,Initial
Fabric & Home volume,2025-12-31,2025-10-24,2024-12-31,2025-01-22,2.787239714463441,2.0,Initial
Fabric & Home volume,2025-12-31,2025-10-24,2025-03-31,2025-04-24,3.749851314380881,0.0,Initial
Fabric & Home volume,2025-12-31,2025-10-24,2025-06-30,2025-07-29,3.2332744751814912,0.0,Initial
Fabric & Home volume,2026-03-31,2026-01-22,2022-03-31,2022-04-20,3.598910488105478,5.0,Initial
Fabric & Home volume,2026-03-31,2026-01-22,2022-06-30,2022-07-29,-0.03796621007303713,-1.0,Initial
Fabric & Home volume,2026-03-31,2026-01-22,2022-09-30,2022-10-19,-0.9742817539066029,-4.0,Initial
Fabric & Home volume,2026-03-31,2026-01-22,2022-12-31,2023-01-19,-1.708333333333334,-7.0,Initial
Fabric & Home volume,2026-03-31,2026-01-22,2023-03-31,2023-04-21,-0.5138355726167609,-5.0,Initial
Fabric & Home volume,2026-03-31,2026-01-22,2023-06-30,2023-07-28,-0.38380425982749156,-2.0,Initial
Fabric & Home volume,2026-03-31,2026-01-22,2023-09-30,2023-10-18,1.1893013232362026,0.0,Initial
Fabric & Home volume,2026-03-31,2026-01-22,2023-12-31,2024-01-23,2.2255192878338326,1.0,Initial
Fabric & Home volume,2026-03-31,2026-01-22,2024-03-31,2024-04-19,1.3726160091641626,1.0,Initial
Fabric & Home volume,2026-03-31,2026-01-22,2024-06-30,2024-07-30,2.2805943792830297,3.0,Initial
Fabric & Home volume,2026-03-31,2026-01-22,2024-09-30,2024-10-18,2.650199536239972,1.0,Initial
Fabric & Home volume,2026-03-31,2026-01-22,2024-12-31,2025-01-22,2.787239714463441,2.0,Initial
Fabric & Home volume,2026-03-31,2026-01-22,2025-03-31,2025-04-24,3.749851314380881,0.0,Initial
Fabric & Home volume,2026-03-31,2026-01-22,2025-06-30,2025-07-29,3.2332744751814912,0.0,Initial
Fabric & Home volume,2026-03-31,2026-01-22,2025-09-30,2025-10-24,2.996723091540132,-2.0,Initial
Health Care pricing,2023-06-30,2023-04-21,2021-03-31,2021-04-20,-0.3577033906046245,0.0,Initial
Health Care pricing,2023-06-30,2023-04-21,2021-06-30,2021-07-30,-0.2202606487071601,1.0,Initial
Health Care pricing,2023-06-30,2023-04-21,2021-09-30,2021-10-19,-0.33137395300817385,1.0,Initial
Health Care pricing,2023-06-30,2023-04-21,2021-12-31,2022-01-19,0.031151475618229618,1.0,Initial
Health Care pricing,2023-06-30,2023-04-21,2022-03-31,2022-04-20,1.0280001916822323,3.0,Initial
Health Care pricing,2023-06-30,2023-04-21,2022-06-30,2022-07-29,2.912272941608496,5.0,Initial
Health Care pricing,2023-06-30,2023-04-21,2022-09-30,2022-10-19,5.850277341531052,6.0,Initial
Health Care pricing,2023-06-30,2023-04-21,2022-12-31,2023-01-19,7.25603345755208,5.0,Initial
Health Care pricing,2023-06-30,2023-04-21,2023-03-31,2023-04-21,6.77239402344838,6.0,Initial
Health Care pricing,2023-09-30,2023-07-28,2021-03-31,2021-04-20,-0.3577033906046245,0.0,Initial
Health Care pricing,2023-09-30,2023-07-28,2021-06-30,2021-07-30,-0.2202606487071601,1.0,Initial
Health Care pricing,2023-09-30,2023-07-28,2021-09-30,2021-10-19,-0.33137395300817385,1.0,Initial
Health Care pricing,2023-09-30,2023-07-28,2021-12-31,2022-01-19,0.031151475618229618,1.0,Initial
Health Care pricing,2023-09-30,2023-07-28,2022-03-31,2022-04-20,1.0280001916822323,3.0,Initial
Health Care pricing,2023-09-30,2023-07-28,2022-06-30,2022-07-29,2.912272941608496,5.0,Initial
Health Care pricing,2023-09-30,2023-07-28,2022-09-30,2022-10-19,5.850277341531052,6.0,Initial
Health Care pricing,2023-09-30,2023-07-28,2022-12-31,2023-01-19,7.25603345755208,5.0,Initial
Health Care pricing,2023-09-30,2023-07-28,2023-03-31,2023-04-21,6.77239402344838,6.0,Initial
Health Care pricing,2023-09-30,2023-07-28,2023-06-30,2023-07-28,7.05822723217906,6.0,Initial
Health Care pricing,2023-12-31,2023-10-18,2021-03-31,2021-04-20,-0.3577033906046245,0.0,Initial
Health Care pricing,2023-12-31,2023-10-18,2021-06-30,2021-07-30,-0.2202606487071601,1.0,Initial
Health Care pricing,2023-12-31,2023-10-18,2021-09-30,2021-10-19,-0.33137395300817385,1.0,Initial
Health Care pricing,2023-12-31,2023-10-18,2021-12-31,2022-01-19,0.031151475618229618,1.0,Initial
Health Care pricing,2023-12-31,2023-10-18,2022-03-31,2022-04-20,1.0280001916822323,3.0,Initial
Health Care pricing,2023-12-31,2023-10-18,2022-06-30,2022-07-29,2.912272941608496,5.0,Initial
Health Care pricing,2023-12-31,2023-10-18,2022-09-30,2022-10-19,5.850277341531052,6.0,Initial
Health Care pricing,2023-12-31,2023-10-18,2022-12-31,2023-01-19,7.25603345755208,5.0,Initial
Health Care pricing,2023-12-31,2023-10-18,2023-03-31,2023-04-21,6.77239402344838,6.0,Initial
Health Care pricing,2023-12-31,2023-10-18,2023-06-30,2023-07-28,7.05822723217906,6.0,Initial
Health Care pricing,2023-12-31,2023-10-18,2023-09-30,2023-10-18,5.4935927157217845,6.0,Initial
Health Care pricing,2024-03-31,2024-01-23,2021-03-31,2021-04-20,-0.3577033906046245,0.0,Initial
Health Care pricing,2024-03-31,2024-01-23,2021-06-30,2021-07-30,-0.2202606487071601,1.0,Initial
Health Care pricing,2024-03-31,2024-01-23,2021-09-30,2021-10-19,-0.33137395300817385,1.0,Initial
Health Care pricing,2024-03-31,2024-01-23,2021-12-31,2022-01-19,0.031151475618229618,1.0,Initial
Health Care pricing,2024-03-31,2024-01-23,2022-03-31,2022-04-20,1.0280001916822323,3.0,Initial
Health Care pricing,2024-03-31,2024-01-23,2022-06-30,2022-07-29,2.912272941608496,5.0,Initial
Health Care pricing,2024-03-31,2024-01-23,2022-09-30,2022-10-19,5.850277341531052,6.0,Initial
Health Care pricing,2024-03-31,2024-01-23,2022-12-31,2023-01-19,7.25603345755208,5.0,Initial
Health Care pricing,2024-03-31,2024-01-23,2023-03-31,2023-04-21,6.77239402344838,6.0,Initial
Health Care pricing,2024-03-31,2024-01-23,2023-06-30,2023-07-28,7.05822723217906,6.0,Initial
Health Care pricing,2024-03-31,2024-01-23,2023-09-30,2023-10-18,5.4935927157217845,6.0,Initial
Health Care pricing,2024-03-31,2024-01-23,2023-12-31,2024-01-23,4.212216519153356,5.0,Initial
Health Care pricing,2024-06-30,2024-04-19,2021-03-31,2021-04-20,-0.3577033906046245,0.0,Initial
Health Care pricing,2024-06-30,2024-04-19,2021-06-30,2021-07-30,-0.2202606487071601,1.0,Initial
Health Care pricing,2024-06-30,2024-04-19,2021-09-30,2021-10-19,-0.33137395300817385,1.0,Initial
Health Care pricing,2024-06-30,2024-04-19,2021-12-31,2022-01-19,0.031151475618229618,1.0,Initial
Health Care pricing,2024-06-30,2024-04-19,2022-03-31,2022-04-20,1.0280001916822323,3.0,Initial
Health Care pricing,2024-06-30,2024-04-19,2022-06-30,2022-07-29,2.912272941608496,5.0,Initial
Health Care pricing,2024-06-30,2024-04-19,2022-09-30,2022-10-19,5.850277341531052,6.0,Initial
Health Care pricing,2024-06-30,2024-04-19,2022-12-31,2023-01-19,7.25603345755208,5.0,Initial
Health Care pricing,2024-06-30,2024-04-19,2023-03-31,2023-04-21,6.77239402344838,6.0,Initial
Health Care pricing,2024-06-30,2024-04-19,2023-06-30,2023-07-28,7.05822723217906,6.0,Initial
Health Care pricing,2024-06-30,2024-04-19,2023-09-30,2023-10-18,5.4935927157217845,6.0,Initial
Health Care pricing,2024-06-30,2024-04-19,2023-12-31,2024-01-23,4.212216519153356,5.0,Initial
Health Care pricing,2024-06-30,2024-04-19,2024-03-31,2024-04-19,3.636809635836169,4.0,Initial
Health Care pricing,2024-09-30,2024-07-30,2021-03-31,2021-04-20,-0.3577033906046245,0.0,Initial
Health Care pricing,2024-09-30,2024-07-30,2021-06-30,2021-07-30,-0.2202606487071601,1.0,Initial
Health Care pricing,2024-09-30,2024-07-30,2021-09-30,2021-10-19,-0.33137395300817385,1.0,Initial
Health Care pricing,2024-09-30,2024-07-30,2021-12-31,2022-01-19,0.031151475618229618,1.0,Initial
Health Care pricing,2024-09-30,2024-07-30,2022-03-31,2022-04-20,1.0280001916822323,3.0,Initial
Health Care pricing,2024-09-30,2024-07-30,2022-06-30,2022-07-29,2.912272941608496,5.0,Initial
Health Care pricing,2024-09-30,2024-07-30,2022-09-30,2022-10-19,5.850277341531052,6.0,Initial
Health Care pricing,2024-09-30,2024-07-30,2022-12-31,2023-01-19,7.25603345755208,5.0,Initial
Health Care pricing,2024-09-30,2024-07-30,2023-03-31,2023-04-21,6.77239402344838,6.0,Initial
Health Care pricing,2024-09-30,2024-07-30,2023-06-30,2023-07-28,7.05822723217906,6.0,Initial
Health Care pricing,2024-09-30,2024-07-30,2023-09-30,2023-10-18,5.4935927157217845,6.0,Initial
Health Care pricing,2024-09-30,2024-07-30,2023-12-31,2024-01-23,4.212216519153356,5.0,Initial
Health Care pricing,2024-09-30,2024-07-30,2024-03-31,2024-04-19,3.636809635836169,4.0,Initial
Health Care pricing,2024-09-30,2024-07-30,2024-06-30,2024-07-30,1.6547550061168037,2.0,Initial
Health Care pricing,2024-12-31,2024-10-18,2021-03-31,2021-04-20,-0.3577033906046245,0.0,Initial
Health Care pricing,2024-12-31,2024-10-18,2021-06-30,2021-07-30,-0.2202606487071601,1.0,Initial
Health Care pricing,2024-12-31,2024-10-18,2021-09-30,2021-10-19,-0.33137395300817385,1.0,Initial
Health Care pricing,2024-12-31,2024-10-18,2021-12-31,2022-01-19,0.031151475618229618,1.0,Initial
Health Care pricing,2024-12-31,2024-10-18,2022-03-31,2022-04-20,1.0280001916822323,3.0,Initial
Health Care pricing,2024-12-31,2024-10-18,2022-06-30,2022-07-29,2.912272941608496,5.0,Initial
Health Care pricing,2024-12-31,2024-10-18,2022-09-30,2022-10-19,5.850277341531052,6.0,Initial
Health Care pricing,2024-12-31,2024-10-18,2022-12-31,2023-01-19,7.25603345755208,5.0,Initial
Health Care pricing,2024-12-31,2024-10-18,2023-03-31,2023-04-21,6.77239402344838,6.0,Initial
Health Care pricing,2024-12-31,2024-10-18,2023-06-30,2023-07-28,7.05822723217906,6.0,Initial
Health Care pricing,2024-12-31,2024-10-18,2023-09-30,2023-10-18,5.4935927157217845,6.0,Initial
Health Care pricing,2024-12-31,2024-10-18,2023-12-31,2024-01-23,4.212216519153356,5.0,Initial
Health Care pricing,2024-12-31,2024-10-18,2024-03-31,2024-04-19,3.636809635836169,4.0,Initial
Health Care pricing,2024-12-31,2024-10-18,2024-06-30,2024-07-30,1.6547550061168037,2.0,Initial
Health Care pricing,2024-12-31,2024-10-18,2024-09-30,2024-10-18,0.373301115227731,1.0,Initial
Health Care pricing,2025-03-31,2025-01-22,2021-03-31,2021-04-20,-0.3577033906046245,0.0,Initial
Health Care pricing,2025-03-31,2025-01-22,2021-06-30,2021-07-30,-0.2202606487071601,1.0,Initial
Health Care pricing,2025-03-31,2025-01-22,2021-09-30,2021-10-19,-0.33137395300817385,1.0,Initial
Health Care pricing,2025-03-31,2025-01-22,2021-12-31,2022-01-19,0.031151475618229618,1.0,Initial
Health Care pricing,2025-03-31,2025-01-22,2022-03-31,2022-04-20,1.0280001916822323,3.0,Initial
Health Care pricing,2025-03-31,2025-01-22,2022-06-30,2022-07-29,2.912272941608496,5.0,Initial
Health Care pricing,2025-03-31,2025-01-22,2022-09-30,2022-10-19,5.850277341531052,6.0,Initial
Health Care pricing,2025-03-31,2025-01-22,2022-12-31,2023-01-19,7.25603345755208,5.0,Initial
Health Care pricing,2025-03-31,2025-01-22,2023-03-31,2023-04-21,6.77239402344838,6.0,Initial
Health Care pricing,2025-03-31,2025-01-22,2023-06-30,2023-07-28,7.05822723217906,6.0,Initial
Health Care pricing,2025-03-31,2025-01-22,2023-09-30,2023-10-18,5.4935927157217845,6.0,Initial
Health Care pricing,2025-03-31,2025-01-22,2023-12-31,2024-01-23,4.212216519153356,5.0,Initial
Health Care pricing,2025-03-31,2025-01-22,2024-03-31,2024-04-19,3.636809635836169,4.0,Initial
Health Care pricing,2025-03-31,2025-01-22,2024-06-30,2024-07-30,1.6547550061168037,2.0,Initial
Health Care pricing,2025-03-31,2025-01-22,2024-09-30,2024-10-18,0.373301115227731,1.0,Initial
Health Care pricing,2025-03-31,2025-01-22,2024-12-31,2025-01-22,0.341068456777438,1.0,Initial
Health Care pricing,2025-06-30,2025-04-24,2021-03-31,2021-04-20,-0.3577033906046245,0.0,Initial
Health Care pricing,2025-06-30,2025-04-24,2021-06-30,2021-07-30,-0.2202606487071601,1.0,Initial
Health Care pricing,2025-06-30,2025-04-24,2021-09-30,2021-10-19,-0.33137395300817385,1.0,Initial
Health Care pricing,2025-06-30,2025-04-24,2021-12-31,2022-01-19,0.031151475618229618,1.0,Initial
Health Care pricing,2025-06-30,2025-04-24,2022-03-31,2022-04-20,1.0280001916822323,3.0,Initial
Health Care pricing,2025-06-30,2025-04-24,2022-06-30,2022-07-29,2.912272941608496,5.0,Initial
Health Care pricing,2025-06-30,2025-04-24,2022-09-30,2022-10-19,5.850277341531052,6.0,Initial
Health Care pricing,2025-06-30,2025-04-24,2022-12-31,2023-01-19,7.25603345755208,5.0,Initial
Health Care pricing,2025-06-30,2025-04-24,2023-03-31,2023-04-21,6.77239402344838,6.0,Initial
Health Care pricing,2025-06-30,2025-04-24,2023-06-30,2023-07-28,7.05822723217906,6.0,Initial
Health Care pricing,2025-06-30,2025-04-24,2023-09-30,2023-10-18,5.4935927157217845,6.0,Initial
Health Care pricing,2025-06-30,2025-04-24,2023-12-31,2024-01-23,4.212216519153356,5.0,Initial
Health Care pricing,2025-06-30,2025-04-24,2024-03-31,2024-04-19,3.636809635836169,4.0,Initial
Health Care pricing,2025-06-30,2025-04-24,2024-06-30,2024-07-30,1.6547550061168037,2.0,Initial
Health Care pricing,2025-06-30,2025-04-24,2024-09-30,2024-10-18,0.373301115227731,1.0,Initial
Health Care pricing,2025-06-30,2025-04-24,2024-12-31,2025-01-22,0.341068456777438,1.0,Initial
Health Care pricing,2025-06-30,2025-04-24,2025-03-31,2025-04-24,0.23594619830289432,1.0,Initial
Health Care pricing,2025-09-30,2025-07-29,2021-03-31,2021-04-20,-0.3577033906046245,0.0,Initial
Health Care pricing,2025-09-30,2025-07-29,2021-06-30,2021-07-30,-0.2202606487071601,1.0,Initial
Health Care pricing,2025-09-30,2025-07-29,2021-09-30,2021-10-19,-0.33137395300817385,1.0,Initial
Health Care pricing,2025-09-30,2025-07-29,2021-12-31,2022-01-19,0.031151475618229618,1.0,Initial
Health Care pricing,2025-09-30,2025-07-29,2022-03-31,2022-04-20,1.0280001916822323,3.0,Initial
Health Care pricing,2025-09-30,2025-07-29,2022-06-30,2022-07-29,2.912272941608496,5.0,Initial
Health Care pricing,2025-09-30,2025-07-29,2022-09-30,2022-10-19,5.850277341531052,6.0,Initial
Health Care pricing,2025-09-30,2025-07-29,2022-12-31,2023-01-19,7.25603345755208,5.0,Initial
Health Care pricing,2025-09-30,2025-07-29,2023-03-31,2023-04-21,6.77239402344838,6.0,Initial
Health Care pricing,2025-09-30,2025-07-29,2023-06-30,2023-07-28,7.05822723217906,6.0,Initial
Health Care pricing,2025-09-30,2025-07-29,2023-09-30,2023-10-18,5.4935927157217845,6.0,Initial
Health Care pricing,2025-09-30,2025-07-29,2023-12-31,2024-01-23,4.212216519153356,5.0,Initial
Health Care pricing,2025-09-30,2025-07-29,2024-03-31,2024-04-19,3.636809635836169,4.0,Initial
Health Care pricing,2025-09-30,2025-07-29,2024-06-30,2024-07-30,1.6547550061168037,2.0,Initial
Health Care pricing,2025-09-30,2025-07-29,2024-09-30,2024-10-18,0.373301115227731,1.0,Initial
Health Care pricing,2025-09-30,2025-07-29,2024-12-31,2025-01-22,0.341068456777438,1.0,Initial
Health Care pricing,2025-09-30,2025-07-29,2025-03-31,2025-04-24,0.23594619830289432,1.0,Initial
Health Care pricing,2025-09-30,2025-07-29,2025-06-30,2025-07-29,0.5057825004843641,1.0,Initial
Health Care pricing,2025-12-31,2025-10-24,2022-03-31,2022-04-20,1.0280001916822323,3.0,Initial
Health Care pricing,2025-12-31,2025-10-24,2022-06-30,2022-07-29,2.912272941608496,5.0,Initial
Health Care pricing,2025-12-31,2025-10-24,2022-09-30,2022-10-19,5.850277341531052,6.0,Initial
Health Care pricing,2025-12-31,2025-10-24,2022-12-31,2023-01-19,7.25603345755208,5.0,Initial
Health Care pricing,2025-12-31,2025-10-24,2023-03-31,2023-04-21,6.77239402344838,6.0,Initial
Health Care pricing,2025-12-31,2025-10-24,2023-06-30,2023-07-28,7.05822723217906,6.0,Initial
Health Care pricing,2025-12-31,2025-10-24,2023-09-30,2023-10-18,5.4935927157217845,6.0,Initial
Health Care pricing,2025-12-31,2025-10-24,2023-12-31,2024-01-23,4.212216519153356,5.0,Initial
Health Care pricing,2025-12-31,2025-10-24,2024-03-31,2024-04-19,3.636809635836169,4.0,Initial
Health Care pricing,2025-12-31,2025-10-24,2024-06-30,2024-07-30,1.6547550061168037,2.0,Initial
Health Care pricing,2025-12-31,2025-10-24,2024-09-30,2024-10-18,0.373301115227731,1.0,Initial
Health Care pricing,2025-12-31,2025-10-24,2024-12-31,2025-01-22,0.341068456777438,1.0,Initial
Health Care pricing,2025-12-31,2025-10-24,2025-03-31,2025-04-24,0.23594619830289432,1.0,Initial
Health Care pricing,2025-12-31,2025-10-24,2025-06-30,2025-07-29,0.5057825004843641,1.0,Initial
Health Care pricing,2025-12-31,2025-10-24,2025-09-30,2025-10-24,1.0082264270475205,1.0,Initial
Health Care pricing,2026-03-31,2026-01-22,2021-03-31,2021-04-20,-0.3577033906046245,0.0,Initial
Health Care pricing,2026-03-31,2026-01-22,2021-06-30,2021-07-30,-0.2202606487071601,1.0,Initial
Health Care pricing,2026-03-31,2026-01-22,2021-09-30,2021-10-19,-0.33137395300817385,1.0,Initial
Health Care pricing,2026-03-31,2026-01-22,2021-12-31,2022-01-19,0.031151475618229618,1.0,Initial
Health Care pricing,2026-03-31,2026-01-22,2022-03-31,2022-04-20,1.0280001916822323,3.0,Initial
Health Care pricing,2026-03-31,2026-01-22,2022-06-30,2022-07-29,2.912272941608496,5.0,Initial
Health Care pricing,2026-03-31,2026-01-22,2022-09-30,2022-10-19,5.850277341531052,6.0,Initial
Health Care pricing,2026-03-31,2026-01-22,2022-12-31,2023-01-19,7.25603345755208,5.0,Initial
Health Care pricing,2026-03-31,2026-01-22,2023-03-31,2023-04-21,6.77239402344838,6.0,Initial
Health Care pricing,2026-03-31,2026-01-22,2023-06-30,2023-07-28,7.05822723217906,6.0,Initial
Health Care pricing,2026-03-31,2026-01-22,2023-09-30,2023-10-18,5.4935927157217845,6.0,Initial
Health Care pricing,2026-03-31,2026-01-22,2023-12-31,2024-01-23,4.212216519153356,5.0,Initial
Health Care pricing,2026-03-31,2026-01-22,2024-03-31,2024-04-19,3.636809635836169,4.0,Initial
Health Care pricing,2026-03-31,2026-01-22,2024-06-30,2024-07-30,1.6547550061168037,2.0,Initial
Health Care pricing,2026-03-31,2026-01-22,2024-09-30,2024-10-18,0.373301115227731,1.0,Initial
Health Care pricing,2026-03-31,2026-01-22,2024-12-31,2025-01-22,0.341068456777438,1.0,Initial
Health Care pricing,2026-03-31,2026-01-22,2025-03-31,2025-04-24,0.23594619830289432,1.0,Initial
Health Care pricing,2026-03-31,2026-01-22,2025-06-30,2025-07-29,0.5057825004843641,1.0,Initial
Health Care pricing,2026-03-31,2026-01-22,2025-09-30,2025-10-24,1.0082264270475205,1.0,Initial
Baby / Feminine / Family volume,2023-06-30,2023-07-27,2021-03-31,2021-04-20,6.632753313101758,-4.0,Pre-release
Baby / Feminine / Family volume,2023-06-30,2023-07-27,2021-06-30,2021-07-30,14.611736810906951,-3.0,Pre-release
Baby / Feminine / Family volume,2023-06-30,2023-07-27,2021-09-30,2021-10-19,7.041835414855502,1.0,Pre-release
Baby / Feminine / Family volume,2023-06-30,2023-07-27,2021-12-31,2022-01-19,7.20478199122454,1.0,Pre-release
Baby / Feminine / Family volume,2023-06-30,2023-07-27,2022-03-31,2022-04-20,2.397575807211161,2.0,Pre-release
Baby / Feminine / Family volume,2023-06-30,2023-07-27,2022-06-30,2022-07-29,-1.1318652901275095,0.0,Pre-release
Baby / Feminine / Family volume,2023-06-30,2023-07-27,2022-09-30,2022-10-19,-1.5668951309377621,-3.0,Pre-release
Baby / Feminine / Family volume,2023-06-30,2023-07-27,2022-12-31,2023-01-19,-1.5946298639671008,-6.0,Pre-release
Baby / Feminine / Family volume,2023-06-30,2023-07-27,2023-03-31,2023-04-21,-0.3719107414220657,-4.0,Pre-release
Baby / Feminine / Family volume,2023-09-30,2023-10-17,2021-03-31,2021-04-20,6.422656508777735,-4.0,Pre-release
Baby / Feminine / Family volume,2023-09-30,2023-10-17,2021-06-30,2021-07-30,13.907186483246758,-3.0,Pre-release
Baby / Feminine / Family volume,2023-09-30,2023-10-17,2021-09-30,2021-10-19,6.796251227530847,1.0,Pre-release
Baby / Feminine / Family volume,2023-09-30,2023-10-17,2021-12-31,2022-01-19,7.003262521387055,1.0,Pre-release
Baby / Feminine / Family volume,2023-09-30,2023-10-17,2022-03-31,2022-04-20,3.7505057736001657,2.0,Pre-release
Baby / Feminine / Family volume,2023-09-30,2023-10-17,2022-06-30,2022-07-29,0.22450063641921147,0.0,Pre-release
Baby / Feminine / Family volume,2023-09-30,2023-10-17,2022-09-30,2022-10-19,-0.4597655195850203,-3.0,Pre-release
Baby / Feminine / Family volume,2023-09-30,2023-10-17,2022-12-31,2023-01-19,-0.9713076900157769,-6.0,Pre-release
Baby / Feminine / Family volume,2023-09-30,2023-10-17,2023-03-31,2023-04-21,-0.16799664006719173,-4.0,Pre-release
Baby / Feminine / Family volume,2023-09-30,2023-10-17,2023-06-30,2023-07-28,0.06199938000619465,0.0,Pre-release
Baby / Feminine / Family volume,2023-12-31,2024-01-22,2021-03-31,2021-04-20,6.422656508777735,-4.0,Pre-release
Baby / Feminine / Family volume,2023-12-31,2024-01-22,2021-06-30,2021-07-30,13.907186483246758,-3.0,Pre-release
Baby / Feminine / Family volume,2023-12-31,2024-01-22,2021-09-30,2021-10-19,6.796251227530847,1.0,Pre-release
Baby / Feminine / Family volume,2023-12-31,2024-01-22,2021-12-31,2022-01-19,7.003262521387055,1.0,Pre-release
Baby / Feminine / Family volume,2023-12-31,2024-01-22,2022-03-31,2022-04-20,3.7505057736001657,2.0,Pre-release
Baby / Feminine / Family volume,2023-12-31,2024-01-22,2022-06-30,2022-07-29,0.22450063641921147,0.0,Pre-release
Baby / Feminine / Family volume,2023-12-31,2024-01-22,2022-09-30,2022-10-19,-0.4597655195850203,-3.0,Pre-release
Baby / Feminine / Family volume,2023-12-31,2024-01-22,2022-12-31,2023-01-19,-0.9713076900157769,-6.0,Pre-release
Baby / Feminine / Family volume,2023-12-31,2024-01-22,2023-03-31,2023-04-21,-0.16799664006719173,-4.0,Pre-release
Baby / Feminine / Family volume,2023-12-31,2024-01-22,2023-06-30,2023-07-28,0.06199938000619465,0.0,Pre-release
Baby / Feminine / Family volume,2023-12-31,2024-01-22,2023-09-30,2023-10-18,1.4338645058288524,-3.0,Pre-release
Baby / Feminine / Family volume,2024-03-31,2024-04-18,2021-03-31,2021-04-20,6.422656508777735,-4.0,Pre-release
Baby / Feminine / Family volume,2024-03-31,2024-04-18,2021-06-30,2021-07-30,13.907186483246758,-3.0,Pre-release
Baby / Feminine / Family volume,2024-03-31,2024-04-18,2021-09-30,2021-10-19,6.796251227530847,1.0,Pre-release
Baby / Feminine / Family volume,2024-03-31,2024-04-18,2021-12-31,2022-01-19,7.003262521387055,1.0,Pre-release
Baby / Feminine / Family volume,2024-03-31,2024-04-18,2022-03-31,2022-04-20,3.7505057736001657,2.0,Pre-release
Baby / Feminine / Family volume,2024-03-31,2024-04-18,2022-06-30,2022-07-29,0.22450063641921147,0.0,Pre-release
Baby / Feminine / Family volume,2024-03-31,2024-04-18,2022-09-30,2022-10-19,-0.4597655195850203,-3.0,Pre-release
Baby / Feminine / Family volume,2024-03-31,2024-04-18,2022-12-31,2023-01-19,-0.9713076900157769,-6.0,Pre-release
Baby / Feminine / Family volume,2024-03-31,2024-04-18,2023-03-31,2023-04-21,-0.16799664006719173,-4.0,Pre-release
Baby / Feminine / Family volume,2024-03-31,2024-04-18,2023-06-30,2023-07-28,0.06199938000619465,0.0,Pre-release
Baby / Feminine / Family volume,2024-03-31,2024-04-18,2023-09-30,2023-10-18,1.4338645058288524,-3.0,Pre-release
Baby / Feminine / Family volume,2024-03-31,2024-04-18,2023-12-31,2024-01-23,2.0298663136464334,-2.0,Pre-release
Baby / Feminine / Family volume,2024-06-30,2024-07-29,2021-03-31,2021-04-20,6.422656508777735,-4.0,Pre-release
Baby / Feminine / Family volume,2024-06-30,2024-07-29,2021-06-30,2021-07-30,13.907186483246758,-3.0,Pre-release
Baby / Feminine / Family volume,2024-06-30,2024-07-29,2021-09-30,2021-10-19,6.796251227530847,1.0,Pre-release
Baby / Feminine / Family volume,2024-06-30,2024-07-29,2021-12-31,2022-01-19,7.003262521387055,1.0,Pre-release
Baby / Feminine / Family volume,2024-06-30,2024-07-29,2022-03-31,2022-04-20,3.7505057736001657,2.0,Pre-release
Baby / Feminine / Family volume,2024-06-30,2024-07-29,2022-06-30,2022-07-29,0.22450063641921147,0.0,Pre-release
Baby / Feminine / Family volume,2024-06-30,2024-07-29,2022-09-30,2022-10-19,-0.4597655195850203,-3.0,Pre-release
Baby / Feminine / Family volume,2024-06-30,2024-07-29,2022-12-31,2023-01-19,-0.9713076900157769,-6.0,Pre-release
Baby / Feminine / Family volume,2024-06-30,2024-07-29,2023-03-31,2023-04-21,-0.16799664006719173,-4.0,Pre-release
Baby / Feminine / Family volume,2024-06-30,2024-07-29,2023-06-30,2023-07-28,0.06199938000619465,0.0,Pre-release
Baby / Feminine / Family volume,2024-06-30,2024-07-29,2023-09-30,2023-10-18,1.4338645058288524,-3.0,Pre-release
Baby / Feminine / Family volume,2024-06-30,2024-07-29,2023-12-31,2024-01-23,2.0298663136464334,-2.0,Pre-release
Baby / Feminine / Family volume,2024-06-30,2024-07-29,2024-03-31,2024-04-19,1.6317086363363043,-3.0,Pre-release
Baby / Feminine / Family volume,2024-09-30,2024-10-17,2021-03-31,2021-04-20,6.809059633027537,-4.0,Pre-release
Baby / Feminine / Family volume,2024-09-30,2024-10-17,2021-06-30,2021-07-30,14.154610850804294,-3.0,Pre-release
Baby / Feminine / Family volume,2024-09-30,2024-10-17,2021-09-30,2021-10-19,6.792826774925675,1.0,Pre-release
Baby / Feminine / Family volume,2024-09-30,2024-10-17,2021-12-31,2022-01-19,6.843683446529414,1.0,Pre-release
Baby / Feminine / Family volume,2024-09-30,2024-10-17,2022-03-31,2022-04-20,3.404808853741881,2.0,Pre-release
Baby / Feminine / Family volume,2024-09-30,2024-10-17,2022-06-30,2022-07-29,-0.26864270520209343,0.0,Pre-release
Baby / Feminine / Family volume,2024-09-30,2024-10-17,2022-09-30,2022-10-19,-0.9788074712643757,-3.0,Pre-release
Baby / Feminine / Family volume,2024-09-30,2024-10-17,2022-12-31,2023-01-19,-1.5609194946349714,-6.0,Pre-release
Baby / Feminine / Family volume,2024-09-30,2024-10-17,2023-03-31,2023-04-21,-0.28354349497309306,-4.0,Pre-release
Baby / Feminine / Family volume,2024-09-30,2024-10-17,2023-06-30,2023-07-28,-0.07710486261315319,0.0,Pre-release
Baby / Feminine / Family volume,2024-09-30,2024-10-17,2023-09-30,2023-10-18,1.3149542033191297,-3.0,Pre-release
Baby / Feminine / Family volume,2024-09-30,2024-10-17,2023-12-31,2024-01-23,2.203215667311409,-2.0,Pre-release
Baby / Feminine / Family volume,2024-09-30,2024-10-17,2024-03-31,2024-04-19,1.360673628563136,-3.0,Pre-release
Baby / Feminine / Family volume,2024-09-30,2024-10-17,2024-06-30,2024-07-30,1.8739916021125014,-1.0,Pre-release
Baby / Feminine / Family volume,2024-12-31,2025-01-21,2021-03-31,2021-04-20,6.809059633027537,-4.0,Pre-release
Baby / Feminine / Family volume,2024-12-31,2025-01-21,2021-06-30,2021-07-30,14.154610850804294,-3.0,Pre-release
Baby / Feminine / Family volume,2024-12-31,2025-01-21,2021-09-30,2021-10-19,6.792826774925675,1.0,Pre-release
Baby / Feminine / Family volume,2024-12-31,2025-01-21,2021-12-31,2022-01-19,6.843683446529414,1.0,Pre-release
Baby / Feminine / Family volume,2024-12-31,2025-01-21,2022-03-31,2022-04-20,3.404808853741881,2.0,Pre-release
Baby / Feminine / Family volume,2024-12-31,2025-01-21,2022-06-30,2022-07-29,-0.26864270520209343,0.0,Pre-release
Baby / Feminine / Family volume,2024-12-31,2025-01-21,2022-09-30,2022-10-19,-0.9788074712643757,-3.0,Pre-release
Baby / Feminine / Family volume,2024-12-31,2025-01-21,2022-12-31,2023-01-19,-1.5609194946349714,-6.0,Pre-release
Baby / Feminine / Family volume,2024-12-31,2025-01-21,2023-03-31,2023-04-21,-0.28354349497309306,-4.0,Pre-release
Baby / Feminine / Family volume,2024-12-31,2025-01-21,2023-06-30,2023-07-28,-0.07710486261315319,0.0,Pre-release
Baby / Feminine / Family volume,2024-12-31,2025-01-21,2023-09-30,2023-10-18,1.3149542033191297,-3.0,Pre-release
Baby / Feminine / Family volume,2024-12-31,2025-01-21,2023-12-31,2024-01-23,2.203215667311409,-2.0,Pre-release
Baby / Feminine / Family volume,2024-12-31,2025-01-21,2024-03-31,2024-04-19,1.360673628563136,-3.0,Pre-release
Baby / Feminine / Family volume,2024-12-31,2025-01-21,2024-06-30,2024-07-30,1.8739916021125014,-1.0,Pre-release
Baby / Feminine / Family volume,2024-12-31,2025-01-21,2024-09-30,2024-10-18,2.247682698810527,-1.0,Pre-release
Baby / Feminine / Family volume,2025-03-31,2025-04-23,2021-03-31,2021-04-20,6.809059633027537,-4.0,Pre-release
Baby / Feminine / Family volume,2025-03-31,2025-04-23,2021-06-30,2021-07-30,14.154610850804294,-3.0,Pre-release
Baby / Feminine / Family volume,2025-03-31,2025-04-23,2021-09-30,2021-10-19,6.792826774925675,1.0,Pre-release
Baby / Feminine / Family volume,2025-03-31,2025-04-23,2021-12-31,2022-01-19,6.843683446529414,1.0,Pre-release
Baby / Feminine / Family volume,2025-03-31,2025-04-23,2022-03-31,2022-04-20,3.404808853741881,2.0,Pre-release
Baby / Feminine / Family volume,2025-03-31,2025-04-23,2022-06-30,2022-07-29,-0.26864270520209343,0.0,Pre-release
Baby / Feminine / Family volume,2025-03-31,2025-04-23,2022-09-30,2022-10-19,-0.9788074712643757,-3.0,Pre-release
Baby / Feminine / Family volume,2025-03-31,2025-04-23,2022-12-31,2023-01-19,-1.5609194946349714,-6.0,Pre-release
Baby / Feminine / Family volume,2025-03-31,2025-04-23,2023-03-31,2023-04-21,-0.28354349497309306,-4.0,Pre-release
Baby / Feminine / Family volume,2025-03-31,2025-04-23,2023-06-30,2023-07-28,-0.07710486261315319,0.0,Pre-release
Baby / Feminine / Family volume,2025-03-31,2025-04-23,2023-09-30,2023-10-18,1.3149542033191297,-3.0,Pre-release
Baby / Feminine / Family volume,2025-03-31,2025-04-23,2023-12-31,2024-01-23,2.203215667311409,-2.0,Pre-release
Baby / Feminine / Family volume,2025-03-31,2025-04-23,2024-03-31,2024-04-19,1.360673628563136,-3.0,Pre-release
Baby / Feminine / Family volume,2025-03-31,2025-04-23,2024-06-30,2024-07-30,1.8739916021125014,-1.0,Pre-release
Baby / Feminine / Family volume,2025-03-31,2025-04-23,2024-09-30,2024-10-18,2.247682698810527,-1.0,Pre-release
Baby / Feminine / Family volume,2025-03-31,2025-04-23,2024-12-31,2025-01-22,2.1103784092813216,4.0,Pre-release
Baby / Feminine / Family volume,2025-06-30,2025-07-28,2021-03-31,2021-04-20,6.809059633027537,-4.0,Pre-release
Baby / Feminine / Family volume,2025-06-30,2025-07-28,2021-06-30,2021-07-30,14.154610850804294,-3.0,Pre-release
Baby / Feminine / Family volume,2025-06-30,2025-07-28,2021-09-30,2021-10-19,6.792826774925675,1.0,Pre-release
Baby / Feminine / Family volume,2025-06-30,2025-07-28,2021-12-31,2022-01-19,6.843683446529414,1.0,Pre-release
Baby / Feminine / Family volume,2025-06-30,2025-07-28,2022-03-31,2022-04-20,3.404808853741881,2.0,Pre-release
Baby / Feminine / Family volume,2025-06-30,2025-07-28,2022-06-30,2022-07-29,-0.26864270520209343,0.0,Pre-release
Baby / Feminine / Family volume,2025-06-30,2025-07-28,2022-09-30,2022-10-19,-0.9788074712643757,-3.0,Pre-release
Baby / Feminine / Family volume,2025-06-30,2025-07-28,2022-12-31,2023-01-19,-1.5609194946349714,-6.0,Pre-release
Baby / Feminine / Family volume,2025-06-30,2025-07-28,2023-03-31,2023-04-21,-0.28354349497309306,-4.0,Pre-release
Baby / Feminine / Family volume,2025-06-30,2025-07-28,2023-06-30,2023-07-28,-0.07710486261315319,0.0,Pre-release
Baby / Feminine / Family volume,2025-06-30,2025-07-28,2023-09-30,2023-10-18,1.3149542033191297,-3.0,Pre-release
Baby / Feminine / Family volume,2025-06-30,2025-07-28,2023-12-31,2024-01-23,2.203215667311409,-2.0,Pre-release
Baby / Feminine / Family volume,2025-06-30,2025-07-28,2024-03-31,2024-04-19,1.360673628563136,-3.0,Pre-release
Baby / Feminine / Family volume,2025-06-30,2025-07-28,2024-06-30,2024-07-30,1.8739916021125014,-1.0,Pre-release
Baby / Feminine / Family volume,2025-06-30,2025-07-28,2024-09-30,2024-10-18,2.247682698810527,-1.0,Pre-release
Baby / Feminine / Family volume,2025-06-30,2025-07-28,2024-12-31,2025-01-22,2.1103784092813216,4.0,Pre-release
Baby / Feminine / Family volume,2025-06-30,2025-07-28,2025-03-31,2025-04-24,2.869532577344036,-2.0,Pre-release
Baby / Feminine / Family volume,2025-09-30,2025-10-23,2021-03-31,2021-04-20,6.575055187637968,-4.0,Pre-release
Baby / Feminine / Family volume,2025-09-30,2025-10-23,2021-06-30,2021-07-30,14.016061969584781,-3.0,Pre-release
Baby / Feminine / Family volume,2025-09-30,2025-10-23,2021-09-30,2021-10-19,7.004214906898576,1.0,Pre-release
Baby / Feminine / Family volume,2025-09-30,2025-10-23,2021-12-31,2022-01-19,7.099598376506089,1.0,Pre-release
Baby / Feminine / Family volume,2025-09-30,2025-10-23,2022-03-31,2022-04-20,3.598910488105478,2.0,Pre-release
Baby / Feminine / Family volume,2025-09-30,2025-10-23,2022-06-30,2022-07-29,-0.03796621007303713,0.0,Pre-release
Baby / Feminine / Family volume,2025-09-30,2025-10-23,2022-09-30,2022-10-19,-0.9742817539066029,-3.0,Pre-release
Baby / Feminine / Family volume,2025-09-30,2025-10-23,2022-12-31,2023-01-19,-1.708333333333334,-6.0,Pre-release
Baby / Feminine / Family volume,2025-09-30,2025-10-23,2023-03-31,2023-04-21,-0.5138355726167609,-4.0,Pre-release
Baby / Feminine / Family volume,2025-09-30,2025-10-23,2023-06-30,2023-07-28,-0.38380425982749156,0.0,Pre-release
Baby / Feminine / Family volume,2025-09-30,2025-10-23,2023-09-30,2023-10-18,1.1893013232362026,-3.0,Pre-release
Baby / Feminine / Family volume,2025-09-30,2025-10-23,2023-12-31,2024-01-23,2.2255192878338326,-2.0,Pre-release
Baby / Feminine / Family volume,2025-09-30,2025-10-23,2024-03-31,2024-04-19,1.3726160091641626,-3.0,Pre-release
Baby / Feminine / Family volume,2025-09-30,2025-10-23,2024-06-30,2024-07-30,2.2805943792830297,-1.0,Pre-release
Baby / Feminine / Family volume,2025-09-30,2025-10-23,2024-09-30,2024-10-18,2.650199536239972,-1.0,Pre-release
Baby / Feminine / Family volume,2025-09-30,2025-10-23,2024-12-31,2025-01-22,2.787239714463441,4.0,Pre-release
Baby / Feminine / Family volume,2025-09-30,2025-10-23,2025-03-31,2025-04-24,3.749851314380881,-2.0,Pre-release
Baby / Feminine / Family volume,2025-09-30,2025-10-23,2025-06-30,2025-07-29,3.2332744751814912,0.0,Pre-release
Baby / Feminine / Family volume,2025-12-31,2026-01-21,2022-03-31,2022-04-20,3.598910488105478,2.0,Pre-release
Baby / Feminine / Family volume,2025-12-31,2026-01-21,2022-06-30,2022-07-29,-0.03796621007303713,0.0,Pre-release
Baby / Feminine / Family volume,2025-12-31,2026-01-21,2022-09-30,2022-10-19,-0.9742817539066029,-3.0,Pre-release
Baby / Feminine / Family volume,2025-12-31,2026-01-21,2022-12-31,2023-01-19,-1.708333333333334,-6.0,Pre-release
Baby / Feminine / Family volume,2025-12-31,2026-01-21,2023-03-31,2023-04-21,-0.5138355726167609,-4.0,Pre-release
Baby / Feminine / Family volume,2025-12-31,2026-01-21,2023-06-30,2023-07-28,-0.38380425982749156,0.0,Pre-release
Baby / Feminine / Family volume,2025-12-31,2026-01-21,2023-09-30,2023-10-18,1.1893013232362026,-3.0,Pre-release
Baby / Feminine / Family volume,2025-12-31,2026-01-21,2023-12-31,2024-01-23,2.2255192878338326,-2.0,Pre-release
Baby / Feminine / Family volume,2025-12-31,2026-01-21,2024-03-31,2024-04-19,1.3726160091641626,-3.0,Pre-release
Baby / Feminine / Family volume,2025-12-31,2026-01-21,2024-06-30,2024-07-30,2.2805943792830297,-1.0,Pre-release
Baby / Feminine / Family volume,2025-12-31,2026-01-21,2024-09-30,2024-10-18,2.650199536239972,-1.0,Pre-release
Baby / Feminine / Family volume,2025-12-31,2026-01-21,2024-12-31,2025-01-22,2.787239714463441,4.0,Pre-release
Baby / Feminine / Family volume,2025-12-31,2026-01-21,2025-03-31,2025-04-24,3.749851314380881,-2.0,Pre-release
Baby / Feminine / Family volume,2025-12-31,2026-01-21,2025-06-30,2025-07-29,3.2332744751814912,0.0,Pre-release
Baby / Feminine / Family volume,2025-12-31,2026-01-21,2025-09-30,2025-10-24,3.0141740833381725,0.0,Pre-release
Baby / Feminine / Family volume,2026-03-31,2026-04-23,2021-03-31,2021-04-20,6.575055187637968,-4.0,Pre-release
Baby / Feminine / Family volume,2026-03-31,2026-04-23,2021-06-30,2021-07-30,14.016061969584781,-3.0,Pre-release
Baby / Feminine / Family volume,2026-03-31,2026-04-23,2021-09-30,2021-10-19,7.004214906898576,1.0,Pre-release
Baby / Feminine / Family volume,2026-03-31,2026-04-23,2021-12-31,2022-01-19,7.099598376506089,1.0,Pre-release
Baby / Feminine / Family volume,2026-03-31,2026-04-23,2022-03-31,2022-04-20,3.598910488105478,2.0,Pre-release
Baby / Feminine / Family volume,2026-03-31,2026-04-23,2022-06-30,2022-07-29,-0.03796621007303713,0.0,Pre-release
Baby / Feminine / Family volume,2026-03-31,2026-04-23,2022-09-30,2022-10-19,-0.9742817539066029,-3.0,Pre-release
Baby / Feminine / Family volume,2026-03-31,2026-04-23,2022-12-31,2023-01-19,-1.708333333333334,-6.0,Pre-release
Baby / Feminine / Family volume,2026-03-31,2026-04-23,2023-03-31,2023-04-21,-0.5138355726167609,-4.0,Pre-release
Baby / Feminine / Family volume,2026-03-31,2026-04-23,2023-06-30,2023-07-28,-0.38380425982749156,0.0,Pre-release
Baby / Feminine / Family volume,2026-03-31,2026-04-23,2023-09-30,2023-10-18,1.1893013232362026,-3.0,Pre-release
Baby / Feminine / Family volume,2026-03-31,2026-04-23,2023-12-31,2024-01-23,2.2255192878338326,-2.0,Pre-release
Baby / Feminine / Family volume,2026-03-31,2026-04-23,2024-03-31,2024-04-19,1.3726160091641626,-3.0,Pre-release
Baby / Feminine / Family volume,2026-03-31,2026-04-23,2024-06-30,2024-07-30,2.2805943792830297,-1.0,Pre-release
Baby / Feminine / Family volume,2026-03-31,2026-04-23,2024-09-30,2024-10-18,2.650199536239972,-1.0,Pre-release
Baby / Feminine / Family volume,2026-03-31,2026-04-23,2024-12-31,2025-01-22,2.787239714463441,4.0,Pre-release
Baby / Feminine / Family volume,2026-03-31,2026-04-23,2025-03-31,2025-04-24,3.749851314380881,-2.0,Pre-release
Baby / Feminine / Family volume,2026-03-31,2026-04-23,2025-06-30,2025-07-29,3.2332744751814912,0.0,Pre-release
Baby / Feminine / Family volume,2026-03-31,2026-04-23,2025-09-30,2025-10-24,2.996723091540132,0.0,Pre-release
Baby / Feminine / Family volume,2026-03-31,2026-04-23,2025-12-31,2026-01-22,2.1478108850594646,-5.0,Pre-release
Beauty organic sales,2023-06-30,2023-07-27,2021-03-31,2021-04-20,3.3727112950232563,7.0,Pre-release
Beauty organic sales,2023-06-30,2023-07-27,2021-06-30,2021-07-30,17.852207433267875,6.0,Pre-release
Beauty organic sales,2023-06-30,2023-07-27,2021-09-30,2021-10-19,7.34082151706672,2.0,Pre-release
Beauty organic sales,2023-06-30,2023-07-27,2021-12-31,2022-01-19,7.720221454804577,2.0,Pre-release
Beauty organic sales,2023-06-30,2023-07-27,2022-03-31,2022-04-20,5.2620251802431905,3.0,Pre-release
Beauty organic sales,2023-06-30,2023-07-27,2022-06-30,2022-07-29,2.16208432334577,0.0,Pre-release
Beauty organic sales,2023-06-30,2023-07-27,2022-09-30,2022-10-19,2.924666449723401,4.0,Pre-release
Beauty organic sales,2023-06-30,2023-07-27,2022-12-31,2023-01-19,3.061359496015559,3.0,Pre-release
Beauty organic sales,2023-06-30,2023-07-27,2023-03-31,2023-04-21,7.297076262523006,7.0,Pre-release
Beauty organic sales,2023-09-30,2023-10-17,2021-03-31,2021-04-20,3.3727112950232563,7.0,Pre-release
Beauty organic sales,2023-09-30,2023-10-17,2021-06-30,2021-07-30,17.852207433267875,6.0,Pre-release
Beauty organic sales,2023-09-30,2023-10-17,2021-09-30,2021-10-19,7.34082151706672,2.0,Pre-release
Beauty organic sales,2023-09-30,2023-10-17,2021-12-31,2022-01-19,7.720221454804577,2.0,Pre-release
Beauty organic sales,2023-09-30,2023-10-17,2022-03-31,2022-04-20,5.2620251802431905,3.0,Pre-release
Beauty organic sales,2023-09-30,2023-10-17,2022-06-30,2022-07-29,2.1271124551279996,0.0,Pre-release
Beauty organic sales,2023-09-30,2023-10-17,2022-09-30,2022-10-19,2.820940449072573,4.0,Pre-release
Beauty organic sales,2023-09-30,2023-10-17,2022-12-31,2023-01-19,3.061359496015559,3.0,Pre-release
Beauty organic sales,2023-09-30,2023-10-17,2023-03-31,2023-04-21,7.297076262523006,7.0,Pre-release
Beauty organic sales,2023-09-30,2023-10-17,2023-06-30,2023-07-28,8.25972665652792,11.0,Pre-release
Beauty organic sales,2023-12-31,2024-01-22,2021-03-31,2021-04-20,3.3727112950232563,7.0,Pre-release
Beauty organic sales,2023-12-31,2024-01-22,2021-06-30,2021-07-30,17.852207433267875,6.0,Pre-release
Beauty organic sales,2023-12-31,2024-01-22,2021-09-30,2021-10-19,7.34082151706672,2.0,Pre-release
Beauty organic sales,2023-12-31,2024-01-22,2021-12-31,2022-01-19,7.720221454804577,2.0,Pre-release
Beauty organic sales,2023-12-31,2024-01-22,2022-03-31,2022-04-20,5.2620251802431905,3.0,Pre-release
Beauty organic sales,2023-12-31,2024-01-22,2022-06-30,2022-07-29,2.1271124551279996,0.0,Pre-release
Beauty organic sales,2023-12-31,2024-01-22,2022-09-30,2022-10-19,2.8911080377481246,4.0,Pre-release
Beauty organic sales,2023-12-31,2024-01-22,2022-12-31,2023-01-19,3.0318450593850743,3.0,Pre-release
Beauty organic sales,2023-12-31,2024-01-22,2023-03-31,2023-04-21,7.297076262523006,7.0,Pre-release
Beauty organic sales,2023-12-31,2024-01-22,2023-06-30,2023-07-28,8.25972665652792,11.0,Pre-release
Beauty organic sales,2023-12-31,2024-01-22,2023-09-30,2023-10-18,8.224038585081894,5.0,Pre-release
Beauty organic sales,2024-03-31,2024-04-18,2021-03-31,2021-04-20,3.3727112950232563,7.0,Pre-release
Beauty organic sales,2024-03-31,2024-04-18,2021-06-30,2021-07-30,17.852207433267875,6.0,Pre-release
Beauty organic sales,2024-03-31,2024-04-18,2021-09-30,2021-10-19,7.34082151706672,2.0,Pre-release
Beauty organic sales,2024-03-31,2024-04-18,2021-12-31,2022-01-19,7.720221454804577,2.0,Pre-release
Beauty organic sales,2024-03-31,2024-04-18,2022-03-31,2022-04-20,5.2620251802431905,3.0,Pre-release
Beauty organic sales,2024-03-31,2024-04-18,2022-06-30,2022-07-29,2.1271124551279996,0.0,Pre-release
Beauty organic sales,2024-03-31,2024-04-18,2022-09-30,2022-10-19,2.8911080377481246,4.0,Pre-release
Beauty organic sales,2024-03-31,2024-04-18,2022-12-31,2023-01-19,2.942284010299523,3.0,Pre-release
Beauty organic sales,2024-03-31,2024-04-18,2023-03-31,2023-04-21,7.928848906154151,7.0,Pre-release
Beauty organic sales,2024-03-31,2024-04-18,2023-06-30,2023-07-28,8.25972665652792,11.0,Pre-release
Beauty organic sales,2024-03-31,2024-04-18,2023-09-30,2023-10-18,8.224038585081894,5.0,Pre-release
Beauty organic sales,2024-03-31,2024-04-18,2023-12-31,2024-01-23,10.220666745758699,1.0,Pre-release
Beauty organic sales,2024-06-30,2024-07-29,2021-03-31,2021-04-20,3.005664778407202,7.0,Pre-release
Beauty organic sales,2024-06-30,2024-07-29,2021-06-30,2021-07-30,18.191342909006746,6.0,Pre-release
Beauty organic sales,2024-06-30,2024-07-29,2021-09-30,2021-10-19,8.153142253799949,2.0,Pre-release
Beauty organic sales,2024-06-30,2024-07-29,2021-12-31,2022-01-19,8.559494342291373,2.0,Pre-release
Beauty organic sales,2024-06-30,2024-07-29,2022-03-31,2022-04-20,6.686723602484479,3.0,Pre-release
Beauty organic sales,2024-06-30,2024-07-29,2022-06-30,2022-07-29,3.3005205380611136,0.0,Pre-release
Beauty organic sales,2024-06-30,2024-07-29,2022-09-30,2022-10-19,3.7534957034626615,4.0,Pre-release
Beauty organic sales,2024-06-30,2024-07-29,2022-12-31,2023-01-19,3.85374890576331,3.0,Pre-release
Beauty organic sales,2024-06-30,2024-07-29,2023-03-31,2023-04-21,7.407744322144394,7.0,Pre-release
Beauty organic sales,2024-06-30,2024-07-29,2023-06-30,2023-07-28,8.55443687198778,11.0,Pre-release
Beauty organic sales,2024-06-30,2024-07-29,2023-09-30,2023-10-18,7.241291435516439,5.0,Pre-release
Beauty organic sales,2024-06-30,2024-07-29,2023-12-31,2024-01-23,9.637550476339829,1.0,Pre-release
Beauty organic sales,2024-06-30,2024-07-29,2024-03-31,2024-04-19,2.1559106393390204,3.0,Pre-release
Beauty organic sales,2024-09-30,2024-10-17,2022-03-31,2022-04-20,6.686723602484479,3.0,Pre-release
Beauty organic sales,2024-09-30,2024-10-17,2022-06-30,2022-07-29,3.3005205380611136,0.0,Pre-release
Beauty organic sales,2024-09-30,2024-10-17,2022-09-30,2022-10-19,3.7534957034626615,4.0,Pre-release
Beauty organic sales,2024-09-30,2024-10-17,2022-12-31,2023-01-19,3.85374890576331,3.0,Pre-release
Beauty organic sales,2024-09-30,2024-10-17,2023-03-31,2023-04-21,7.407744322144394,7.0,Pre-release
Beauty organic sales,2024-09-30,2024-10-17,2023-06-30,2023-07-28,8.591356755839819,11.0,Pre-release
Beauty organic sales,2024-09-30,2024-10-17,2023-09-30,2023-10-18,6.840413228000708,5.0,Pre-release
Beauty organic sales,2024-09-30,2024-10-17,2023-12-31,2024-01-23,9.637550476339829,1.0,Pre-release
Beauty organic sales,2024-09-30,2024-10-17,2024-03-31,2024-04-19,2.1559106393390204,3.0,Pre-release
Beauty organic sales,2024-09-30,2024-10-17,2024-06-30,2024-07-30,0.7994339639979087,3.0,Pre-release
Beauty organic sales,2024-12-31,2025-01-21,2021-03-31,2021-04-20,3.005664778407202,7.0,Pre-release
Beauty organic sales,2024-12-31,2025-01-21,2021-06-30,2021-07-30,18.191342909006746,6.0,Pre-release
Beauty organic sales,2024-12-31,2025-01-21,2021-09-30,2021-10-19,8.153142253799949,2.0,Pre-release
Beauty organic sales,2024-12-31,2025-01-21,2021-12-31,2022-01-19,8.559494342291373,2.0,Pre-release
Beauty organic sales,2024-12-31,2025-01-21,2022-03-31,2022-04-20,6.686723602484479,3.0,Pre-release
Beauty organic sales,2024-12-31,2025-01-21,2022-06-30,2022-07-29,3.3005205380611136,0.0,Pre-release
Beauty organic sales,2024-12-31,2025-01-21,2022-09-30,2022-10-19,3.7534957034626615,4.0,Pre-release
Beauty organic sales,2024-12-31,2025-01-21,2022-12-31,2023-01-19,3.85374890576331,3.0,Pre-release
Beauty organic sales,2024-12-31,2025-01-21,2023-03-31,2023-04-21,7.407744322144394,7.0,Pre-release
Beauty organic sales,2024-12-31,2025-01-21,2023-06-30,2023-07-28,8.591356755839819,11.0,Pre-release
Beauty organic sales,2024-12-31,2025-01-21,2023-09-30,2023-10-18,6.840413228000708,5.0,Pre-release
Beauty organic sales,2024-12-31,2025-01-21,2023-12-31,2024-01-23,9.454267455992472,1.0,Pre-release
Beauty organic sales,2024-12-31,2025-01-21,2024-03-31,2024-04-19,2.1559106393390204,3.0,Pre-release
Beauty organic sales,2024-12-31,2025-01-21,2024-06-30,2024-07-30,0.7994339639979087,3.0,Pre-release
Beauty organic sales,2024-12-31,2025-01-21,2024-09-30,2024-10-18,4.479611027017105,-2.0,Pre-release
Beauty organic sales,2025-03-31,2025-04-23,2021-03-31,2021-04-20,3.005664778407202,7.0,Pre-release
Beauty organic sales,2025-03-31,2025-04-23,2021-06-30,2021-07-30,18.191342909006746,6.0,Pre-release
Beauty organic sales,2025-03-31,2025-04-23,2021-09-30,2021-10-19,8.153142253799949,2.0,Pre-release
Beauty organic sales,2025-03-31,2025-04-23,2021-12-31,2022-01-19,8.559494342291373,2.0,Pre-release
Beauty organic sales,2025-03-31,2025-04-23,2022-03-31,2022-04-20,6.686723602484479,3.0,Pre-release
Beauty organic sales,2025-03-31,2025-04-23,2022-06-30,2022-07-29,3.3005205380611136,0.0,Pre-release
Beauty organic sales,2025-03-31,2025-04-23,2022-09-30,2022-10-19,3.7534957034626615,4.0,Pre-release
Beauty organic sales,2025-03-31,2025-04-23,2022-12-31,2023-01-19,3.85374890576331,3.0,Pre-release
Beauty organic sales,2025-03-31,2025-04-23,2023-03-31,2023-04-21,7.407744322144394,7.0,Pre-release
Beauty organic sales,2025-03-31,2025-04-23,2023-06-30,2023-07-28,8.591356755839819,11.0,Pre-release
Beauty organic sales,2025-03-31,2025-04-23,2023-09-30,2023-10-18,6.840413228000708,5.0,Pre-release
Beauty organic sales,2025-03-31,2025-04-23,2023-12-31,2024-01-23,9.323911083232051,1.0,Pre-release
Beauty organic sales,2025-03-31,2025-04-23,2024-03-31,2024-04-19,2.5022114316902933,3.0,Pre-release
Beauty organic sales,2025-03-31,2025-04-23,2024-06-30,2024-07-30,0.7994339639979087,3.0,Pre-release
Beauty organic sales,2025-03-31,2025-04-23,2024-09-30,2024-10-18,4.479611027017105,-2.0,Pre-release
Beauty organic sales,2025-03-31,2025-04-23,2024-12-31,2025-01-22,2.7693852484736547,2.0,Pre-release
Beauty organic sales,2025-06-30,2025-07-28,2021-03-31,2021-04-20,3.006774244367927,7.0,Pre-release
Beauty organic sales,2025-06-30,2025-07-28,2021-06-30,2021-07-30,17.71687473837138,6.0,Pre-release
Beauty organic sales,2025-06-30,2025-07-28,2021-09-30,2021-10-19,8.056507135922875,2.0,Pre-release
Beauty organic sales,2025-06-30,2025-07-28,2021-12-31,2022-01-19,8.614915945210399,2.0,Pre-release
Beauty organic sales,2025-06-30,2025-07-28,2022-03-31,2022-04-20,6.658436933295464,3.0,Pre-release
Beauty organic sales,2025-06-30,2025-07-28,2022-06-30,2022-07-29,3.235995481738696,0.0,Pre-release
Beauty organic sales,2025-06-30,2025-07-28,2022-09-30,2022-10-19,3.553393847393038,4.0,Pre-release
Beauty organic sales,2025-06-30,2025-07-28,2022-12-31,2023-01-19,3.8028851607049052,3.0,Pre-release
Beauty organic sales,2025-06-30,2025-07-28,2023-03-31,2023-04-21,7.4226951952721,7.0,Pre-release
Beauty organic sales,2025-06-30,2025-07-28,2023-06-30,2023-07-28,8.374364273701707,11.0,Pre-release
Beauty organic sales,2025-06-30,2025-07-28,2023-09-30,2023-10-18,7.2648038453100305,5.0,Pre-release
Beauty organic sales,2025-06-30,2025-07-28,2023-12-31,2024-01-23,9.924801573504727,1.0,Pre-release
Beauty organic sales,2025-06-30,2025-07-28,2024-03-31,2024-04-19,2.22730739893211,3.0,Pre-release
Beauty organic sales,2025-06-30,2025-07-28,2024-06-30,2024-07-30,0.8338630669707969,3.0,Pre-release
Beauty organic sales,2025-06-30,2025-07-28,2024-09-30,2024-10-18,5.945352955942096,-2.0,Pre-release
Beauty organic sales,2025-06-30,2025-07-28,2024-12-31,2025-01-22,3.215312042509355,2.0,Pre-release
Beauty organic sales,2025-06-30,2025-07-28,2025-03-31,2025-04-24,7.280629756752721,2.0,Pre-release
Beauty organic sales,2025-09-30,2025-10-23,2021-03-31,2021-04-20,3.006774244367927,7.0,Pre-release
Beauty organic sales,2025-09-30,2025-10-23,2021-06-30,2021-07-30,17.71687473837138,6.0,Pre-release
Beauty organic sales,2025-09-30,2025-10-23,2021-09-30,2021-10-19,8.056507135922875,2.0,Pre-release
Beauty organic sales,2025-09-30,2025-10-23,2021-12-31,2022-01-19,8.614915945210399,2.0,Pre-release
Beauty organic sales,2025-09-30,2025-10-23,2022-03-31,2022-04-20,6.658436933295464,3.0,Pre-release
Beauty organic sales,2025-09-30,2025-10-23,2022-06-30,2022-07-29,3.235995481738696,0.0,Pre-release
Beauty organic sales,2025-09-30,2025-10-23,2022-09-30,2022-10-19,3.553393847393038,4.0,Pre-release
Beauty organic sales,2025-09-30,2025-10-23,2022-12-31,2023-01-19,3.8028851607049052,3.0,Pre-release
Beauty organic sales,2025-09-30,2025-10-23,2023-03-31,2023-04-21,7.4226951952721,7.0,Pre-release
Beauty organic sales,2025-09-30,2025-10-23,2023-06-30,2023-07-28,8.374364273701707,11.0,Pre-release
Beauty organic sales,2025-09-30,2025-10-23,2023-09-30,2023-10-18,7.2648038453100305,5.0,Pre-release
Beauty organic sales,2025-09-30,2025-10-23,2023-12-31,2024-01-23,9.924801573504727,1.0,Pre-release
Beauty organic sales,2025-09-30,2025-10-23,2024-03-31,2024-04-19,2.22730739893211,3.0,Pre-release
Beauty organic sales,2025-09-30,2025-10-23,2024-06-30,2024-07-30,0.7992745765246889,3.0,Pre-release
Beauty organic sales,2025-09-30,2025-10-23,2024-09-30,2024-10-18,5.8040404228219655,-2.0,Pre-release
Beauty organic sales,2025-09-30,2025-10-23,2024-12-31,2025-01-22,3.215312042509355,2.0,Pre-release
Beauty organic sales,2025-09-30,2025-10-23,2025-03-31,2025-04-24,7.280629756752721,2.0,Pre-release
Beauty organic sales,2025-09-30,2025-10-23,2025-06-30,2025-07-29,8.972706279503285,1.0,Pre-release
Beauty organic sales,2025-12-31,2026-01-21,2022-03-31,2022-04-20,6.658436933295464,3.0,Pre-release
Beauty organic sales,2025-12-31,2026-01-21,2022-06-30,2022-07-29,3.235995481738696,0.0,Pre-release
Beauty organic sales,2025-12-31,2026-01-21,2022-09-30,2022-10-19,3.553393847393038,4.0,Pre-release
Beauty organic sales,2025-12-31,2026-01-21,2022-12-31,2023-01-19,3.8028851607049052,3.0,Pre-release
Beauty organic sales,2025-12-31,2026-01-21,2023-03-31,2023-04-21,7.4226951952721,7.0,Pre-release
Beauty organic sales,2025-12-31,2026-01-21,2023-06-30,2023-07-28,8.374364273701707,11.0,Pre-release
Beauty organic sales,2025-12-31,2026-01-21,2023-09-30,2023-10-18,7.2648038453100305,5.0,Pre-release
Beauty organic sales,2025-12-31,2026-01-21,2023-12-31,2024-01-23,9.924801573504727,1.0,Pre-release
Beauty organic sales,2025-12-31,2026-01-21,2024-03-31,2024-04-19,2.22730739893211,3.0,Pre-release
Beauty organic sales,2025-12-31,2026-01-21,2024-06-30,2024-07-30,0.7992745765246889,3.0,Pre-release
Beauty organic sales,2025-12-31,2026-01-21,2024-09-30,2024-10-18,5.587423184552298,-2.0,Pre-release
Beauty organic sales,2025-12-31,2026-01-21,2024-12-31,2025-01-22,3.2180230981944336,2.0,Pre-release
Beauty organic sales,2025-12-31,2026-01-21,2025-03-31,2025-04-24,7.280629756752721,2.0,Pre-release
Beauty organic sales,2025-12-31,2026-01-21,2025-06-30,2025-07-29,8.972706279503285,1.0,Pre-release
Beauty organic sales,2025-12-31,2026-01-21,2025-09-30,2025-10-24,6.4839354424026885,6.0,Pre-release
Beauty organic sales,2026-03-31,2026-04-23,2021-03-31,2021-04-20,3.006774244367927,7.0,Pre-release
Beauty organic sales,2026-03-31,2026-04-23,2021-06-30,2021-07-30,17.71687473837138,6.0,Pre-release
Beauty organic sales,2026-03-31,2026-04-23,2021-09-30,2021-10-19,8.056507135922875,2.0,Pre-release
Beauty organic sales,2026-03-31,2026-04-23,2021-12-31,2022-01-19,8.614915945210399,2.0,Pre-release
Beauty organic sales,2026-03-31,2026-04-23,2022-03-31,2022-04-20,6.658436933295464,3.0,Pre-release
Beauty organic sales,2026-03-31,2026-04-23,2022-06-30,2022-07-29,3.235995481738696,0.0,Pre-release
Beauty organic sales,2026-03-31,2026-04-23,2022-09-30,2022-10-19,3.553393847393038,4.0,Pre-release
Beauty organic sales,2026-03-31,2026-04-23,2022-12-31,2023-01-19,3.8028851607049052,3.0,Pre-release
Beauty organic sales,2026-03-31,2026-04-23,2023-03-31,2023-04-21,7.4226951952721,7.0,Pre-release
Beauty organic sales,2026-03-31,2026-04-23,2023-06-30,2023-07-28,8.374364273701707,11.0,Pre-release
Beauty organic sales,2026-03-31,2026-04-23,2023-09-30,2023-10-18,7.2648038453100305,5.0,Pre-release
Beauty organic sales,2026-03-31,2026-04-23,2023-12-31,2024-01-23,9.924801573504727,1.0,Pre-release
Beauty organic sales,2026-03-31,2026-04-23,2024-03-31,2024-04-19,2.22730739893211,3.0,Pre-release
Beauty organic sales,2026-03-31,2026-04-23,2024-06-30,2024-07-30,0.7992745765246889,3.0,Pre-release
Beauty organic sales,2026-03-31,2026-04-23,2024-09-30,2024-10-18,5.587423184552298,-2.0,Pre-release
Beauty organic sales,2026-03-31,2026-04-23,2024-12-31,2025-01-22,3.121328778759791,2.0,Pre-release
Beauty organic sales,2026-03-31,2026-04-23,2025-03-31,2025-04-24,8.094873899417987,2.0,Pre-release
Beauty organic sales,2026-03-31,2026-04-23,2025-06-30,2025-07-29,8.972706279503285,1.0,Pre-release
Beauty organic sales,2026-03-31,2026-04-23,2025-09-30,2025-10-24,6.4839354424026885,6.0,Pre-release
Beauty organic sales,2026-03-31,2026-04-23,2025-12-31,2026-01-22,5.858279584969162,4.0,Pre-release
Beauty volume,2023-06-30,2023-07-27,2021-03-31,2021-04-20,6.632753313101758,2.0,Pre-release
Beauty volume,2023-06-30,2023-07-27,2021-06-30,2021-07-30,14.611736810906951,1.0,Pre-release
Beauty volume,2023-06-30,2023-07-27,2021-09-30,2021-10-19,7.041835414855502,0.0,Pre-release
Beauty volume,2023-06-30,2023-07-27,2021-12-31,2022-01-19,7.20478199122454,1.0,Pre-release
Beauty volume,2023-06-30,2023-07-27,2022-03-31,2022-04-20,2.397575807211161,-1.0,Pre-release
Beauty volume,2023-06-30,2023-07-27,2022-06-30,2022-07-29,-1.1318652901275095,-2.0,Pre-release
Beauty volume,2023-06-30,2023-07-27,2022-09-30,2022-10-19,-1.5668951309377621,-1.0,Pre-release
Beauty volume,2023-06-30,2023-07-27,2022-12-31,2023-01-19,-1.5946298639671008,-4.0,Pre-release
Beauty volume,2023-06-30,2023-07-27,2023-03-31,2023-04-21,-0.3719107414220657,0.0,Pre-release
Beauty volume,2023-09-30,2023-10-17,2021-03-31,2021-04-20,6.422656508777735,2.0,Pre-release
Beauty volume,2023-09-30,2023-10-17,2021-06-30,2021-07-30,13.907186483246758,1.0,Pre-release
Beauty volume,2023-09-30,2023-10-17,2021-09-30,2021-10-19,6.796251227530847,0.0,Pre-release
Beauty volume,2023-09-30,2023-10-17,2021-12-31,2022-01-19,7.003262521387055,1.0,Pre-release
Beauty volume,2023-09-30,2023-10-17,2022-03-31,2022-04-20,3.7505057736001657,-1.0,Pre-release
Beauty volume,2023-09-30,2023-10-17,2022-06-30,2022-07-29,0.22450063641921147,-2.0,Pre-release
Beauty volume,2023-09-30,2023-10-17,2022-09-30,2022-10-19,-0.4597655195850203,-1.0,Pre-release
Beauty volume,2023-09-30,2023-10-17,2022-12-31,2023-01-19,-0.9713076900157769,-4.0,Pre-release
Beauty volume,2023-09-30,2023-10-17,2023-03-31,2023-04-21,-0.16799664006719173,0.0,Pre-release
Beauty volume,2023-09-30,2023-10-17,2023-06-30,2023-07-28,0.06199938000619465,-1.0,Pre-release
Beauty volume,2023-12-31,2024-01-22,2021-03-31,2021-04-20,6.422656508777735,2.0,Pre-release
Beauty volume,2023-12-31,2024-01-22,2021-06-30,2021-07-30,13.907186483246758,1.0,Pre-release
Beauty volume,2023-12-31,2024-01-22,2021-09-30,2021-10-19,6.796251227530847,0.0,Pre-release
Beauty volume,2023-12-31,2024-01-22,2021-12-31,2022-01-19,7.003262521387055,1.0,Pre-release
Beauty volume,2023-12-31,2024-01-22,2022-03-31,2022-04-20,3.7505057736001657,-1.0,Pre-release
Beauty volume,2023-12-31,2024-01-22,2022-06-30,2022-07-29,0.22450063641921147,-2.0,Pre-release
Beauty volume,2023-12-31,2024-01-22,2022-09-30,2022-10-19,-0.4597655195850203,-1.0,Pre-release
Beauty volume,2023-12-31,2024-01-22,2022-12-31,2023-01-19,-0.9713076900157769,-4.0,Pre-release
Beauty volume,2023-12-31,2024-01-22,2023-03-31,2023-04-21,-0.16799664006719173,0.0,Pre-release
Beauty volume,2023-12-31,2024-01-22,2023-06-30,2023-07-28,0.06199938000619465,-1.0,Pre-release
Beauty volume,2023-12-31,2024-01-22,2023-09-30,2023-10-18,1.4338645058288524,0.0,Pre-release
Beauty volume,2024-03-31,2024-04-18,2021-03-31,2021-04-20,6.422656508777735,2.0,Pre-release
Beauty volume,2024-03-31,2024-04-18,2021-06-30,2021-07-30,13.907186483246758,1.0,Pre-release
Beauty volume,2024-03-31,2024-04-18,2021-09-30,2021-10-19,6.796251227530847,0.0,Pre-release
Beauty volume,2024-03-31,2024-04-18,2021-12-31,2022-01-19,7.003262521387055,1.0,Pre-release
Beauty volume,2024-03-31,2024-04-18,2022-03-31,2022-04-20,3.7505057736001657,-1.0,Pre-release
Beauty volume,2024-03-31,2024-04-18,2022-06-30,2022-07-29,0.22450063641921147,-2.0,Pre-release
Beauty volume,2024-03-31,2024-04-18,2022-09-30,2022-10-19,-0.4597655195850203,-1.0,Pre-release
Beauty volume,2024-03-31,2024-04-18,2022-12-31,2023-01-19,-0.9713076900157769,-4.0,Pre-release
Beauty volume,2024-03-31,2024-04-18,2023-03-31,2023-04-21,-0.16799664006719173,0.0,Pre-release
Beauty volume,2024-03-31,2024-04-18,2023-06-30,2023-07-28,0.06199938000619465,-1.0,Pre-release
Beauty volume,2024-03-31,2024-04-18,2023-09-30,2023-10-18,1.4338645058288524,0.0,Pre-release
Beauty volume,2024-03-31,2024-04-18,2023-12-31,2024-01-23,2.0298663136464334,-1.0,Pre-release
Beauty volume,2024-06-30,2024-07-29,2021-03-31,2021-04-20,6.422656508777735,2.0,Pre-release
Beauty volume,2024-06-30,2024-07-29,2021-06-30,2021-07-30,13.907186483246758,1.0,Pre-release
Beauty volume,2024-06-30,2024-07-29,2021-09-30,2021-10-19,6.796251227530847,0.0,Pre-release
Beauty volume,2024-06-30,2024-07-29,2021-12-31,2022-01-19,7.003262521387055,1.0,Pre-release
Beauty volume,2024-06-30,2024-07-29,2022-03-31,2022-04-20,3.7505057736001657,-1.0,Pre-release
Beauty volume,2024-06-30,2024-07-29,2022-06-30,2022-07-29,0.22450063641921147,-2.0,Pre-release
Beauty volume,2024-06-30,2024-07-29,2022-09-30,2022-10-19,-0.4597655195850203,-1.0,Pre-release
Beauty volume,2024-06-30,2024-07-29,2022-12-31,2023-01-19,-0.9713076900157769,-4.0,Pre-release
Beauty volume,2024-06-30,2024-07-29,2023-03-31,2023-04-21,-0.16799664006719173,0.0,Pre-release
Beauty volume,2024-06-30,2024-07-29,2023-06-30,2023-07-28,0.06199938000619465,-1.0,Pre-release
Beauty volume,2024-06-30,2024-07-29,2023-09-30,2023-10-18,1.4338645058288524,0.0,Pre-release
Beauty volume,2024-06-30,2024-07-29,2023-12-31,2024-01-23,2.0298663136464334,-1.0,Pre-release
Beauty volume,2024-06-30,2024-07-29,2024-03-31,2024-04-19,1.6317086363363043,1.0,Pre-release
Beauty volume,2024-09-30,2024-10-17,2021-03-31,2021-04-20,6.809059633027537,2.0,Pre-release
Beauty volume,2024-09-30,2024-10-17,2021-06-30,2021-07-30,14.154610850804294,1.0,Pre-release
Beauty volume,2024-09-30,2024-10-17,2021-09-30,2021-10-19,6.792826774925675,0.0,Pre-release
Beauty volume,2024-09-30,2024-10-17,2021-12-31,2022-01-19,6.843683446529414,1.0,Pre-release
Beauty volume,2024-09-30,2024-10-17,2022-03-31,2022-04-20,3.404808853741881,-1.0,Pre-release
Beauty volume,2024-09-30,2024-10-17,2022-06-30,2022-07-29,-0.26864270520209343,-2.0,Pre-release
Beauty volume,2024-09-30,2024-10-17,2022-09-30,2022-10-19,-0.9788074712643757,-1.0,Pre-release
Beauty volume,2024-09-30,2024-10-17,2022-12-31,2023-01-19,-1.5609194946349714,-4.0,Pre-release
Beauty volume,2024-09-30,2024-10-17,2023-03-31,2023-04-21,-0.28354349497309306,0.0,Pre-release
Beauty volume,2024-09-30,2024-10-17,2023-06-30,2023-07-28,-0.07710486261315319,-1.0,Pre-release
Beauty volume,2024-09-30,2024-10-17,2023-09-30,2023-10-18,1.3149542033191297,0.0,Pre-release
Beauty volume,2024-09-30,2024-10-17,2023-12-31,2024-01-23,2.203215667311409,-1.0,Pre-release
Beauty volume,2024-09-30,2024-10-17,2024-03-31,2024-04-19,1.360673628563136,1.0,Pre-release
Beauty volume,2024-09-30,2024-10-17,2024-06-30,2024-07-30,1.8739916021125014,1.0,Pre-release
Beauty volume,2024-12-31,2025-01-21,2021-03-31,2021-04-20,6.809059633027537,2.0,Pre-release
Beauty volume,2024-12-31,2025-01-21,2021-06-30,2021-07-30,14.154610850804294,1.0,Pre-release
Beauty volume,2024-12-31,2025-01-21,2021-09-30,2021-10-19,6.792826774925675,0.0,Pre-release
Beauty volume,2024-12-31,2025-01-21,2021-12-31,2022-01-19,6.843683446529414,1.0,Pre-release
Beauty volume,2024-12-31,2025-01-21,2022-03-31,2022-04-20,3.404808853741881,-1.0,Pre-release
Beauty volume,2024-12-31,2025-01-21,2022-06-30,2022-07-29,-0.26864270520209343,-2.0,Pre-release
Beauty volume,2024-12-31,2025-01-21,2022-09-30,2022-10-19,-0.9788074712643757,-1.0,Pre-release
Beauty volume,2024-12-31,2025-01-21,2022-12-31,2023-01-19,-1.5609194946349714,-4.0,Pre-release
Beauty volume,2024-12-31,2025-01-21,2023-03-31,2023-04-21,-0.28354349497309306,0.0,Pre-release
Beauty volume,2024-12-31,2025-01-21,2023-06-30,2023-07-28,-0.07710486261315319,-1.0,Pre-release
Beauty volume,2024-12-31,2025-01-21,2023-09-30,2023-10-18,1.3149542033191297,0.0,Pre-release
Beauty volume,2024-12-31,2025-01-21,2023-12-31,2024-01-23,2.203215667311409,-1.0,Pre-release
Beauty volume,2024-12-31,2025-01-21,2024-03-31,2024-04-19,1.360673628563136,1.0,Pre-release
Beauty volume,2024-12-31,2025-01-21,2024-06-30,2024-07-30,1.8739916021125014,1.0,Pre-release
Beauty volume,2024-12-31,2025-01-21,2024-09-30,2024-10-18,2.247682698810527,0.0,Pre-release
Beauty volume,2025-03-31,2025-04-23,2021-03-31,2021-04-20,6.809059633027537,2.0,Pre-release
Beauty volume,2025-03-31,2025-04-23,2021-06-30,2021-07-30,14.154610850804294,1.0,Pre-release
Beauty volume,2025-03-31,2025-04-23,2021-09-30,2021-10-19,6.792826774925675,0.0,Pre-release
Beauty volume,2025-03-31,2025-04-23,2021-12-31,2022-01-19,6.843683446529414,1.0,Pre-release
Beauty volume,2025-03-31,2025-04-23,2022-03-31,2022-04-20,3.404808853741881,-1.0,Pre-release
Beauty volume,2025-03-31,2025-04-23,2022-06-30,2022-07-29,-0.26864270520209343,-2.0,Pre-release
Beauty volume,2025-03-31,2025-04-23,2022-09-30,2022-10-19,-0.9788074712643757,-1.0,Pre-release
Beauty volume,2025-03-31,2025-04-23,2022-12-31,2023-01-19,-1.5609194946349714,-4.0,Pre-release
Beauty volume,2025-03-31,2025-04-23,2023-03-31,2023-04-21,-0.28354349497309306,0.0,Pre-release
Beauty volume,2025-03-31,2025-04-23,2023-06-30,2023-07-28,-0.07710486261315319,-1.0,Pre-release
Beauty volume,2025-03-31,2025-04-23,2023-09-30,2023-10-18,1.3149542033191297,0.0,Pre-release
Beauty volume,2025-03-31,2025-04-23,2023-12-31,2024-01-23,2.203215667311409,-1.0,Pre-release
Beauty volume,2025-03-31,2025-04-23,2024-03-31,2024-04-19,1.360673628563136,1.0,Pre-release
Beauty volume,2025-03-31,2025-04-23,2024-06-30,2024-07-30,1.8739916021125014,1.0,Pre-release
Beauty volume,2025-03-31,2025-04-23,2024-09-30,2024-10-18,2.247682698810527,0.0,Pre-release
Beauty volume,2025-03-31,2025-04-23,2024-12-31,2025-01-22,2.1103784092813216,0.0,Pre-release
Beauty volume,2025-06-30,2025-07-28,2021-03-31,2021-04-20,6.809059633027537,2.0,Pre-release
Beauty volume,2025-06-30,2025-07-28,2021-06-30,2021-07-30,14.154610850804294,1.0,Pre-release
Beauty volume,2025-06-30,2025-07-28,2021-09-30,2021-10-19,6.792826774925675,0.0,Pre-release
Beauty volume,2025-06-30,2025-07-28,2021-12-31,2022-01-19,6.843683446529414,1.0,Pre-release
Beauty volume,2025-06-30,2025-07-28,2022-03-31,2022-04-20,3.404808853741881,-1.0,Pre-release
Beauty volume,2025-06-30,2025-07-28,2022-06-30,2022-07-29,-0.26864270520209343,-2.0,Pre-release
Beauty volume,2025-06-30,2025-07-28,2022-09-30,2022-10-19,-0.9788074712643757,-1.0,Pre-release
Beauty volume,2025-06-30,2025-07-28,2022-12-31,2023-01-19,-1.5609194946349714,-4.0,Pre-release
Beauty volume,2025-06-30,2025-07-28,2023-03-31,2023-04-21,-0.28354349497309306,0.0,Pre-release
Beauty volume,2025-06-30,2025-07-28,2023-06-30,2023-07-28,-0.07710486261315319,-1.0,Pre-release
Beauty volume,2025-06-30,2025-07-28,2023-09-30,2023-10-18,1.3149542033191297,0.0,Pre-release
Beauty volume,2025-06-30,2025-07-28,2023-12-31,2024-01-23,2.203215667311409,-1.0,Pre-release
Beauty volume,2025-06-30,2025-07-28,2024-03-31,2024-04-19,1.360673628563136,1.0,Pre-release
Beauty volume,2025-06-30,2025-07-28,2024-06-30,2024-07-30,1.8739916021125014,1.0,Pre-release
Beauty volume,2025-06-30,2025-07-28,2024-09-30,2024-10-18,2.247682698810527,0.0,Pre-release
Beauty volume,2025-06-30,2025-07-28,2024-12-31,2025-01-22,2.1103784092813216,0.0,Pre-release
Beauty volume,2025-06-30,2025-07-28,2025-03-31,2025-04-24,2.869532577344036,1.0,Pre-release
Beauty volume,2025-09-30,2025-10-23,2021-03-31,2021-04-20,6.575055187637968,2.0,Pre-release
Beauty volume,2025-09-30,2025-10-23,2021-06-30,2021-07-30,14.016061969584781,1.0,Pre-release
Beauty volume,2025-09-30,2025-10-23,2021-09-30,2021-10-19,7.004214906898576,0.0,Pre-release
Beauty volume,2025-09-30,2025-10-23,2021-12-31,2022-01-19,7.099598376506089,1.0,Pre-release
Beauty volume,2025-09-30,2025-10-23,2022-03-31,2022-04-20,3.598910488105478,-1.0,Pre-release
Beauty volume,2025-09-30,2025-10-23,2022-06-30,2022-07-29,-0.03796621007303713,-2.0,Pre-release
Beauty volume,2025-09-30,2025-10-23,2022-09-30,2022-10-19,-0.9742817539066029,-1.0,Pre-release
Beauty volume,2025-09-30,2025-10-23,2022-12-31,2023-01-19,-1.708333333333334,-4.0,Pre-release
Beauty volume,2025-09-30,2025-10-23,2023-03-31,2023-04-21,-0.5138355726167609,0.0,Pre-release
Beauty volume,2025-09-30,2025-10-23,2023-06-30,2023-07-28,-0.38380425982749156,-1.0,Pre-release
Beauty volume,2025-09-30,2025-10-23,2023-09-30,2023-10-18,1.1893013232362026,0.0,Pre-release
Beauty volume,2025-09-30,2025-10-23,2023-12-31,2024-01-23,2.2255192878338326,-1.0,Pre-release
Beauty volume,2025-09-30,2025-10-23,2024-03-31,2024-04-19,1.3726160091641626,1.0,Pre-release
Beauty volume,2025-09-30,2025-10-23,2024-06-30,2024-07-30,2.2805943792830297,1.0,Pre-release
Beauty volume,2025-09-30,2025-10-23,2024-09-30,2024-10-18,2.650199536239972,0.0,Pre-release
Beauty volume,2025-09-30,2025-10-23,2024-12-31,2025-01-22,2.787239714463441,0.0,Pre-release
Beauty volume,2025-09-30,2025-10-23,2025-03-31,2025-04-24,3.749851314380881,1.0,Pre-release
Beauty volume,2025-09-30,2025-10-23,2025-06-30,2025-07-29,3.2332744751814912,1.0,Pre-release
Beauty volume,2025-12-31,2026-01-21,2022-03-31,2022-04-20,3.598910488105478,-1.0,Pre-release
Beauty volume,2025-12-31,2026-01-21,2022-06-30,2022-07-29,-0.03796621007303713,-2.0,Pre-release
Beauty volume,2025-12-31,2026-01-21,2022-09-30,2022-10-19,-0.9742817539066029,-1.0,Pre-release
Beauty volume,2025-12-31,2026-01-21,2022-12-31,2023-01-19,-1.708333333333334,-4.0,Pre-release
Beauty volume,2025-12-31,2026-01-21,2023-03-31,2023-04-21,-0.5138355726167609,0.0,Pre-release
Beauty volume,2025-12-31,2026-01-21,2023-06-30,2023-07-28,-0.38380425982749156,-1.0,Pre-release
Beauty volume,2025-12-31,2026-01-21,2023-09-30,2023-10-18,1.1893013232362026,0.0,Pre-release
Beauty volume,2025-12-31,2026-01-21,2023-12-31,2024-01-23,2.2255192878338326,-1.0,Pre-release
Beauty volume,2025-12-31,2026-01-21,2024-03-31,2024-04-19,1.3726160091641626,1.0,Pre-release
Beauty volume,2025-12-31,2026-01-21,2024-06-30,2024-07-30,2.2805943792830297,1.0,Pre-release
Beauty volume,2025-12-31,2026-01-21,2024-09-30,2024-10-18,2.650199536239972,0.0,Pre-release
Beauty volume,2025-12-31,2026-01-21,2024-12-31,2025-01-22,2.787239714463441,0.0,Pre-release
Beauty volume,2025-12-31,2026-01-21,2025-03-31,2025-04-24,3.749851314380881,1.0,Pre-release
Beauty volume,2025-12-31,2026-01-21,2025-06-30,2025-07-29,3.2332744751814912,1.0,Pre-release
Beauty volume,2025-12-31,2026-01-21,2025-09-30,2025-10-24,3.0141740833381725,4.0,Pre-release
Beauty volume,2026-03-31,2026-04-23,2021-03-31,2021-04-20,6.575055187637968,2.0,Pre-release
Beauty volume,2026-03-31,2026-04-23,2021-06-30,2021-07-30,14.016061969584781,1.0,Pre-release
Beauty volume,2026-03-31,2026-04-23,2021-09-30,2021-10-19,7.004214906898576,0.0,Pre-release
Beauty volume,2026-03-31,2026-04-23,2021-12-31,2022-01-19,7.099598376506089,1.0,Pre-release
Beauty volume,2026-03-31,2026-04-23,2022-03-31,2022-04-20,3.598910488105478,-1.0,Pre-release
Beauty volume,2026-03-31,2026-04-23,2022-06-30,2022-07-29,-0.03796621007303713,-2.0,Pre-release
Beauty volume,2026-03-31,2026-04-23,2022-09-30,2022-10-19,-0.9742817539066029,-1.0,Pre-release
Beauty volume,2026-03-31,2026-04-23,2022-12-31,2023-01-19,-1.708333333333334,-4.0,Pre-release
Beauty volume,2026-03-31,2026-04-23,2023-03-31,2023-04-21,-0.5138355726167609,0.0,Pre-release
Beauty volume,2026-03-31,2026-04-23,2023-06-30,2023-07-28,-0.38380425982749156,-1.0,Pre-release
Beauty volume,2026-03-31,2026-04-23,2023-09-30,2023-10-18,1.1893013232362026,0.0,Pre-release
Beauty volume,2026-03-31,2026-04-23,2023-12-31,2024-01-23,2.2255192878338326,-1.0,Pre-release
Beauty volume,2026-03-31,2026-04-23,2024-03-31,2024-04-19,1.3726160091641626,1.0,Pre-release
Beauty volume,2026-03-31,2026-04-23,2024-06-30,2024-07-30,2.2805943792830297,1.0,Pre-release
Beauty volume,2026-03-31,2026-04-23,2024-09-30,2024-10-18,2.650199536239972,0.0,Pre-release
Beauty volume,2026-03-31,2026-04-23,2024-12-31,2025-01-22,2.787239714463441,0.0,Pre-release
Beauty volume,2026-03-31,2026-04-23,2025-03-31,2025-04-24,3.749851314380881,1.0,Pre-release
Beauty volume,2026-03-31,2026-04-23,2025-06-30,2025-07-29,3.2332744751814912,1.0,Pre-release
Beauty volume,2026-03-31,2026-04-23,2025-09-30,2025-10-24,2.996723091540132,4.0,Pre-release
Beauty volume,2026-03-31,2026-04-23,2025-12-31,2026-01-22,2.1478108850594646,3.0,Pre-release
Beauty pricing,2023-06-30,2023-07-27,2021-03-31,2021-04-20,-0.41477337637689793,2.0,Pre-release
Beauty pricing,2023-06-30,2023-07-27,2021-06-30,2021-07-30,-0.43530780492421206,4.0,Pre-release
Beauty pricing,2023-06-30,2023-07-27,2021-09-30,2021-10-19,-0.5009614505874005,2.0,Pre-release
Beauty pricing,2023-06-30,2023-07-27,2021-12-31,2022-01-19,-0.7911991921891626,2.0,Pre-release
Beauty pricing,2023-06-30,2023-07-27,2022-03-31,2022-04-20,-0.7595451980275891,4.0,Pre-release
Beauty pricing,2023-06-30,2023-07-27,2022-06-30,2022-07-29,0.6338255218670819,6.0,Pre-release
Beauty pricing,2023-06-30,2023-07-27,2022-09-30,2022-10-19,3.970323328016079,7.0,Pre-release
Beauty pricing,2023-06-30,2023-07-27,2022-12-31,2023-01-19,5.055970500253992,9.0,Pre-release
Beauty pricing,2023-06-30,2023-07-27,2023-03-31,2023-04-21,4.891768434790711,8.0,Pre-release
Beauty pricing,2023-09-30,2023-10-17,2021-03-31,2021-04-20,-0.41477337637689793,2.0,Pre-release
Beauty pricing,2023-09-30,2023-10-17,2021-06-30,2021-07-30,-0.43530780492421206,4.0,Pre-release
Beauty pricing,2023-09-30,2023-10-17,2021-09-30,2021-10-19,-0.5009614505874005,2.0,Pre-release
Beauty pricing,2023-09-30,2023-10-17,2021-12-31,2022-01-19,-0.7911991921891626,2.0,Pre-release
Beauty pricing,2023-09-30,2023-10-17,2022-03-31,2022-04-20,-0.7595451980275891,4.0,Pre-release
Beauty pricing,2023-09-30,2023-10-17,2022-06-30,2022-07-29,0.6338255218670819,6.0,Pre-release
Beauty pricing,2023-09-30,2023-10-17,2022-09-30,2022-10-19,3.970323328016079,7.0,Pre-release
Beauty pricing,2023-09-30,2023-10-17,2022-12-31,2023-01-19,5.055970500253992,9.0,Pre-release
Beauty pricing,2023-09-30,2023-10-17,2023-03-31,2023-04-21,4.891768434790711,8.0,Pre-release
Beauty pricing,2023-09-30,2023-10-17,2023-06-30,2023-07-28,5.2129322350291885,8.0,Pre-release
Beauty pricing,2023-12-31,2024-01-22,2021-03-31,2021-04-20,-0.41477337637689793,2.0,Pre-release
Beauty pricing,2023-12-31,2024-01-22,2021-06-30,2021-07-30,-0.43530780492421206,4.0,Pre-release
Beauty pricing,2023-12-31,2024-01-22,2021-09-30,2021-10-19,-0.5009614505874005,2.0,Pre-release
Beauty pricing,2023-12-31,2024-01-22,2021-12-31,2022-01-19,-0.7911991921891626,2.0,Pre-release
Beauty pricing,2023-12-31,2024-01-22,2022-03-31,2022-04-20,-0.7595451980275891,4.0,Pre-release
Beauty pricing,2023-12-31,2024-01-22,2022-06-30,2022-07-29,0.6338255218670819,6.0,Pre-release
Beauty pricing,2023-12-31,2024-01-22,2022-09-30,2022-10-19,3.970323328016079,7.0,Pre-release
Beauty pricing,2023-12-31,2024-01-22,2022-12-31,2023-01-19,5.055970500253992,9.0,Pre-release
Beauty pricing,2023-12-31,2024-01-22,2023-03-31,2023-04-21,4.891768434790711,8.0,Pre-release
Beauty pricing,2023-12-31,2024-01-22,2023-06-30,2023-07-28,5.2129322350291885,8.0,Pre-release
Beauty pricing,2023-12-31,2024-01-22,2023-09-30,2023-10-18,3.4916634214587683,7.0,Pre-release
Beauty pricing,2024-03-31,2024-04-18,2021-03-31,2021-04-20,-0.41477337637689793,2.0,Pre-release
Beauty pricing,2024-03-31,2024-04-18,2021-06-30,2021-07-30,-0.43530780492421206,4.0,Pre-release
Beauty pricing,2024-03-31,2024-04-18,2021-09-30,2021-10-19,-0.5009614505874005,2.0,Pre-release
Beauty pricing,2024-03-31,2024-04-18,2021-12-31,2022-01-19,-0.7911991921891626,2.0,Pre-release
Beauty pricing,2024-03-31,2024-04-18,2022-03-31,2022-04-20,-0.7595451980275891,4.0,Pre-release
Beauty pricing,2024-03-31,2024-04-18,2022-06-30,2022-07-29,0.6338255218670819,6.0,Pre-release
Beauty pricing,2024-03-31,2024-04-18,2022-09-30,2022-10-19,3.970323328016079,7.0,Pre-release
Beauty pricing,2024-03-31,2024-04-18,2022-12-31,2023-01-19,5.055970500253992,9.0,Pre-release
Beauty pricing,2024-03-31,2024-04-18,2023-03-31,2023-04-21,4.891768434790711,8.0,Pre-release
Beauty pricing,2024-03-31,2024-04-18,2023-06-30,2023-07-28,5.2129322350291885,8.0,Pre-release
Beauty pricing,2024-03-31,2024-04-18,2023-09-30,2023-10-18,3.4916634214587683,7.0,Pre-release
Beauty pricing,2024-03-31,2024-04-18,2023-12-31,2024-01-23,2.5297096725668045,4.0,Pre-release
Beauty pricing,2024-06-30,2024-07-29,2021-03-31,2021-04-20,-0.41477337637689793,2.0,Pre-release
Beauty pricing,2024-06-30,2024-07-29,2021-06-30,2021-07-30,-0.43530780492421206,4.0,Pre-release
Beauty pricing,2024-06-30,2024-07-29,2021-09-30,2021-10-19,-0.5009614505874005,2.0,Pre-release
Beauty pricing,2024-06-30,2024-07-29,2021-12-31,2022-01-19,-0.7911991921891626,2.0,Pre-release
Beauty pricing,2024-06-30,2024-07-29,2022-03-31,2022-04-20,-0.7595451980275891,4.0,Pre-release
Beauty pricing,2024-06-30,2024-07-29,2022-06-30,2022-07-29,0.6338255218670819,6.0,Pre-release
Beauty pricing,2024-06-30,2024-07-29,2022-09-30,2022-10-19,3.970323328016079,7.0,Pre-release
Beauty pricing,2024-06-30,2024-07-29,2022-12-31,2023-01-19,5.055970500253992,9.0,Pre-release
Beauty pricing,2024-06-30,2024-07-29,2023-03-31,2023-04-21,4.891768434790711,8.0,Pre-release
Beauty pricing,2024-06-30,2024-07-29,2023-06-30,2023-07-28,5.2129322350291885,8.0,Pre-release
Beauty pricing,2024-06-30,2024-07-29,2023-09-30,2023-10-18,3.4916634214587683,7.0,Pre-release
Beauty pricing,2024-06-30,2024-07-29,2023-12-31,2024-01-23,2.5297096725668045,4.0,Pre-release
Beauty pricing,2024-06-30,2024-07-29,2024-03-31,2024-04-19,1.4458208241569626,4.0,Pre-release
Beauty pricing,2024-09-30,2024-10-17,2021-03-31,2021-04-20,-0.41477337637689793,2.0,Pre-release
Beauty pricing,2024-09-30,2024-10-17,2021-06-30,2021-07-30,-0.43530780492421206,4.0,Pre-release
Beauty pricing,2024-09-30,2024-10-17,2021-09-30,2021-10-19,-0.5009614505874005,2.0,Pre-release
Beauty pricing,2024-09-30,2024-10-17,2021-12-31,2022-01-19,-0.7911991921891626,2.0,Pre-release
Beauty pricing,2024-09-30,2024-10-17,2022-03-31,2022-04-20,-0.7595451980275891,4.0,Pre-release
Beauty pricing,2024-09-30,2024-10-17,2022-06-30,2022-07-29,0.6338255218670819,6.0,Pre-release
Beauty pricing,2024-09-30,2024-10-17,2022-09-30,2022-10-19,3.970323328016079,7.0,Pre-release
Beauty pricing,2024-09-30,2024-10-17,2022-12-31,2023-01-19,5.055970500253992,9.0,Pre-release
Beauty pricing,2024-09-30,2024-10-17,2023-03-31,2023-04-21,4.891768434790711,8.0,Pre-release
Beauty pricing,2024-09-30,2024-10-17,2023-06-30,2023-07-28,5.2129322350291885,8.0,Pre-release
Beauty pricing,2024-09-30,2024-10-17,2023-09-30,2023-10-18,3.4916634214587683,7.0,Pre-release
Beauty pricing,2024-09-30,2024-10-17,2023-12-31,2024-01-23,2.5297096725668045,4.0,Pre-release
Beauty pricing,2024-09-30,2024-10-17,2024-03-31,2024-04-19,1.4458208241569626,4.0,Pre-release
Beauty pricing,2024-09-30,2024-10-17,2024-06-30,2024-07-30,0.4560551842614391,3.0,Pre-release
Beauty pricing,2024-12-31,2025-01-21,2021-03-31,2021-04-20,-0.41477337637689793,2.0,Pre-release
Beauty pricing,2024-12-31,2025-01-21,2021-06-30,2021-07-30,-0.43530780492421206,4.0,Pre-release
Beauty pricing,2024-12-31,2025-01-21,2021-09-30,2021-10-19,-0.5009614505874005,2.0,Pre-release
Beauty pricing,2024-12-31,2025-01-21,2021-12-31,2022-01-19,-0.7911991921891626,2.0,Pre-release
Beauty pricing,2024-12-31,2025-01-21,2022-03-31,2022-04-20,-0.7595451980275891,4.0,Pre-release
Beauty pricing,2024-12-31,2025-01-21,2022-06-30,2022-07-29,0.6338255218670819,6.0,Pre-release
Beauty pricing,2024-12-31,2025-01-21,2022-09-30,2022-10-19,3.970323328016079,7.0,Pre-release
Beauty pricing,2024-12-31,2025-01-21,2022-12-31,2023-01-19,5.055970500253992,9.0,Pre-release
Beauty pricing,2024-12-31,2025-01-21,2023-03-31,2023-04-21,4.891768434790711,8.0,Pre-release
Beauty pricing,2024-12-31,2025-01-21,2023-06-30,2023-07-28,5.2129322350291885,8.0,Pre-release
Beauty pricing,2024-12-31,2025-01-21,2023-09-30,2023-10-18,3.4916634214587683,7.0,Pre-release
Beauty pricing,2024-12-31,2025-01-21,2023-12-31,2024-01-23,2.5297096725668045,4.0,Pre-release
Beauty pricing,2024-12-31,2025-01-21,2024-03-31,2024-04-19,1.4458208241569626,4.0,Pre-release
Beauty pricing,2024-12-31,2025-01-21,2024-06-30,2024-07-30,0.4560551842614391,3.0,Pre-release
Beauty pricing,2024-12-31,2025-01-21,2024-09-30,2024-10-18,-0.3714085127806688,1.0,Pre-release
Beauty pricing,2025-03-31,2025-04-23,2021-03-31,2021-04-20,-0.41477337637689793,2.0,Pre-release
Beauty pricing,2025-03-31,2025-04-23,2021-06-30,2021-07-30,-0.43530780492421206,4.0,Pre-release
Beauty pricing,2025-03-31,2025-04-23,2021-09-30,2021-10-19,-0.5009614505874005,2.0,Pre-release
Beauty pricing,2025-03-31,2025-04-23,2021-12-31,2022-01-19,-0.7911991921891626,2.0,Pre-release
Beauty pricing,2025-03-31,2025-04-23,2022-03-31,2022-04-20,-0.7595451980275891,4.0,Pre-release
Beauty pricing,2025-03-31,2025-04-23,2022-06-30,2022-07-29,0.6338255218670819,6.0,Pre-release
Beauty pricing,2025-03-31,2025-04-23,2022-09-30,2022-10-19,3.970323328016079,7.0,Pre-release
Beauty pricing,2025-03-31,2025-04-23,2022-12-31,2023-01-19,5.055970500253992,9.0,Pre-release
Beauty pricing,2025-03-31,2025-04-23,2023-03-31,2023-04-21,4.891768434790711,8.0,Pre-release
Beauty pricing,2025-03-31,2025-04-23,2023-06-30,2023-07-28,5.2129322350291885,8.0,Pre-release
Beauty pricing,2025-03-31,2025-04-23,2023-09-30,2023-10-18,3.4916634214587683,7.0,Pre-release
Beauty pricing,2025-03-31,2025-04-23,2023-12-31,2024-01-23,2.5297096725668045,4.0,Pre-release
Beauty pricing,2025-03-31,2025-04-23,2024-03-31,2024-04-19,1.4458208241569626,4.0,Pre-release
Beauty pricing,2025-03-31,2025-04-23,2024-06-30,2024-07-30,0.4560551842614391,3.0,Pre-release
Beauty pricing,2025-03-31,2025-04-23,2024-09-30,2024-10-18,-0.3714085127806688,1.0,Pre-release
Beauty pricing,2025-03-31,2025-04-23,2024-12-31,2025-01-22,-0.5082703089794416,2.0,Pre-release
Beauty pricing,2025-06-30,2025-07-28,2021-03-31,2021-04-20,-0.41477337637689793,2.0,Pre-release
Beauty pricing,2025-06-30,2025-07-28,2021-06-30,2021-07-30,-0.43530780492421206,4.0,Pre-release
Beauty pricing,2025-06-30,2025-07-28,2021-09-30,2021-10-19,-0.5009614505874005,2.0,Pre-release
Beauty pricing,2025-06-30,2025-07-28,2021-12-31,2022-01-19,-0.7911991921891626,2.0,Pre-release
Beauty pricing,2025-06-30,2025-07-28,2022-03-31,2022-04-20,-0.7595451980275891,4.0,Pre-release
Beauty pricing,2025-06-30,2025-07-28,2022-06-30,2022-07-29,0.6338255218670819,6.0,Pre-release
Beauty pricing,2025-06-30,2025-07-28,2022-09-30,2022-10-19,3.970323328016079,7.0,Pre-release
Beauty pricing,2025-06-30,2025-07-28,2022-12-31,2023-01-19,5.055970500253992,9.0,Pre-release
Beauty pricing,2025-06-30,2025-07-28,2023-03-31,2023-04-21,4.891768434790711,8.0,Pre-release
Beauty pricing,2025-06-30,2025-07-28,2023-06-30,2023-07-28,5.2129322350291885,8.0,Pre-release
Beauty pricing,2025-06-30,2025-07-28,2023-09-30,2023-10-18,3.4916634214587683,7.0,Pre-release
Beauty pricing,2025-06-30,2025-07-28,2023-12-31,2024-01-23,2.5297096725668045,4.0,Pre-release
Beauty pricing,2025-06-30,2025-07-28,2024-03-31,2024-04-19,1.4458208241569626,4.0,Pre-release
Beauty pricing,2025-06-30,2025-07-28,2024-06-30,2024-07-30,0.4560551842614391,3.0,Pre-release
Beauty pricing,2025-06-30,2025-07-28,2024-09-30,2024-10-18,-0.3714085127806688,1.0,Pre-release
Beauty pricing,2025-06-30,2025-07-28,2024-12-31,2025-01-22,-0.5082703089794416,2.0,Pre-release
Beauty pricing,2025-06-30,2025-07-28,2025-03-31,2025-04-24,-0.42034549280647315,3.0,Pre-release
Beauty pricing,2025-09-30,2025-10-23,2021-03-31,2021-04-20,-0.41477337637689793,2.0,Pre-release
Beauty pricing,2025-09-30,2025-10-23,2021-06-30,2021-07-30,-0.43530780492421206,4.0,Pre-release
Beauty pricing,2025-09-30,2025-10-23,2021-09-30,2021-10-19,-0.5009614505874005,2.0,Pre-release
Beauty pricing,2025-09-30,2025-10-23,2021-12-31,2022-01-19,-0.7911991921891626,2.0,Pre-release
Beauty pricing,2025-09-30,2025-10-23,2022-03-31,2022-04-20,-0.7595451980275891,4.0,Pre-release
Beauty pricing,2025-09-30,2025-10-23,2022-06-30,2022-07-29,0.6338255218670819,6.0,Pre-release
Beauty pricing,2025-09-30,2025-10-23,2022-09-30,2022-10-19,3.970323328016079,7.0,Pre-release
Beauty pricing,2025-09-30,2025-10-23,2022-12-31,2023-01-19,5.055970500253992,9.0,Pre-release
Beauty pricing,2025-09-30,2025-10-23,2023-03-31,2023-04-21,4.891768434790711,8.0,Pre-release
Beauty pricing,2025-09-30,2025-10-23,2023-06-30,2023-07-28,5.2129322350291885,8.0,Pre-release
Beauty pricing,2025-09-30,2025-10-23,2023-09-30,2023-10-18,3.4916634214587683,7.0,Pre-release
Beauty pricing,2025-09-30,2025-10-23,2023-12-31,2024-01-23,2.5297096725668045,4.0,Pre-release
Beauty pricing,2025-09-30,2025-10-23,2024-03-31,2024-04-19,1.4458208241569626,4.0,Pre-release
Beauty pricing,2025-09-30,2025-10-23,2024-06-30,2024-07-30,0.4560551842614391,3.0,Pre-release
Beauty pricing,2025-09-30,2025-10-23,2024-09-30,2024-10-18,-0.3714085127806688,1.0,Pre-release
Beauty pricing,2025-09-30,2025-10-23,2024-12-31,2025-01-22,-0.5082703089794416,2.0,Pre-release
Beauty pricing,2025-09-30,2025-10-23,2025-03-31,2025-04-24,-0.42034549280647315,3.0,Pre-release
Beauty pricing,2025-09-30,2025-10-23,2025-06-30,2025-07-29,0.06623166364128075,1.0,Pre-release
Beauty pricing,2026-03-31,2026-04-23,2021-03-31,2021-04-20,-0.41477337637689793,2.0,Pre-release
Beauty pricing,2026-03-31,2026-04-23,2021-06-30,2021-07-30,-0.43530780492421206,4.0,Pre-release
Beauty pricing,2026-03-31,2026-04-23,2021-09-30,2021-10-19,-0.5009614505874005,2.0,Pre-release
Beauty pricing,2026-03-31,2026-04-23,2021-12-31,2022-01-19,-0.7911991921891626,2.0,Pre-release
Beauty pricing,2026-03-31,2026-04-23,2022-03-31,2022-04-20,-0.7595451980275891,4.0,Pre-release
Beauty pricing,2026-03-31,2026-04-23,2022-06-30,2022-07-29,0.6338255218670819,6.0,Pre-release
Beauty pricing,2026-03-31,2026-04-23,2022-09-30,2022-10-19,3.970323328016079,7.0,Pre-release
Beauty pricing,2026-03-31,2026-04-23,2022-12-31,2023-01-19,5.055970500253992,9.0,Pre-release
Beauty pricing,2026-03-31,2026-04-23,2023-03-31,2023-04-21,4.891768434790711,8.0,Pre-release
Beauty pricing,2026-03-31,2026-04-23,2023-06-30,2023-07-28,5.2129322350291885,8.0,Pre-release
Beauty pricing,2026-03-31,2026-04-23,2023-09-30,2023-10-18,3.4916634214587683,7.0,Pre-release
Beauty pricing,2026-03-31,2026-04-23,2023-12-31,2024-01-23,2.5297096725668045,4.0,Pre-release
Beauty pricing,2026-03-31,2026-04-23,2024-03-31,2024-04-19,1.4458208241569626,4.0,Pre-release
Beauty pricing,2026-03-31,2026-04-23,2024-06-30,2024-07-30,0.4560551842614391,3.0,Pre-release
Beauty pricing,2026-03-31,2026-04-23,2024-09-30,2024-10-18,-0.3714085127806688,1.0,Pre-release
Beauty pricing,2026-03-31,2026-04-23,2024-12-31,2025-01-22,-0.5082703089794416,2.0,Pre-release
Beauty pricing,2026-03-31,2026-04-23,2025-03-31,2025-04-24,-0.42034549280647315,3.0,Pre-release
Beauty pricing,2026-03-31,2026-04-23,2025-06-30,2025-07-29,0.06623166364128075,1.0,Pre-release
Beauty pricing,2026-03-31,2026-04-23,2025-09-30,2025-10-24,0.44640749502971033,2.0,Pre-release
Fabric & Home volume,2023-06-30,2023-07-27,2021-03-31,2021-04-20,6.632753313101758,3.0,Pre-release
Fabric & Home volume,2023-06-30,2023-07-27,2021-06-30,2021-07-30,14.611736810906951,1.0,Pre-release
Fabric & Home volume,2023-06-30,2023-07-27,2021-09-30,2021-10-19,7.041835414855502,2.0,Pre-release
Fabric & Home volume,2023-06-30,2023-07-27,2021-12-31,2022-01-19,7.20478199122454,7.0,Pre-release
Fabric & Home volume,2023-06-30,2023-07-27,2022-03-31,2022-04-20,2.397575807211161,5.0,Pre-release
Fabric & Home volume,2023-06-30,2023-07-27,2022-06-30,2022-07-29,-1.1318652901275095,-1.0,Pre-release
Fabric & Home volume,2023-06-30,2023-07-27,2022-09-30,2022-10-19,-1.5668951309377621,-4.0,Pre-release
Fabric & Home volume,2023-06-30,2023-07-27,2022-12-31,2023-01-19,-1.5946298639671008,-7.0,Pre-release
Fabric & Home volume,2023-06-30,2023-07-27,2023-03-31,2023-04-21,-0.3719107414220657,-5.0,Pre-release
Fabric & Home volume,2023-09-30,2023-10-17,2021-03-31,2021-04-20,6.422656508777735,3.0,Pre-release
Fabric & Home volume,2023-09-30,2023-10-17,2021-06-30,2021-07-30,13.907186483246758,1.0,Pre-release
Fabric & Home volume,2023-09-30,2023-10-17,2021-09-30,2021-10-19,6.796251227530847,2.0,Pre-release
Fabric & Home volume,2023-09-30,2023-10-17,2021-12-31,2022-01-19,7.003262521387055,7.0,Pre-release
Fabric & Home volume,2023-09-30,2023-10-17,2022-03-31,2022-04-20,3.7505057736001657,5.0,Pre-release
Fabric & Home volume,2023-09-30,2023-10-17,2022-06-30,2022-07-29,0.22450063641921147,-1.0,Pre-release
Fabric & Home volume,2023-09-30,2023-10-17,2022-09-30,2022-10-19,-0.4597655195850203,-4.0,Pre-release
Fabric & Home volume,2023-09-30,2023-10-17,2022-12-31,2023-01-19,-0.9713076900157769,-7.0,Pre-release
Fabric & Home volume,2023-09-30,2023-10-17,2023-03-31,2023-04-21,-0.16799664006719173,-5.0,Pre-release
Fabric & Home volume,2023-09-30,2023-10-17,2023-06-30,2023-07-28,0.06199938000619465,-2.0,Pre-release
Fabric & Home volume,2023-12-31,2024-01-22,2021-03-31,2021-04-20,6.422656508777735,3.0,Pre-release
Fabric & Home volume,2023-12-31,2024-01-22,2021-06-30,2021-07-30,13.907186483246758,1.0,Pre-release
Fabric & Home volume,2023-12-31,2024-01-22,2021-09-30,2021-10-19,6.796251227530847,2.0,Pre-release
Fabric & Home volume,2023-12-31,2024-01-22,2021-12-31,2022-01-19,7.003262521387055,7.0,Pre-release
Fabric & Home volume,2023-12-31,2024-01-22,2022-03-31,2022-04-20,3.7505057736001657,5.0,Pre-release
Fabric & Home volume,2023-12-31,2024-01-22,2022-06-30,2022-07-29,0.22450063641921147,-1.0,Pre-release
Fabric & Home volume,2023-12-31,2024-01-22,2022-09-30,2022-10-19,-0.4597655195850203,-4.0,Pre-release
Fabric & Home volume,2023-12-31,2024-01-22,2022-12-31,2023-01-19,-0.9713076900157769,-7.0,Pre-release
Fabric & Home volume,2023-12-31,2024-01-22,2023-03-31,2023-04-21,-0.16799664006719173,-5.0,Pre-release
Fabric & Home volume,2023-12-31,2024-01-22,2023-06-30,2023-07-28,0.06199938000619465,-2.0,Pre-release
Fabric & Home volume,2023-12-31,2024-01-22,2023-09-30,2023-10-18,1.4338645058288524,0.0,Pre-release
Fabric & Home volume,2024-03-31,2024-04-18,2021-03-31,2021-04-20,6.422656508777735,3.0,Pre-release
Fabric & Home volume,2024-03-31,2024-04-18,2021-06-30,2021-07-30,13.907186483246758,1.0,Pre-release
Fabric & Home volume,2024-03-31,2024-04-18,2021-09-30,2021-10-19,6.796251227530847,2.0,Pre-release
Fabric & Home volume,2024-03-31,2024-04-18,2021-12-31,2022-01-19,7.003262521387055,7.0,Pre-release
Fabric & Home volume,2024-03-31,2024-04-18,2022-03-31,2022-04-20,3.7505057736001657,5.0,Pre-release
Fabric & Home volume,2024-03-31,2024-04-18,2022-06-30,2022-07-29,0.22450063641921147,-1.0,Pre-release
Fabric & Home volume,2024-03-31,2024-04-18,2022-09-30,2022-10-19,-0.4597655195850203,-4.0,Pre-release
Fabric & Home volume,2024-03-31,2024-04-18,2022-12-31,2023-01-19,-0.9713076900157769,-7.0,Pre-release
Fabric & Home volume,2024-03-31,2024-04-18,2023-03-31,2023-04-21,-0.16799664006719173,-5.0,Pre-release
Fabric & Home volume,2024-03-31,2024-04-18,2023-06-30,2023-07-28,0.06199938000619465,-2.0,Pre-release
Fabric & Home volume,2024-03-31,2024-04-18,2023-09-30,2023-10-18,1.4338645058288524,0.0,Pre-release
Fabric & Home volume,2024-03-31,2024-04-18,2023-12-31,2024-01-23,2.0298663136464334,1.0,Pre-release
Fabric & Home volume,2024-06-30,2024-07-29,2021-03-31,2021-04-20,6.422656508777735,3.0,Pre-release
Fabric & Home volume,2024-06-30,2024-07-29,2021-06-30,2021-07-30,13.907186483246758,1.0,Pre-release
Fabric & Home volume,2024-06-30,2024-07-29,2021-09-30,2021-10-19,6.796251227530847,2.0,Pre-release
Fabric & Home volume,2024-06-30,2024-07-29,2021-12-31,2022-01-19,7.003262521387055,7.0,Pre-release
Fabric & Home volume,2024-06-30,2024-07-29,2022-03-31,2022-04-20,3.7505057736001657,5.0,Pre-release
Fabric & Home volume,2024-06-30,2024-07-29,2022-06-30,2022-07-29,0.22450063641921147,-1.0,Pre-release
Fabric & Home volume,2024-06-30,2024-07-29,2022-09-30,2022-10-19,-0.4597655195850203,-4.0,Pre-release
Fabric & Home volume,2024-06-30,2024-07-29,2022-12-31,2023-01-19,-0.9713076900157769,-7.0,Pre-release
Fabric & Home volume,2024-06-30,2024-07-29,2023-03-31,2023-04-21,-0.16799664006719173,-5.0,Pre-release
Fabric & Home volume,2024-06-30,2024-07-29,2023-06-30,2023-07-28,0.06199938000619465,-2.0,Pre-release
Fabric & Home volume,2024-06-30,2024-07-29,2023-09-30,2023-10-18,1.4338645058288524,0.0,Pre-release
Fabric & Home volume,2024-06-30,2024-07-29,2023-12-31,2024-01-23,2.0298663136464334,1.0,Pre-release
Fabric & Home volume,2024-06-30,2024-07-29,2024-03-31,2024-04-19,1.6317086363363043,1.0,Pre-release
Fabric & Home volume,2024-09-30,2024-10-17,2021-03-31,2021-04-20,6.809059633027537,3.0,Pre-release
Fabric & Home volume,2024-09-30,2024-10-17,2021-06-30,2021-07-30,14.154610850804294,1.0,Pre-release
Fabric & Home volume,2024-09-30,2024-10-17,2021-09-30,2021-10-19,6.792826774925675,2.0,Pre-release
Fabric & Home volume,2024-09-30,2024-10-17,2021-12-31,2022-01-19,6.843683446529414,7.0,Pre-release
Fabric & Home volume,2024-09-30,2024-10-17,2022-03-31,2022-04-20,3.404808853741881,5.0,Pre-release
Fabric & Home volume,2024-09-30,2024-10-17,2022-06-30,2022-07-29,-0.26864270520209343,-1.0,Pre-release
Fabric & Home volume,2024-09-30,2024-10-17,2022-09-30,2022-10-19,-0.9788074712643757,-4.0,Pre-release
Fabric & Home volume,2024-09-30,2024-10-17,2022-12-31,2023-01-19,-1.5609194946349714,-7.0,Pre-release
Fabric & Home volume,2024-09-30,2024-10-17,2023-03-31,2023-04-21,-0.28354349497309306,-5.0,Pre-release
Fabric & Home volume,2024-09-30,2024-10-17,2023-06-30,2023-07-28,-0.07710486261315319,-2.0,Pre-release
Fabric & Home volume,2024-09-30,2024-10-17,2023-09-30,2023-10-18,1.3149542033191297,0.0,Pre-release
Fabric & Home volume,2024-09-30,2024-10-17,2023-12-31,2024-01-23,2.203215667311409,1.0,Pre-release
Fabric & Home volume,2024-09-30,2024-10-17,2024-03-31,2024-04-19,1.360673628563136,1.0,Pre-release
Fabric & Home volume,2024-09-30,2024-10-17,2024-06-30,2024-07-30,1.8739916021125014,3.0,Pre-release
Fabric & Home volume,2024-12-31,2025-01-21,2021-03-31,2021-04-20,6.809059633027537,3.0,Pre-release
Fabric & Home volume,2024-12-31,2025-01-21,2021-06-30,2021-07-30,14.154610850804294,1.0,Pre-release
Fabric & Home volume,2024-12-31,2025-01-21,2021-09-30,2021-10-19,6.792826774925675,2.0,Pre-release
Fabric & Home volume,2024-12-31,2025-01-21,2021-12-31,2022-01-19,6.843683446529414,7.0,Pre-release
Fabric & Home volume,2024-12-31,2025-01-21,2022-03-31,2022-04-20,3.404808853741881,5.0,Pre-release
Fabric & Home volume,2024-12-31,2025-01-21,2022-06-30,2022-07-29,-0.26864270520209343,-1.0,Pre-release
Fabric & Home volume,2024-12-31,2025-01-21,2022-09-30,2022-10-19,-0.9788074712643757,-4.0,Pre-release
Fabric & Home volume,2024-12-31,2025-01-21,2022-12-31,2023-01-19,-1.5609194946349714,-7.0,Pre-release
Fabric & Home volume,2024-12-31,2025-01-21,2023-03-31,2023-04-21,-0.28354349497309306,-5.0,Pre-release
Fabric & Home volume,2024-12-31,2025-01-21,2023-06-30,2023-07-28,-0.07710486261315319,-2.0,Pre-release
Fabric & Home volume,2024-12-31,2025-01-21,2023-09-30,2023-10-18,1.3149542033191297,0.0,Pre-release
Fabric & Home volume,2024-12-31,2025-01-21,2023-12-31,2024-01-23,2.203215667311409,1.0,Pre-release
Fabric & Home volume,2024-12-31,2025-01-21,2024-03-31,2024-04-19,1.360673628563136,1.0,Pre-release
Fabric & Home volume,2024-12-31,2025-01-21,2024-06-30,2024-07-30,1.8739916021125014,3.0,Pre-release
Fabric & Home volume,2024-12-31,2025-01-21,2024-09-30,2024-10-18,2.247682698810527,1.0,Pre-release
Fabric & Home volume,2025-03-31,2025-04-23,2021-03-31,2021-04-20,6.809059633027537,3.0,Pre-release
Fabric & Home volume,2025-03-31,2025-04-23,2021-06-30,2021-07-30,14.154610850804294,1.0,Pre-release
Fabric & Home volume,2025-03-31,2025-04-23,2021-09-30,2021-10-19,6.792826774925675,2.0,Pre-release
Fabric & Home volume,2025-03-31,2025-04-23,2021-12-31,2022-01-19,6.843683446529414,7.0,Pre-release
Fabric & Home volume,2025-03-31,2025-04-23,2022-03-31,2022-04-20,3.404808853741881,5.0,Pre-release
Fabric & Home volume,2025-03-31,2025-04-23,2022-06-30,2022-07-29,-0.26864270520209343,-1.0,Pre-release
Fabric & Home volume,2025-03-31,2025-04-23,2022-09-30,2022-10-19,-0.9788074712643757,-4.0,Pre-release
Fabric & Home volume,2025-03-31,2025-04-23,2022-12-31,2023-01-19,-1.5609194946349714,-7.0,Pre-release
Fabric & Home volume,2025-03-31,2025-04-23,2023-03-31,2023-04-21,-0.28354349497309306,-5.0,Pre-release
Fabric & Home volume,2025-03-31,2025-04-23,2023-06-30,2023-07-28,-0.07710486261315319,-2.0,Pre-release
Fabric & Home volume,2025-03-31,2025-04-23,2023-09-30,2023-10-18,1.3149542033191297,0.0,Pre-release
Fabric & Home volume,2025-03-31,2025-04-23,2023-12-31,2024-01-23,2.203215667311409,1.0,Pre-release
Fabric & Home volume,2025-03-31,2025-04-23,2024-03-31,2024-04-19,1.360673628563136,1.0,Pre-release
Fabric & Home volume,2025-03-31,2025-04-23,2024-06-30,2024-07-30,1.8739916021125014,3.0,Pre-release
Fabric & Home volume,2025-03-31,2025-04-23,2024-09-30,2024-10-18,2.247682698810527,1.0,Pre-release
Fabric & Home volume,2025-03-31,2025-04-23,2024-12-31,2025-01-22,2.1103784092813216,2.0,Pre-release
Fabric & Home volume,2025-06-30,2025-07-28,2021-03-31,2021-04-20,6.809059633027537,3.0,Pre-release
Fabric & Home volume,2025-06-30,2025-07-28,2021-06-30,2021-07-30,14.154610850804294,1.0,Pre-release
Fabric & Home volume,2025-06-30,2025-07-28,2021-09-30,2021-10-19,6.792826774925675,2.0,Pre-release
Fabric & Home volume,2025-06-30,2025-07-28,2021-12-31,2022-01-19,6.843683446529414,7.0,Pre-release
Fabric & Home volume,2025-06-30,2025-07-28,2022-03-31,2022-04-20,3.404808853741881,5.0,Pre-release
Fabric & Home volume,2025-06-30,2025-07-28,2022-06-30,2022-07-29,-0.26864270520209343,-1.0,Pre-release
Fabric & Home volume,2025-06-30,2025-07-28,2022-09-30,2022-10-19,-0.9788074712643757,-4.0,Pre-release
Fabric & Home volume,2025-06-30,2025-07-28,2022-12-31,2023-01-19,-1.5609194946349714,-7.0,Pre-release
Fabric & Home volume,2025-06-30,2025-07-28,2023-03-31,2023-04-21,-0.28354349497309306,-5.0,Pre-release
Fabric & Home volume,2025-06-30,2025-07-28,2023-06-30,2023-07-28,-0.07710486261315319,-2.0,Pre-release
Fabric & Home volume,2025-06-30,2025-07-28,2023-09-30,2023-10-18,1.3149542033191297,0.0,Pre-release
Fabric & Home volume,2025-06-30,2025-07-28,2023-12-31,2024-01-23,2.203215667311409,1.0,Pre-release
Fabric & Home volume,2025-06-30,2025-07-28,2024-03-31,2024-04-19,1.360673628563136,1.0,Pre-release
Fabric & Home volume,2025-06-30,2025-07-28,2024-06-30,2024-07-30,1.8739916021125014,3.0,Pre-release
Fabric & Home volume,2025-06-30,2025-07-28,2024-09-30,2024-10-18,2.247682698810527,1.0,Pre-release
Fabric & Home volume,2025-06-30,2025-07-28,2024-12-31,2025-01-22,2.1103784092813216,2.0,Pre-release
Fabric & Home volume,2025-06-30,2025-07-28,2025-03-31,2025-04-24,2.869532577344036,0.0,Pre-release
Fabric & Home volume,2025-09-30,2025-10-23,2021-03-31,2021-04-20,6.575055187637968,3.0,Pre-release
Fabric & Home volume,2025-09-30,2025-10-23,2021-06-30,2021-07-30,14.016061969584781,1.0,Pre-release
Fabric & Home volume,2025-09-30,2025-10-23,2021-09-30,2021-10-19,7.004214906898576,2.0,Pre-release
Fabric & Home volume,2025-09-30,2025-10-23,2021-12-31,2022-01-19,7.099598376506089,7.0,Pre-release
Fabric & Home volume,2025-09-30,2025-10-23,2022-03-31,2022-04-20,3.598910488105478,5.0,Pre-release
Fabric & Home volume,2025-09-30,2025-10-23,2022-06-30,2022-07-29,-0.03796621007303713,-1.0,Pre-release
Fabric & Home volume,2025-09-30,2025-10-23,2022-09-30,2022-10-19,-0.9742817539066029,-4.0,Pre-release
Fabric & Home volume,2025-09-30,2025-10-23,2022-12-31,2023-01-19,-1.708333333333334,-7.0,Pre-release
Fabric & Home volume,2025-09-30,2025-10-23,2023-03-31,2023-04-21,-0.5138355726167609,-5.0,Pre-release
Fabric & Home volume,2025-09-30,2025-10-23,2023-06-30,2023-07-28,-0.38380425982749156,-2.0,Pre-release
Fabric & Home volume,2025-09-30,2025-10-23,2023-09-30,2023-10-18,1.1893013232362026,0.0,Pre-release
Fabric & Home volume,2025-09-30,2025-10-23,2023-12-31,2024-01-23,2.2255192878338326,1.0,Pre-release
Fabric & Home volume,2025-09-30,2025-10-23,2024-03-31,2024-04-19,1.3726160091641626,1.0,Pre-release
Fabric & Home volume,2025-09-30,2025-10-23,2024-06-30,2024-07-30,2.2805943792830297,3.0,Pre-release
Fabric & Home volume,2025-09-30,2025-10-23,2024-09-30,2024-10-18,2.650199536239972,1.0,Pre-release
Fabric & Home volume,2025-09-30,2025-10-23,2024-12-31,2025-01-22,2.787239714463441,2.0,Pre-release
Fabric & Home volume,2025-09-30,2025-10-23,2025-03-31,2025-04-24,3.749851314380881,0.0,Pre-release
Fabric & Home volume,2025-09-30,2025-10-23,2025-06-30,2025-07-29,3.2332744751814912,0.0,Pre-release
Fabric & Home volume,2025-12-31,2026-01-21,2022-03-31,2022-04-20,3.598910488105478,5.0,Pre-release
Fabric & Home volume,2025-12-31,2026-01-21,2022-06-30,2022-07-29,-0.03796621007303713,-1.0,Pre-release
Fabric & Home volume,2025-12-31,2026-01-21,2022-09-30,2022-10-19,-0.9742817539066029,-4.0,Pre-release
Fabric & Home volume,2025-12-31,2026-01-21,2022-12-31,2023-01-19,-1.708333333333334,-7.0,Pre-release
Fabric & Home volume,2025-12-31,2026-01-21,2023-03-31,2023-04-21,-0.5138355726167609,-5.0,Pre-release
Fabric & Home volume,2025-12-31,2026-01-21,2023-06-30,2023-07-28,-0.38380425982749156,-2.0,Pre-release
Fabric & Home volume,2025-12-31,2026-01-21,2023-09-30,2023-10-18,1.1893013232362026,0.0,Pre-release
Fabric & Home volume,2025-12-31,2026-01-21,2023-12-31,2024-01-23,2.2255192878338326,1.0,Pre-release
Fabric & Home volume,2025-12-31,2026-01-21,2024-03-31,2024-04-19,1.3726160091641626,1.0,Pre-release
Fabric & Home volume,2025-12-31,2026-01-21,2024-06-30,2024-07-30,2.2805943792830297,3.0,Pre-release
Fabric & Home volume,2025-12-31,2026-01-21,2024-09-30,2024-10-18,2.650199536239972,1.0,Pre-release
Fabric & Home volume,2025-12-31,2026-01-21,2024-12-31,2025-01-22,2.787239714463441,2.0,Pre-release
Fabric & Home volume,2025-12-31,2026-01-21,2025-03-31,2025-04-24,3.749851314380881,0.0,Pre-release
Fabric & Home volume,2025-12-31,2026-01-21,2025-06-30,2025-07-29,3.2332744751814912,0.0,Pre-release
Fabric & Home volume,2025-12-31,2026-01-21,2025-09-30,2025-10-24,3.0141740833381725,-2.0,Pre-release
Fabric & Home volume,2026-03-31,2026-04-23,2021-03-31,2021-04-20,6.575055187637968,3.0,Pre-release
Fabric & Home volume,2026-03-31,2026-04-23,2021-06-30,2021-07-30,14.016061969584781,1.0,Pre-release
Fabric & Home volume,2026-03-31,2026-04-23,2021-09-30,2021-10-19,7.004214906898576,2.0,Pre-release
Fabric & Home volume,2026-03-31,2026-04-23,2021-12-31,2022-01-19,7.099598376506089,7.0,Pre-release
Fabric & Home volume,2026-03-31,2026-04-23,2022-03-31,2022-04-20,3.598910488105478,5.0,Pre-release
Fabric & Home volume,2026-03-31,2026-04-23,2022-06-30,2022-07-29,-0.03796621007303713,-1.0,Pre-release
Fabric & Home volume,2026-03-31,2026-04-23,2022-09-30,2022-10-19,-0.9742817539066029,-4.0,Pre-release
Fabric & Home volume,2026-03-31,2026-04-23,2022-12-31,2023-01-19,-1.708333333333334,-7.0,Pre-release
Fabric & Home volume,2026-03-31,2026-04-23,2023-03-31,2023-04-21,-0.5138355726167609,-5.0,Pre-release
Fabric & Home volume,2026-03-31,2026-04-23,2023-06-30,2023-07-28,-0.38380425982749156,-2.0,Pre-release
Fabric & Home volume,2026-03-31,2026-04-23,2023-09-30,2023-10-18,1.1893013232362026,0.0,Pre-release
Fabric & Home volume,2026-03-31,2026-04-23,2023-12-31,2024-01-23,2.2255192878338326,1.0,Pre-release
Fabric & Home volume,2026-03-31,2026-04-23,2024-03-31,2024-04-19,1.3726160091641626,1.0,Pre-release
Fabric & Home volume,2026-03-31,2026-04-23,2024-06-30,2024-07-30,2.2805943792830297,3.0,Pre-release
Fabric & Home volume,2026-03-31,2026-04-23,2024-09-30,2024-10-18,2.650199536239972,1.0,Pre-release
Fabric & Home volume,2026-03-31,2026-04-23,2024-12-31,2025-01-22,2.787239714463441,2.0,Pre-release
Fabric & Home volume,2026-03-31,2026-04-23,2025-03-31,2025-04-24,3.749851314380881,0.0,Pre-release
Fabric & Home volume,2026-03-31,2026-04-23,2025-06-30,2025-07-29,3.2332744751814912,0.0,Pre-release
Fabric & Home volume,2026-03-31,2026-04-23,2025-09-30,2025-10-24,2.996723091540132,-2.0,Pre-release
Fabric & Home volume,2026-03-31,2026-04-23,2025-12-31,2026-01-22,2.1478108850594646,0.0,Pre-release
Health Care pricing,2023-06-30,2023-07-27,2021-03-31,2021-04-20,-0.3577033906046245,0.0,Pre-release
Health Care pricing,2023-06-30,2023-07-27,2021-06-30,2021-07-30,-0.2202606487071601,1.0,Pre-release
Health Care pricing,2023-06-30,2023-07-27,2021-09-30,2021-10-19,-0.33137395300817385,1.0,Pre-release
Health Care pricing,2023-06-30,2023-07-27,2021-12-31,2022-01-19,0.031151475618229618,1.0,Pre-release
Health Care pricing,2023-06-30,2023-07-27,2022-03-31,2022-04-20,1.0280001916822323,3.0,Pre-release
Health Care pricing,2023-06-30,2023-07-27,2022-06-30,2022-07-29,2.912272941608496,5.0,Pre-release
Health Care pricing,2023-06-30,2023-07-27,2022-09-30,2022-10-19,5.850277341531052,6.0,Pre-release
Health Care pricing,2023-06-30,2023-07-27,2022-12-31,2023-01-19,7.25603345755208,5.0,Pre-release
Health Care pricing,2023-06-30,2023-07-27,2023-03-31,2023-04-21,6.77239402344838,6.0,Pre-release
Health Care pricing,2023-09-30,2023-10-17,2021-03-31,2021-04-20,-0.3577033906046245,0.0,Pre-release
Health Care pricing,2023-09-30,2023-10-17,2021-06-30,2021-07-30,-0.2202606487071601,1.0,Pre-release
Health Care pricing,2023-09-30,2023-10-17,2021-09-30,2021-10-19,-0.33137395300817385,1.0,Pre-release
Health Care pricing,2023-09-30,2023-10-17,2021-12-31,2022-01-19,0.031151475618229618,1.0,Pre-release
Health Care pricing,2023-09-30,2023-10-17,2022-03-31,2022-04-20,1.0280001916822323,3.0,Pre-release
Health Care pricing,2023-09-30,2023-10-17,2022-06-30,2022-07-29,2.912272941608496,5.0,Pre-release
Health Care pricing,2023-09-30,2023-10-17,2022-09-30,2022-10-19,5.850277341531052,6.0,Pre-release
Health Care pricing,2023-09-30,2023-10-17,2022-12-31,2023-01-19,7.25603345755208,5.0,Pre-release
Health Care pricing,2023-09-30,2023-10-17,2023-03-31,2023-04-21,6.77239402344838,6.0,Pre-release
Health Care pricing,2023-09-30,2023-10-17,2023-06-30,2023-07-28,7.05822723217906,6.0,Pre-release
Health Care pricing,2023-12-31,2024-01-22,2021-03-31,2021-04-20,-0.3577033906046245,0.0,Pre-release
Health Care pricing,2023-12-31,2024-01-22,2021-06-30,2021-07-30,-0.2202606487071601,1.0,Pre-release
Health Care pricing,2023-12-31,2024-01-22,2021-09-30,2021-10-19,-0.33137395300817385,1.0,Pre-release
Health Care pricing,2023-12-31,2024-01-22,2021-12-31,2022-01-19,0.031151475618229618,1.0,Pre-release
Health Care pricing,2023-12-31,2024-01-22,2022-03-31,2022-04-20,1.0280001916822323,3.0,Pre-release
Health Care pricing,2023-12-31,2024-01-22,2022-06-30,2022-07-29,2.912272941608496,5.0,Pre-release
Health Care pricing,2023-12-31,2024-01-22,2022-09-30,2022-10-19,5.850277341531052,6.0,Pre-release
Health Care pricing,2023-12-31,2024-01-22,2022-12-31,2023-01-19,7.25603345755208,5.0,Pre-release
Health Care pricing,2023-12-31,2024-01-22,2023-03-31,2023-04-21,6.77239402344838,6.0,Pre-release
Health Care pricing,2023-12-31,2024-01-22,2023-06-30,2023-07-28,7.05822723217906,6.0,Pre-release
Health Care pricing,2023-12-31,2024-01-22,2023-09-30,2023-10-18,5.4935927157217845,6.0,Pre-release
Health Care pricing,2024-03-31,2024-04-18,2021-03-31,2021-04-20,-0.3577033906046245,0.0,Pre-release
Health Care pricing,2024-03-31,2024-04-18,2021-06-30,2021-07-30,-0.2202606487071601,1.0,Pre-release
Health Care pricing,2024-03-31,2024-04-18,2021-09-30,2021-10-19,-0.33137395300817385,1.0,Pre-release
Health Care pricing,2024-03-31,2024-04-18,2021-12-31,2022-01-19,0.031151475618229618,1.0,Pre-release
Health Care pricing,2024-03-31,2024-04-18,2022-03-31,2022-04-20,1.0280001916822323,3.0,Pre-release
Health Care pricing,2024-03-31,2024-04-18,2022-06-30,2022-07-29,2.912272941608496,5.0,Pre-release
Health Care pricing,2024-03-31,2024-04-18,2022-09-30,2022-10-19,5.850277341531052,6.0,Pre-release
Health Care pricing,2024-03-31,2024-04-18,2022-12-31,2023-01-19,7.25603345755208,5.0,Pre-release
Health Care pricing,2024-03-31,2024-04-18,2023-03-31,2023-04-21,6.77239402344838,6.0,Pre-release
Health Care pricing,2024-03-31,2024-04-18,2023-06-30,2023-07-28,7.05822723217906,6.0,Pre-release
Health Care pricing,2024-03-31,2024-04-18,2023-09-30,2023-10-18,5.4935927157217845,6.0,Pre-release
Health Care pricing,2024-03-31,2024-04-18,2023-12-31,2024-01-23,4.212216519153356,5.0,Pre-release
Health Care pricing,2024-06-30,2024-07-29,2021-03-31,2021-04-20,-0.3577033906046245,0.0,Pre-release
Health Care pricing,2024-06-30,2024-07-29,2021-06-30,2021-07-30,-0.2202606487071601,1.0,Pre-release
Health Care pricing,2024-06-30,2024-07-29,2021-09-30,2021-10-19,-0.33137395300817385,1.0,Pre-release
Health Care pricing,2024-06-30,2024-07-29,2021-12-31,2022-01-19,0.031151475618229618,1.0,Pre-release
Health Care pricing,2024-06-30,2024-07-29,2022-03-31,2022-04-20,1.0280001916822323,3.0,Pre-release
Health Care pricing,2024-06-30,2024-07-29,2022-06-30,2022-07-29,2.912272941608496,5.0,Pre-release
Health Care pricing,2024-06-30,2024-07-29,2022-09-30,2022-10-19,5.850277341531052,6.0,Pre-release
Health Care pricing,2024-06-30,2024-07-29,2022-12-31,2023-01-19,7.25603345755208,5.0,Pre-release
Health Care pricing,2024-06-30,2024-07-29,2023-03-31,2023-04-21,6.77239402344838,6.0,Pre-release
Health Care pricing,2024-06-30,2024-07-29,2023-06-30,2023-07-28,7.05822723217906,6.0,Pre-release
Health Care pricing,2024-06-30,2024-07-29,2023-09-30,2023-10-18,5.4935927157217845,6.0,Pre-release
Health Care pricing,2024-06-30,2024-07-29,2023-12-31,2024-01-23,4.212216519153356,5.0,Pre-release
Health Care pricing,2024-06-30,2024-07-29,2024-03-31,2024-04-19,3.636809635836169,4.0,Pre-release
Health Care pricing,2024-09-30,2024-10-17,2021-03-31,2021-04-20,-0.3577033906046245,0.0,Pre-release
Health Care pricing,2024-09-30,2024-10-17,2021-06-30,2021-07-30,-0.2202606487071601,1.0,Pre-release
Health Care pricing,2024-09-30,2024-10-17,2021-09-30,2021-10-19,-0.33137395300817385,1.0,Pre-release
Health Care pricing,2024-09-30,2024-10-17,2021-12-31,2022-01-19,0.031151475618229618,1.0,Pre-release
Health Care pricing,2024-09-30,2024-10-17,2022-03-31,2022-04-20,1.0280001916822323,3.0,Pre-release
Health Care pricing,2024-09-30,2024-10-17,2022-06-30,2022-07-29,2.912272941608496,5.0,Pre-release
Health Care pricing,2024-09-30,2024-10-17,2022-09-30,2022-10-19,5.850277341531052,6.0,Pre-release
Health Care pricing,2024-09-30,2024-10-17,2022-12-31,2023-01-19,7.25603345755208,5.0,Pre-release
Health Care pricing,2024-09-30,2024-10-17,2023-03-31,2023-04-21,6.77239402344838,6.0,Pre-release
Health Care pricing,2024-09-30,2024-10-17,2023-06-30,2023-07-28,7.05822723217906,6.0,Pre-release
Health Care pricing,2024-09-30,2024-10-17,2023-09-30,2023-10-18,5.4935927157217845,6.0,Pre-release
Health Care pricing,2024-09-30,2024-10-17,2023-12-31,2024-01-23,4.212216519153356,5.0,Pre-release
Health Care pricing,2024-09-30,2024-10-17,2024-03-31,2024-04-19,3.636809635836169,4.0,Pre-release
Health Care pricing,2024-09-30,2024-10-17,2024-06-30,2024-07-30,1.6547550061168037,2.0,Pre-release
Health Care pricing,2024-12-31,2025-01-21,2021-03-31,2021-04-20,-0.3577033906046245,0.0,Pre-release
Health Care pricing,2024-12-31,2025-01-21,2021-06-30,2021-07-30,-0.2202606487071601,1.0,Pre-release
Health Care pricing,2024-12-31,2025-01-21,2021-09-30,2021-10-19,-0.33137395300817385,1.0,Pre-release
Health Care pricing,2024-12-31,2025-01-21,2021-12-31,2022-01-19,0.031151475618229618,1.0,Pre-release
Health Care pricing,2024-12-31,2025-01-21,2022-03-31,2022-04-20,1.0280001916822323,3.0,Pre-release
Health Care pricing,2024-12-31,2025-01-21,2022-06-30,2022-07-29,2.912272941608496,5.0,Pre-release
Health Care pricing,2024-12-31,2025-01-21,2022-09-30,2022-10-19,5.850277341531052,6.0,Pre-release
Health Care pricing,2024-12-31,2025-01-21,2022-12-31,2023-01-19,7.25603345755208,5.0,Pre-release
Health Care pricing,2024-12-31,2025-01-21,2023-03-31,2023-04-21,6.77239402344838,6.0,Pre-release
Health Care pricing,2024-12-31,2025-01-21,2023-06-30,2023-07-28,7.05822723217906,6.0,Pre-release
Health Care pricing,2024-12-31,2025-01-21,2023-09-30,2023-10-18,5.4935927157217845,6.0,Pre-release
Health Care pricing,2024-12-31,2025-01-21,2023-12-31,2024-01-23,4.212216519153356,5.0,Pre-release
Health Care pricing,2024-12-31,2025-01-21,2024-03-31,2024-04-19,3.636809635836169,4.0,Pre-release
Health Care pricing,2024-12-31,2025-01-21,2024-06-30,2024-07-30,1.6547550061168037,2.0,Pre-release
Health Care pricing,2024-12-31,2025-01-21,2024-09-30,2024-10-18,0.373301115227731,1.0,Pre-release
Health Care pricing,2025-03-31,2025-04-23,2021-03-31,2021-04-20,-0.3577033906046245,0.0,Pre-release
Health Care pricing,2025-03-31,2025-04-23,2021-06-30,2021-07-30,-0.2202606487071601,1.0,Pre-release
Health Care pricing,2025-03-31,2025-04-23,2021-09-30,2021-10-19,-0.33137395300817385,1.0,Pre-release
Health Care pricing,2025-03-31,2025-04-23,2021-12-31,2022-01-19,0.031151475618229618,1.0,Pre-release
Health Care pricing,2025-03-31,2025-04-23,2022-03-31,2022-04-20,1.0280001916822323,3.0,Pre-release
Health Care pricing,2025-03-31,2025-04-23,2022-06-30,2022-07-29,2.912272941608496,5.0,Pre-release
Health Care pricing,2025-03-31,2025-04-23,2022-09-30,2022-10-19,5.850277341531052,6.0,Pre-release
Health Care pricing,2025-03-31,2025-04-23,2022-12-31,2023-01-19,7.25603345755208,5.0,Pre-release
Health Care pricing,2025-03-31,2025-04-23,2023-03-31,2023-04-21,6.77239402344838,6.0,Pre-release
Health Care pricing,2025-03-31,2025-04-23,2023-06-30,2023-07-28,7.05822723217906,6.0,Pre-release
Health Care pricing,2025-03-31,2025-04-23,2023-09-30,2023-10-18,5.4935927157217845,6.0,Pre-release
Health Care pricing,2025-03-31,2025-04-23,2023-12-31,2024-01-23,4.212216519153356,5.0,Pre-release
Health Care pricing,2025-03-31,2025-04-23,2024-03-31,2024-04-19,3.636809635836169,4.0,Pre-release
Health Care pricing,2025-03-31,2025-04-23,2024-06-30,2024-07-30,1.6547550061168037,2.0,Pre-release
Health Care pricing,2025-03-31,2025-04-23,2024-09-30,2024-10-18,0.373301115227731,1.0,Pre-release
Health Care pricing,2025-03-31,2025-04-23,2024-12-31,2025-01-22,0.341068456777438,1.0,Pre-release
Health Care pricing,2025-06-30,2025-07-28,2021-03-31,2021-04-20,-0.3577033906046245,0.0,Pre-release
Health Care pricing,2025-06-30,2025-07-28,2021-06-30,2021-07-30,-0.2202606487071601,1.0,Pre-release
Health Care pricing,2025-06-30,2025-07-28,2021-09-30,2021-10-19,-0.33137395300817385,1.0,Pre-release
Health Care pricing,2025-06-30,2025-07-28,2021-12-31,2022-01-19,0.031151475618229618,1.0,Pre-release
Health Care pricing,2025-06-30,2025-07-28,2022-03-31,2022-04-20,1.0280001916822323,3.0,Pre-release
Health Care pricing,2025-06-30,2025-07-28,2022-06-30,2022-07-29,2.912272941608496,5.0,Pre-release
Health Care pricing,2025-06-30,2025-07-28,2022-09-30,2022-10-19,5.850277341531052,6.0,Pre-release
Health Care pricing,2025-06-30,2025-07-28,2022-12-31,2023-01-19,7.25603345755208,5.0,Pre-release
Health Care pricing,2025-06-30,2025-07-28,2023-03-31,2023-04-21,6.77239402344838,6.0,Pre-release
Health Care pricing,2025-06-30,2025-07-28,2023-06-30,2023-07-28,7.05822723217906,6.0,Pre-release
Health Care pricing,2025-06-30,2025-07-28,2023-09-30,2023-10-18,5.4935927157217845,6.0,Pre-release
Health Care pricing,2025-06-30,2025-07-28,2023-12-31,2024-01-23,4.212216519153356,5.0,Pre-release
Health Care pricing,2025-06-30,2025-07-28,2024-03-31,2024-04-19,3.636809635836169,4.0,Pre-release
Health Care pricing,2025-06-30,2025-07-28,2024-06-30,2024-07-30,1.6547550061168037,2.0,Pre-release
Health Care pricing,2025-06-30,2025-07-28,2024-09-30,2024-10-18,0.373301115227731,1.0,Pre-release
Health Care pricing,2025-06-30,2025-07-28,2024-12-31,2025-01-22,0.341068456777438,1.0,Pre-release
Health Care pricing,2025-06-30,2025-07-28,2025-03-31,2025-04-24,0.23594619830289432,1.0,Pre-release
Health Care pricing,2025-09-30,2025-10-23,2021-03-31,2021-04-20,-0.3577033906046245,0.0,Pre-release
Health Care pricing,2025-09-30,2025-10-23,2021-06-30,2021-07-30,-0.2202606487071601,1.0,Pre-release
Health Care pricing,2025-09-30,2025-10-23,2021-09-30,2021-10-19,-0.33137395300817385,1.0,Pre-release
Health Care pricing,2025-09-30,2025-10-23,2021-12-31,2022-01-19,0.031151475618229618,1.0,Pre-release
Health Care pricing,2025-09-30,2025-10-23,2022-03-31,2022-04-20,1.0280001916822323,3.0,Pre-release
Health Care pricing,2025-09-30,2025-10-23,2022-06-30,2022-07-29,2.912272941608496,5.0,Pre-release
Health Care pricing,2025-09-30,2025-10-23,2022-09-30,2022-10-19,5.850277341531052,6.0,Pre-release
Health Care pricing,2025-09-30,2025-10-23,2022-12-31,2023-01-19,7.25603345755208,5.0,Pre-release
Health Care pricing,2025-09-30,2025-10-23,2023-03-31,2023-04-21,6.77239402344838,6.0,Pre-release
Health Care pricing,2025-09-30,2025-10-23,2023-06-30,2023-07-28,7.05822723217906,6.0,Pre-release
Health Care pricing,2025-09-30,2025-10-23,2023-09-30,2023-10-18,5.4935927157217845,6.0,Pre-release
Health Care pricing,2025-09-30,2025-10-23,2023-12-31,2024-01-23,4.212216519153356,5.0,Pre-release
Health Care pricing,2025-09-30,2025-10-23,2024-03-31,2024-04-19,3.636809635836169,4.0,Pre-release
Health Care pricing,2025-09-30,2025-10-23,2024-06-30,2024-07-30,1.6547550061168037,2.0,Pre-release
Health Care pricing,2025-09-30,2025-10-23,2024-09-30,2024-10-18,0.373301115227731,1.0,Pre-release
Health Care pricing,2025-09-30,2025-10-23,2024-12-31,2025-01-22,0.341068456777438,1.0,Pre-release
Health Care pricing,2025-09-30,2025-10-23,2025-03-31,2025-04-24,0.23594619830289432,1.0,Pre-release
Health Care pricing,2025-09-30,2025-10-23,2025-06-30,2025-07-29,0.5057825004843641,1.0,Pre-release
Health Care pricing,2026-03-31,2026-04-23,2021-03-31,2021-04-20,-0.3577033906046245,0.0,Pre-release
Health Care pricing,2026-03-31,2026-04-23,2021-06-30,2021-07-30,-0.2202606487071601,1.0,Pre-release
Health Care pricing,2026-03-31,2026-04-23,2021-09-30,2021-10-19,-0.33137395300817385,1.0,Pre-release
Health Care pricing,2026-03-31,2026-04-23,2021-12-31,2022-01-19,0.031151475618229618,1.0,Pre-release
Health Care pricing,2026-03-31,2026-04-23,2022-03-31,2022-04-20,1.0280001916822323,3.0,Pre-release
Health Care pricing,2026-03-31,2026-04-23,2022-06-30,2022-07-29,2.912272941608496,5.0,Pre-release
Health Care pricing,2026-03-31,2026-04-23,2022-09-30,2022-10-19,5.850277341531052,6.0,Pre-release
Health Care pricing,2026-03-31,2026-04-23,2022-12-31,2023-01-19,7.25603345755208,5.0,Pre-release
Health Care pricing,2026-03-31,2026-04-23,2023-03-31,2023-04-21,6.77239402344838,6.0,Pre-release
Health Care pricing,2026-03-31,2026-04-23,2023-06-30,2023-07-28,7.05822723217906,6.0,Pre-release
Health Care pricing,2026-03-31,2026-04-23,2023-09-30,2023-10-18,5.4935927157217845,6.0,Pre-release
Health Care pricing,2026-03-31,2026-04-23,2023-12-31,2024-01-23,4.212216519153356,5.0,Pre-release
Health Care pricing,2026-03-31,2026-04-23,2024-03-31,2024-04-19,3.636809635836169,4.0,Pre-release
Health Care pricing,2026-03-31,2026-04-23,2024-06-30,2024-07-30,1.6547550061168037,2.0,Pre-release
Health Care pricing,2026-03-31,2026-04-23,2024-09-30,2024-10-18,0.373301115227731,1.0,Pre-release
Health Care pricing,2026-03-31,2026-04-23,2024-12-31,2025-01-22,0.341068456777438,1.0,Pre-release
Health Care pricing,2026-03-31,2026-04-23,2025-03-31,2025-04-24,0.23594619830289432,1.0,Pre-release
Health Care pricing,2026-03-31,2026-04-23,2025-06-30,2025-07-29,0.5057825004843641,1.0,Pre-release
Health Care pricing,2026-03-31,2026-04-23,2025-09-30,2025-10-24,1.0082264270475205,1.0,Pre-release
